2024-08-03T10:11:40.355+0700 [DEBUG] [org.gradle.launcher.daemon.bootstrap.DaemonMain] Assuming the daemon was started with following jvm opts: [--add-opens=java.base/java.util=ALL-UNNAMED, --add-opens=java.base/java.lang=ALL-UNNAMED, --add-opens=java.base/java.lang.invoke=ALL-UNNAMED, --add-opens=java.prefs/java.util.prefs=ALL-UNNAMED, --add-opens=java.base/java.nio.charset=ALL-UNNAMED, --add-opens=java.base/java.net=ALL-UNNAMED, --add-opens=java.base/java.util.concurrent.atomic=ALL-UNNAMED, -Xmx2048m, -Dfile.encoding=UTF-8, -Duser.country=ID, -Duser.language=id, -Duser.variant]
2024-08-03T10:11:40.485+0700 [DEBUG] [org.gradle.internal.nativeintegration.services.NativeServices] Native-platform posix files integration is not available. Continuing with fallback.
2024-08-03T10:11:40.494+0700 [INFO] [org.gradle.launcher.daemon.server.Daemon] start() called on daemon - DefaultDaemonContext[uid=aecb2678-d32b-4608-971c-930d5e2b5eae,javaHome=C:\Program Files\Java\jdk-17.0.2,daemonRegistryDir=D:\AndroidStudioProjects\CoordinateProject\gradle\daemon,pid=4916,idleTimeout=10800000,priority=NORMAL,daemonOpts=--add-opens=java.base/java.util=ALL-UNNAMED,--add-opens=java.base/java.lang=ALL-UNNAMED,--add-opens=java.base/java.lang.invoke=ALL-UNNAMED,--add-opens=java.prefs/java.util.prefs=ALL-UNNAMED,--add-opens=java.base/java.nio.charset=ALL-UNNAMED,--add-opens=java.base/java.net=ALL-UNNAMED,--add-opens=java.base/java.util.concurrent.atomic=ALL-UNNAMED,-Xmx2048m,-Dfile.encoding=UTF-8,-Duser.country=ID,-Duser.language=id,-Duser.variant]
2024-08-03T10:11:40.597+0700 [DEBUG] [org.gradle.internal.remote.internal.inet.InetAddresses] Adding IP addresses for network interface Software Loopback Interface 1
2024-08-03T10:11:40.599+0700 [DEBUG] [org.gradle.internal.remote.internal.inet.InetAddresses] Is this a loopback interface? true
2024-08-03T10:11:40.599+0700 [DEBUG] [org.gradle.internal.remote.internal.inet.InetAddresses] Adding loopback address /127.0.0.1
2024-08-03T10:11:40.599+0700 [DEBUG] [org.gradle.internal.remote.internal.inet.InetAddresses] Adding loopback address /0:0:0:0:0:0:0:1
2024-08-03T10:11:40.600+0700 [DEBUG] [org.gradle.internal.remote.internal.inet.InetAddresses] Adding IP addresses for network interface Microsoft Wi-Fi Direct Virtual Adapter-WFP Native MAC Layer LightWeight Filter-0000
2024-08-03T10:11:40.602+0700 [DEBUG] [org.gradle.internal.remote.internal.inet.InetAddresses] Is this a loopback interface? false
2024-08-03T10:11:40.602+0700 [DEBUG] [org.gradle.internal.remote.internal.inet.InetAddresses] Adding IP addresses for network interface WAN Miniport (IPv6)
2024-08-03T10:11:40.604+0700 [DEBUG] [org.gradle.internal.remote.internal.inet.InetAddresses] Is this a loopback interface? false
2024-08-03T10:11:40.604+0700 [DEBUG] [org.gradle.internal.remote.internal.inet.InetAddresses] Adding IP addresses for network interface Microsoft Kernel Debug Network Adapter
2024-08-03T10:11:40.606+0700 [DEBUG] [org.gradle.internal.remote.internal.inet.InetAddresses] Is this a loopback interface? false
2024-08-03T10:11:40.606+0700 [DEBUG] [org.gradle.internal.remote.internal.inet.InetAddresses] Adding IP addresses for network interface Microsoft 6to4 Adapter
2024-08-03T10:11:40.608+0700 [DEBUG] [org.gradle.internal.remote.internal.inet.InetAddresses] Is this a loopback interface? false
2024-08-03T10:11:40.608+0700 [DEBUG] [org.gradle.internal.remote.internal.inet.InetAddresses] Adding IP addresses for network interface MediaTek Wi-Fi 6 MT7921 Wireless LAN Card
2024-08-03T10:11:40.610+0700 [DEBUG] [org.gradle.internal.remote.internal.inet.InetAddresses] Is this a loopback interface? false
2024-08-03T10:11:40.611+0700 [DEBUG] [org.gradle.internal.remote.internal.inet.InetAddresses] Adding remote address /2400:9800:111:1f1:b9e8:129c:44de:742d
2024-08-03T10:11:40.611+0700 [DEBUG] [org.gradle.internal.remote.internal.inet.InetAddresses] Adding remote address /2400:9800:111:1f1:f441:c24a:73d0:ed9
2024-08-03T10:11:40.611+0700 [DEBUG] [org.gradle.internal.remote.internal.inet.InetAddresses] Adding remote address /fe80:0:0:0:18e4:6607:5980:651a%wlan1
2024-08-03T10:11:40.611+0700 [DEBUG] [org.gradle.internal.remote.internal.inet.InetAddresses] Adding IP addresses for network interface WAN Miniport (IP)
2024-08-03T10:11:40.613+0700 [DEBUG] [org.gradle.internal.remote.internal.inet.InetAddresses] Is this a loopback interface? false
2024-08-03T10:11:40.614+0700 [DEBUG] [org.gradle.internal.remote.internal.inet.InetAddresses] Adding IP addresses for network interface WAN Miniport (IKEv2)
2024-08-03T10:11:40.615+0700 [DEBUG] [org.gradle.internal.remote.internal.inet.InetAddresses] Is this a loopback interface? false
2024-08-03T10:11:40.616+0700 [DEBUG] [org.gradle.internal.remote.internal.inet.InetAddresses] Adding IP addresses for network interface Microsoft IP-HTTPS Platform Adapter
2024-08-03T10:11:40.617+0700 [DEBUG] [org.gradle.internal.remote.internal.inet.InetAddresses] Is this a loopback interface? false
2024-08-03T10:11:40.617+0700 [DEBUG] [org.gradle.internal.remote.internal.inet.InetAddresses] Adding IP addresses for network interface VirtualBox Host-Only Ethernet Adapter
2024-08-03T10:11:40.619+0700 [DEBUG] [org.gradle.internal.remote.internal.inet.InetAddresses] Is this a loopback interface? false
2024-08-03T10:11:40.619+0700 [DEBUG] [org.gradle.internal.remote.internal.inet.InetAddresses] Adding IP addresses for network interface VirtualBox Host-Only Ethernet Adapter
2024-08-03T10:11:40.621+0700 [DEBUG] [org.gradle.internal.remote.internal.inet.InetAddresses] Is this a loopback interface? false
2024-08-03T10:11:40.621+0700 [DEBUG] [org.gradle.internal.remote.internal.inet.InetAddresses] Adding remote address /192.168.56.1
2024-08-03T10:11:40.621+0700 [DEBUG] [org.gradle.internal.remote.internal.inet.InetAddresses] Adding remote address /fe80:0:0:0:7df7:f292:35cf:b7cb%eth4
2024-08-03T10:11:40.621+0700 [DEBUG] [org.gradle.internal.remote.internal.inet.InetAddresses] Adding IP addresses for network interface WAN Miniport (SSTP)
2024-08-03T10:11:40.623+0700 [DEBUG] [org.gradle.internal.remote.internal.inet.InetAddresses] Is this a loopback interface? false
2024-08-03T10:11:40.623+0700 [DEBUG] [org.gradle.internal.remote.internal.inet.InetAddresses] Adding IP addresses for network interface Microsoft Wi-Fi Direct Virtual Adapter #2
2024-08-03T10:11:40.625+0700 [DEBUG] [org.gradle.internal.remote.internal.inet.InetAddresses] Is this a loopback interface? false
2024-08-03T10:11:40.625+0700 [DEBUG] [org.gradle.internal.remote.internal.inet.InetAddresses] Adding remote address /fe80:0:0:0:b1ab:e131:cf3a:b39%wlan2
2024-08-03T10:11:40.625+0700 [DEBUG] [org.gradle.internal.remote.internal.inet.InetAddresses] Adding IP addresses for network interface RAS Async Adapter
2024-08-03T10:11:40.627+0700 [DEBUG] [org.gradle.internal.remote.internal.inet.InetAddresses] Is this a loopback interface? false
2024-08-03T10:11:40.627+0700 [DEBUG] [org.gradle.internal.remote.internal.inet.InetAddresses] Adding IP addresses for network interface PANGP Virtual Ethernet Adapter
2024-08-03T10:11:40.629+0700 [DEBUG] [org.gradle.internal.remote.internal.inet.InetAddresses] Is this a loopback interface? false
2024-08-03T10:11:40.629+0700 [DEBUG] [org.gradle.internal.remote.internal.inet.InetAddresses] Adding IP addresses for network interface Microsoft Teredo Tunneling Adapter
2024-08-03T10:11:40.631+0700 [DEBUG] [org.gradle.internal.remote.internal.inet.InetAddresses] Is this a loopback interface? false
2024-08-03T10:11:40.631+0700 [DEBUG] [org.gradle.internal.remote.internal.inet.InetAddresses] Adding IP addresses for network interface WAN Miniport (Network Monitor)
2024-08-03T10:11:40.632+0700 [DEBUG] [org.gradle.internal.remote.internal.inet.InetAddresses] Is this a loopback interface? false
2024-08-03T10:11:40.632+0700 [DEBUG] [org.gradle.internal.remote.internal.inet.InetAddresses] Adding IP addresses for network interface Microsoft Wi-Fi Direct Virtual Adapter
2024-08-03T10:11:40.634+0700 [DEBUG] [org.gradle.internal.remote.internal.inet.InetAddresses] Is this a loopback interface? false
2024-08-03T10:11:40.634+0700 [DEBUG] [org.gradle.internal.remote.internal.inet.InetAddresses] Adding remote address /fe80:0:0:0:3807:ebb6:8004:3105%wlan3
2024-08-03T10:11:40.634+0700 [DEBUG] [org.gradle.internal.remote.internal.inet.InetAddresses] Adding IP addresses for network interface WAN Miniport (PPTP)
2024-08-03T10:11:40.636+0700 [DEBUG] [org.gradle.internal.remote.internal.inet.InetAddresses] Is this a loopback interface? false
2024-08-03T10:11:40.636+0700 [DEBUG] [org.gradle.internal.remote.internal.inet.InetAddresses] Adding IP addresses for network interface WAN Miniport (L2TP)
2024-08-03T10:11:40.638+0700 [DEBUG] [org.gradle.internal.remote.internal.inet.InetAddresses] Is this a loopback interface? false
2024-08-03T10:11:40.638+0700 [DEBUG] [org.gradle.internal.remote.internal.inet.InetAddresses] Adding IP addresses for network interface Realtek PCIe GbE Family Controller
2024-08-03T10:11:40.640+0700 [DEBUG] [org.gradle.internal.remote.internal.inet.InetAddresses] Is this a loopback interface? false
2024-08-03T10:11:40.640+0700 [DEBUG] [org.gradle.internal.remote.internal.inet.InetAddresses] Adding remote address /192.168.1.4
2024-08-03T10:11:40.640+0700 [DEBUG] [org.gradle.internal.remote.internal.inet.InetAddresses] Adding remote address /fe80:0:0:0:cdbc:49c5:76bf:be05%eth7
2024-08-03T10:11:40.640+0700 [DEBUG] [org.gradle.internal.remote.internal.inet.InetAddresses] Adding IP addresses for network interface WAN Miniport (PPPOE)
2024-08-03T10:11:40.642+0700 [DEBUG] [org.gradle.internal.remote.internal.inet.InetAddresses] Is this a loopback interface? false
2024-08-03T10:11:40.642+0700 [DEBUG] [org.gradle.internal.remote.internal.inet.InetAddresses] Adding IP addresses for network interface VirtualBox Host-Only Ethernet Adapter-WFP Native MAC Layer LightWeight Filter-0000
2024-08-03T10:11:40.643+0700 [DEBUG] [org.gradle.internal.remote.internal.inet.InetAddresses] Is this a loopback interface? false
2024-08-03T10:11:40.644+0700 [DEBUG] [org.gradle.internal.remote.internal.inet.InetAddresses] Adding IP addresses for network interface Realtek PCIe GbE Family Controller-WFP Native MAC Layer LightWeight Filter-0000
2024-08-03T10:11:40.646+0700 [DEBUG] [org.gradle.internal.remote.internal.inet.InetAddresses] Is this a loopback interface? false
2024-08-03T10:11:40.646+0700 [DEBUG] [org.gradle.internal.remote.internal.inet.InetAddresses] Adding IP addresses for network interface MediaTek Wi-Fi 6 MT7921 Wireless LAN Card-WFP Native MAC Layer LightWeight Filter-0000
2024-08-03T10:11:40.647+0700 [DEBUG] [org.gradle.internal.remote.internal.inet.InetAddresses] Is this a loopback interface? false
2024-08-03T10:11:40.648+0700 [DEBUG] [org.gradle.internal.remote.internal.inet.InetAddresses] Adding IP addresses for network interface WAN Miniport (IP)-WFP Native MAC Layer LightWeight Filter-0000
2024-08-03T10:11:40.649+0700 [DEBUG] [org.gradle.internal.remote.internal.inet.InetAddresses] Is this a loopback interface? false
2024-08-03T10:11:40.649+0700 [DEBUG] [org.gradle.internal.remote.internal.inet.InetAddresses] Adding IP addresses for network interface WAN Miniport (IPv6)-WFP Native MAC Layer LightWeight Filter-0000
2024-08-03T10:11:40.651+0700 [DEBUG] [org.gradle.internal.remote.internal.inet.InetAddresses] Is this a loopback interface? false
2024-08-03T10:11:40.651+0700 [DEBUG] [org.gradle.internal.remote.internal.inet.InetAddresses] Adding IP addresses for network interface WAN Miniport (Network Monitor)-WFP Native MAC Layer LightWeight Filter-0000
2024-08-03T10:11:40.653+0700 [DEBUG] [org.gradle.internal.remote.internal.inet.InetAddresses] Is this a loopback interface? false
2024-08-03T10:11:40.653+0700 [DEBUG] [org.gradle.internal.remote.internal.inet.InetAddresses] Adding IP addresses for network interface VirtualBox Host-Only Ethernet Adapter-QoS Packet Scheduler-0000
2024-08-03T10:11:40.655+0700 [DEBUG] [org.gradle.internal.remote.internal.inet.InetAddresses] Is this a loopback interface? false
2024-08-03T10:11:40.655+0700 [DEBUG] [org.gradle.internal.remote.internal.inet.InetAddresses] Adding IP addresses for network interface VirtualBox Host-Only Ethernet Adapter-WFP 802.3 MAC Layer LightWeight Filter-0000
2024-08-03T10:11:40.657+0700 [DEBUG] [org.gradle.internal.remote.internal.inet.InetAddresses] Is this a loopback interface? false
2024-08-03T10:11:40.657+0700 [DEBUG] [org.gradle.internal.remote.internal.inet.InetAddresses] Adding IP addresses for network interface Realtek PCIe GbE Family Controller-VirtualBox NDIS Light-Weight Filter-0000
2024-08-03T10:11:40.659+0700 [DEBUG] [org.gradle.internal.remote.internal.inet.InetAddresses] Is this a loopback interface? false
2024-08-03T10:11:40.659+0700 [DEBUG] [org.gradle.internal.remote.internal.inet.InetAddresses] Adding IP addresses for network interface Realtek PCIe GbE Family Controller-QoS Packet Scheduler-0000
2024-08-03T10:11:40.660+0700 [DEBUG] [org.gradle.internal.remote.internal.inet.InetAddresses] Is this a loopback interface? false
2024-08-03T10:11:40.661+0700 [DEBUG] [org.gradle.internal.remote.internal.inet.InetAddresses] Adding IP addresses for network interface Realtek PCIe GbE Family Controller-WFP 802.3 MAC Layer LightWeight Filter-0000
2024-08-03T10:11:40.662+0700 [DEBUG] [org.gradle.internal.remote.internal.inet.InetAddresses] Is this a loopback interface? false
2024-08-03T10:11:40.662+0700 [DEBUG] [org.gradle.internal.remote.internal.inet.InetAddresses] Adding IP addresses for network interface MediaTek Wi-Fi 6 MT7921 Wireless LAN Card-Virtual WiFi Filter Driver-0000
2024-08-03T10:11:40.664+0700 [DEBUG] [org.gradle.internal.remote.internal.inet.InetAddresses] Is this a loopback interface? false
2024-08-03T10:11:40.664+0700 [DEBUG] [org.gradle.internal.remote.internal.inet.InetAddresses] Adding IP addresses for network interface MediaTek Wi-Fi 6 MT7921 Wireless LAN Card-Native WiFi Filter Driver-0000
2024-08-03T10:11:40.666+0700 [DEBUG] [org.gradle.internal.remote.internal.inet.InetAddresses] Is this a loopback interface? false
2024-08-03T10:11:40.666+0700 [DEBUG] [org.gradle.internal.remote.internal.inet.InetAddresses] Adding IP addresses for network interface MediaTek Wi-Fi 6 MT7921 Wireless LAN Card-VirtualBox NDIS Light-Weight Filter-0000
2024-08-03T10:11:40.668+0700 [DEBUG] [org.gradle.internal.remote.internal.inet.InetAddresses] Is this a loopback interface? false
2024-08-03T10:11:40.668+0700 [DEBUG] [org.gradle.internal.remote.internal.inet.InetAddresses] Adding IP addresses for network interface MediaTek Wi-Fi 6 MT7921 Wireless LAN Card-QoS Packet Scheduler-0000
2024-08-03T10:11:40.669+0700 [DEBUG] [org.gradle.internal.remote.internal.inet.InetAddresses] Is this a loopback interface? false
2024-08-03T10:11:40.669+0700 [DEBUG] [org.gradle.internal.remote.internal.inet.InetAddresses] Adding IP addresses for network interface MediaTek Wi-Fi 6 MT7921 Wireless LAN Card-WFP 802.3 MAC Layer LightWeight Filter-0000
2024-08-03T10:11:40.671+0700 [DEBUG] [org.gradle.internal.remote.internal.inet.InetAddresses] Is this a loopback interface? false
2024-08-03T10:11:40.671+0700 [DEBUG] [org.gradle.internal.remote.internal.inet.InetAddresses] Adding IP addresses for network interface Microsoft Wi-Fi Direct Virtual Adapter-Native WiFi Filter Driver-0000
2024-08-03T10:11:40.673+0700 [DEBUG] [org.gradle.internal.remote.internal.inet.InetAddresses] Is this a loopback interface? false
2024-08-03T10:11:40.673+0700 [DEBUG] [org.gradle.internal.remote.internal.inet.InetAddresses] Adding IP addresses for network interface WAN Miniport (IP)-QoS Packet Scheduler-0000
2024-08-03T10:11:40.675+0700 [DEBUG] [org.gradle.internal.remote.internal.inet.InetAddresses] Is this a loopback interface? false
2024-08-03T10:11:40.675+0700 [DEBUG] [org.gradle.internal.remote.internal.inet.InetAddresses] Adding IP addresses for network interface WAN Miniport (IPv6)-QoS Packet Scheduler-0000
2024-08-03T10:11:40.676+0700 [DEBUG] [org.gradle.internal.remote.internal.inet.InetAddresses] Is this a loopback interface? false
2024-08-03T10:11:40.676+0700 [DEBUG] [org.gradle.internal.remote.internal.inet.InetAddresses] Adding IP addresses for network interface WAN Miniport (Network Monitor)-QoS Packet Scheduler-0000
2024-08-03T10:11:40.678+0700 [DEBUG] [org.gradle.internal.remote.internal.inet.InetAddresses] Is this a loopback interface? false
2024-08-03T10:11:40.678+0700 [DEBUG] [org.gradle.internal.remote.internal.inet.InetAddresses] Adding IP addresses for network interface Microsoft Wi-Fi Direct Virtual Adapter-VirtualBox NDIS Light-Weight Filter-0000
2024-08-03T10:11:40.680+0700 [DEBUG] [org.gradle.internal.remote.internal.inet.InetAddresses] Is this a loopback interface? false
2024-08-03T10:11:40.680+0700 [DEBUG] [org.gradle.internal.remote.internal.inet.InetAddresses] Adding IP addresses for network interface Microsoft Wi-Fi Direct Virtual Adapter-QoS Packet Scheduler-0000
2024-08-03T10:11:40.682+0700 [DEBUG] [org.gradle.internal.remote.internal.inet.InetAddresses] Is this a loopback interface? false
2024-08-03T10:11:40.682+0700 [DEBUG] [org.gradle.internal.remote.internal.inet.InetAddresses] Adding IP addresses for network interface Microsoft Wi-Fi Direct Virtual Adapter-WFP 802.3 MAC Layer LightWeight Filter-0000
2024-08-03T10:11:40.683+0700 [DEBUG] [org.gradle.internal.remote.internal.inet.InetAddresses] Is this a loopback interface? false
2024-08-03T10:11:40.683+0700 [DEBUG] [org.gradle.internal.remote.internal.inet.InetAddresses] Adding IP addresses for network interface Microsoft Wi-Fi Direct Virtual Adapter #2-WFP Native MAC Layer LightWeight Filter-0000
2024-08-03T10:11:40.685+0700 [DEBUG] [org.gradle.internal.remote.internal.inet.InetAddresses] Is this a loopback interface? false
2024-08-03T10:11:40.685+0700 [DEBUG] [org.gradle.internal.remote.internal.inet.InetAddresses] Adding IP addresses for network interface Microsoft Wi-Fi Direct Virtual Adapter #2-Native WiFi Filter Driver-0000
2024-08-03T10:11:40.687+0700 [DEBUG] [org.gradle.internal.remote.internal.inet.InetAddresses] Is this a loopback interface? false
2024-08-03T10:11:40.687+0700 [DEBUG] [org.gradle.internal.remote.internal.inet.InetAddresses] Adding IP addresses for network interface Microsoft Wi-Fi Direct Virtual Adapter #2-VirtualBox NDIS Light-Weight Filter-0000
2024-08-03T10:11:40.689+0700 [DEBUG] [org.gradle.internal.remote.internal.inet.InetAddresses] Is this a loopback interface? false
2024-08-03T10:11:40.689+0700 [DEBUG] [org.gradle.internal.remote.internal.inet.InetAddresses] Adding IP addresses for network interface Microsoft Wi-Fi Direct Virtual Adapter #2-QoS Packet Scheduler-0000
2024-08-03T10:11:40.691+0700 [DEBUG] [org.gradle.internal.remote.internal.inet.InetAddresses] Is this a loopback interface? false
2024-08-03T10:11:40.691+0700 [DEBUG] [org.gradle.internal.remote.internal.inet.InetAddresses] Adding IP addresses for network interface Microsoft Wi-Fi Direct Virtual Adapter #2-WFP 802.3 MAC Layer LightWeight Filter-0000
2024-08-03T10:11:40.692+0700 [DEBUG] [org.gradle.internal.remote.internal.inet.InetAddresses] Is this a loopback interface? false
2024-08-03T10:11:40.699+0700 [DEBUG] [org.gradle.internal.remote.internal.inet.TcpIncomingConnector] Listening on [8e0f3d2d-c7a8-4808-8ed0-f804c7f69ded port:50825, addresses:[localhost/127.0.0.1]].
2024-08-03T10:11:40.706+0700 [DEBUG] [org.gradle.launcher.daemon.server.Daemon] Daemon starting at: Sat Aug 03 10:11:40 WIB 2024, with address: [8e0f3d2d-c7a8-4808-8ed0-f804c7f69ded port:50825, addresses:[localhost/127.0.0.1]]
2024-08-03T10:11:40.707+0700 [INFO] [org.gradle.launcher.daemon.server.DaemonRegistryUpdater] Advertising the daemon address to the clients: [8e0f3d2d-c7a8-4808-8ed0-f804c7f69ded port:50825, addresses:[localhost/127.0.0.1]]
2024-08-03T10:11:40.707+0700 [DEBUG] [org.gradle.launcher.daemon.server.DaemonRegistryUpdater] Advertised daemon context: DefaultDaemonContext[uid=aecb2678-d32b-4608-971c-930d5e2b5eae,javaHome=C:\Program Files\Java\jdk-17.0.2,daemonRegistryDir=D:\AndroidStudioProjects\CoordinateProject\gradle\daemon,pid=4916,idleTimeout=10800000,priority=NORMAL,daemonOpts=--add-opens=java.base/java.util=ALL-UNNAMED,--add-opens=java.base/java.lang=ALL-UNNAMED,--add-opens=java.base/java.lang.invoke=ALL-UNNAMED,--add-opens=java.prefs/java.util.prefs=ALL-UNNAMED,--add-opens=java.base/java.nio.charset=ALL-UNNAMED,--add-opens=java.base/java.net=ALL-UNNAMED,--add-opens=java.base/java.util.concurrent.atomic=ALL-UNNAMED,-Xmx2048m,-Dfile.encoding=UTF-8,-Duser.country=ID,-Duser.language=id,-Duser.variant]
2024-08-03T10:11:40.707+0700 [DEBUG] [org.gradle.launcher.daemon.registry.PersistentDaemonRegistry] Storing daemon address: [8e0f3d2d-c7a8-4808-8ed0-f804c7f69ded port:50825, addresses:[localhost/127.0.0.1]], context: DefaultDaemonContext[uid=aecb2678-d32b-4608-971c-930d5e2b5eae,javaHome=C:\Program Files\Java\jdk-17.0.2,daemonRegistryDir=D:\AndroidStudioProjects\CoordinateProject\gradle\daemon,pid=4916,idleTimeout=10800000,priority=NORMAL,daemonOpts=--add-opens=java.base/java.util=ALL-UNNAMED,--add-opens=java.base/java.lang=ALL-UNNAMED,--add-opens=java.base/java.lang.invoke=ALL-UNNAMED,--add-opens=java.prefs/java.util.prefs=ALL-UNNAMED,--add-opens=java.base/java.nio.charset=ALL-UNNAMED,--add-opens=java.base/java.net=ALL-UNNAMED,--add-opens=java.base/java.util.concurrent.atomic=ALL-UNNAMED,-Xmx2048m,-Dfile.encoding=UTF-8,-Duser.country=ID,-Duser.language=id,-Duser.variant]
2024-08-03T10:11:40.719+0700 [DEBUG] [org.gradle.cache.internal.DefaultFileLockManager] Waiting to acquire exclusive lock on daemon addresses registry.
2024-08-03T10:11:40.723+0700 [DEBUG] [org.gradle.cache.internal.DefaultFileLockManager] Lock acquired on daemon addresses registry.
2024-08-03T10:11:40.727+0700 [DEBUG] [org.gradle.cache.internal.DefaultFileLockManager] Releasing lock on daemon addresses registry.
2024-08-03T10:11:40.727+0700 [LIFECYCLE] [org.gradle.launcher.daemon.server.Daemon] Daemon server started.
2024-08-03T10:11:40.728+0700 [DEBUG] [org.gradle.launcher.daemon.bootstrap.DaemonStartupCommunication] Completed writing the daemon greeting. Closing streams...
2024-08-03T10:11:40.732+0700 [DEBUG] [org.gradle.launcher.daemon.server.Daemon] stopOnExpiration() called on daemon
2024-08-03T10:11:40.733+0700 [DEBUG] [org.gradle.launcher.daemon.server.Daemon] awaitExpiration() called on daemon
2024-08-03T10:11:40.733+0700 [DEBUG] [org.gradle.launcher.daemon.server.DaemonStateCoordinator] daemon is running. Sleeping until state changes.
2024-08-03T10:11:40.747+0700 [DEBUG] [org.gradle.internal.remote.internal.inet.TcpIncomingConnector] Accepted connection from /127.0.0.1:50826 to /127.0.0.1:50825.
2024-08-03T10:11:40.806+0700 [DEBUG] [org.gradle.launcher.daemon.server.SynchronizedDispatchConnection] thread 22: received class org.gradle.launcher.daemon.protocol.Build
2024-08-03T10:11:40.807+0700 [DEBUG] [org.gradle.launcher.daemon.server.DefaultDaemonConnection] thread 22: Received non-IO message from client: Build{id=a10297d1-3fdf-4b27-945d-4a9a6d5e498e, currentDir=D:\AndroidStudioProjects\CoordinateProject}
2024-08-03T10:11:40.807+0700 [INFO] [org.gradle.launcher.daemon.server.DefaultIncomingConnectionHandler] Received command: Build{id=a10297d1-3fdf-4b27-945d-4a9a6d5e498e, currentDir=D:\AndroidStudioProjects\CoordinateProject}.
2024-08-03T10:11:40.807+0700 [DEBUG] [org.gradle.launcher.daemon.server.DefaultIncomingConnectionHandler] Starting executing command: Build{id=a10297d1-3fdf-4b27-945d-4a9a6d5e498e, currentDir=D:\AndroidStudioProjects\CoordinateProject} with connection: socket connection from /127.0.0.1:50825 to /127.0.0.1:50826.
2024-08-03T10:11:40.809+0700 [DEBUG] [org.gradle.launcher.daemon.server.DaemonStateCoordinator] Command execution: started DaemonCommandExecution[command = Build{id=a10297d1-3fdf-4b27-945d-4a9a6d5e498e, currentDir=D:\AndroidStudioProjects\CoordinateProject}, connection = DefaultDaemonConnection: socket connection from /127.0.0.1:50825 to /127.0.0.1:50826] after 0.0 minutes of idle
2024-08-03T10:11:40.809+0700 [INFO] [org.gradle.launcher.daemon.server.DaemonRegistryUpdater] Marking the daemon as busy, address: [8e0f3d2d-c7a8-4808-8ed0-f804c7f69ded port:50825, addresses:[localhost/127.0.0.1]]
2024-08-03T10:11:40.809+0700 [DEBUG] [org.gradle.launcher.daemon.registry.PersistentDaemonRegistry] Marking busy by address: [8e0f3d2d-c7a8-4808-8ed0-f804c7f69ded port:50825, addresses:[localhost/127.0.0.1]]
2024-08-03T10:11:40.810+0700 [DEBUG] [org.gradle.cache.internal.DefaultFileLockManager] Waiting to acquire exclusive lock on daemon addresses registry.
2024-08-03T10:11:40.810+0700 [DEBUG] [org.gradle.cache.internal.DefaultFileLockManager] Lock acquired on daemon addresses registry.
2024-08-03T10:11:40.811+0700 [DEBUG] [org.gradle.cache.internal.DefaultFileLockManager] Releasing lock on daemon addresses registry.
2024-08-03T10:11:40.812+0700 [DEBUG] [org.gradle.launcher.daemon.server.DaemonStateCoordinator] resetting idle timer
2024-08-03T10:11:40.812+0700 [DEBUG] [org.gradle.launcher.daemon.server.DaemonStateCoordinator] daemon is running. Sleeping until state changes.
2024-08-03T10:11:40.812+0700 [INFO] [org.gradle.launcher.daemon.server.exec.StartBuildOrRespondWithBusy] Daemon is about to start building Build{id=a10297d1-3fdf-4b27-945d-4a9a6d5e498e, currentDir=D:\AndroidStudioProjects\CoordinateProject}. Dispatching build started information...
2024-08-03T10:11:40.812+0700 [DEBUG] [org.gradle.launcher.daemon.server.SynchronizedDispatchConnection] thread 24: dispatching org.gradle.launcher.daemon.protocol.BuildStarted@f7ce20a
2024-08-03T10:11:40.814+0700 [DEBUG] [org.gradle.launcher.daemon.server.exec.EstablishBuildEnvironment] Configuring env variables: [USERDOMAIN_ROAMINGPROFILE, PROCESSOR_LEVEL, SESSIONNAME, ALLUSERSPROFILE, PROCESSOR_ARCHITECTURE, PSModulePath, SystemDrive, PT8HOME, ACSvcPort, USERNAME, ProgramFiles(x86), FPS_BROWSER_USER_PROFILE_STRING, PATHEXT, DART_SDK, DriverData, ProgramData, ProgramW6432, HOMEPATH, PROCESSOR_IDENTIFIER, ProgramFiles, PUBLIC, windir, =::, LOCALAPPDATA, EFC_44332, ChocolateyLastPathUpdate, USERDOMAIN, LOGONSERVER, FPS_BROWSER_APP_PROFILE_STRING, RlsSvcPort, OneDrive, APPDATA, VBOX_HWVIRTEX_IGNORE_SVM_IN_USE, ChocolateyInstall, ChocolateyToolsLocation, VBOX_MSI_INSTALL_PATH, CommonProgramFiles, Path, OS, COMPUTERNAME, EnableLog, PROCESSOR_REVISION, CommonProgramW6432, ComSpec, TEMP, SystemRoot, HOMEDRIVE, USERPROFILE, TMP, CommonProgramFiles(x86), NUMBER_OF_PROCESSORS, IDEA_INITIAL_DIRECTORY]
2024-08-03T10:11:40.815+0700 [DEBUG] [org.gradle.launcher.daemon.server.SynchronizedDispatchConnection] thread 22: received class org.gradle.launcher.daemon.protocol.CloseInput
2024-08-03T10:11:40.815+0700 [DEBUG] [org.gradle.launcher.daemon.server.DefaultDaemonConnection] thread 22: Received IO message from client: org.gradle.launcher.daemon.protocol.CloseInput@66eef7d3
2024-08-03T10:11:40.819+0700 [DEBUG] [org.gradle.launcher.daemon.server.exec.LogToClient] About to start relaying all logs to the client via the connection.
2024-08-03T10:11:40.819+0700 [INFO] [org.gradle.launcher.daemon.server.exec.LogToClient] The client will now receive all logging from the daemon (pid: 4916). The daemon log file: D:\AndroidStudioProjects\CoordinateProject\gradle\daemon\8.0.2\daemon-4916.out.log
2024-08-03T10:11:40.820+0700 [INFO] [org.gradle.launcher.daemon.server.exec.LogAndCheckHealth] Starting build in new daemon [memory: 2 GiB]
2024-08-03T10:11:40.821+0700 [INFO] [org.gradle.launcher.daemon.server.exec.ForwardClientInput] Closing daemon's stdin at end of input.
2024-08-03T10:11:40.821+0700 [INFO] [org.gradle.launcher.daemon.server.exec.ForwardClientInput] The daemon will no longer process any standard input.
2024-08-03T10:11:40.825+0700 [DEBUG] [org.gradle.launcher.daemon.server.exec.ExecuteBuild] The daemon has started executing the build.
2024-08-03T10:11:40.825+0700 [DEBUG] [org.gradle.launcher.daemon.server.exec.ExecuteBuild] Executing build with daemon context: DefaultDaemonContext[uid=aecb2678-d32b-4608-971c-930d5e2b5eae,javaHome=C:\Program Files\Java\jdk-17.0.2,daemonRegistryDir=D:\AndroidStudioProjects\CoordinateProject\gradle\daemon,pid=4916,idleTimeout=10800000,priority=NORMAL,daemonOpts=--add-opens=java.base/java.util=ALL-UNNAMED,--add-opens=java.base/java.lang=ALL-UNNAMED,--add-opens=java.base/java.lang.invoke=ALL-UNNAMED,--add-opens=java.prefs/java.util.prefs=ALL-UNNAMED,--add-opens=java.base/java.nio.charset=ALL-UNNAMED,--add-opens=java.base/java.net=ALL-UNNAMED,--add-opens=java.base/java.util.concurrent.atomic=ALL-UNNAMED,-Xmx2048m,-Dfile.encoding=UTF-8,-Duser.country=ID,-Duser.language=id,-Duser.variant]
AGPBI: {"kind":"warning","text":"We recommend using a newer Android Gradle plugin to use compileSdk = 34\n\nThis Android Gradle plugin (8.0.1) was tested up to compileSdk = 33.\n\nYou are strongly encouraged to update your project to use a newer\nAndroid Gradle plugin that has been tested with compileSdk = 34.\n\nIf you are already using the latest version of the Android Gradle plugin,\nyou may need to wait until a newer version with support for compileSdk = 34 is available.\n\nTo suppress this warning, add/update\n    android.suppressUnsupportedCompileSdk=34\nto this project's gradle.properties.","sources":[{}]}

FAILURE: Build failed with an exception.

* What went wrong:
Build cancelled.

* Try:
> Run with --info or --debug option to get more log output.
> Run with --scan to get full insights.

* Exception is:
org.gradle.api.BuildCancelledException: Build cancelled.
	at org.gradle.execution.plan.DefaultFinalizedExecutionPlan.collectFailures(DefaultFinalizedExecutionPlan.java:672)
	at org.gradle.execution.plan.DefaultPlanExecutor.lambda$awaitCompletion$2(DefaultPlanExecutor.java:170)
	at org.gradle.internal.resources.DefaultResourceLockCoordinationService.withStateLock(DefaultResourceLockCoordinationService.java:105)
	at org.gradle.execution.plan.DefaultPlanExecutor.awaitCompletion(DefaultPlanExecutor.java:162)
	at org.gradle.execution.plan.DefaultPlanExecutor.process(DefaultPlanExecutor.java:119)
	at org.gradle.execution.taskgraph.DefaultTaskExecutionGraph.executeWithServices(DefaultTaskExecutionGraph.java:136)
	at org.gradle.execution.taskgraph.DefaultTaskExecutionGraph.execute(DefaultTaskExecutionGraph.java:121)
	at org.gradle.execution.SelectedTaskExecutionAction.execute(SelectedTaskExecutionAction.java:35)
	at org.gradle.execution.DryRunBuildExecutionAction.execute(DryRunBuildExecutionAction.java:51)
	at org.gradle.execution.BuildOperationFiringBuildWorkerExecutor$ExecuteTasks.call(BuildOperationFiringBuildWorkerExecutor.java:54)
	at org.gradle.execution.BuildOperationFiringBuildWorkerExecutor$ExecuteTasks.call(BuildOperationFiringBuildWorkerExecutor.java:43)
	at org.gradle.internal.operations.DefaultBuildOperationRunner$CallableBuildOperationWorker.execute(DefaultBuildOperationRunner.java:204)
	at org.gradle.internal.operations.DefaultBuildOperationRunner$CallableBuildOperationWorker.execute(DefaultBuildOperationRunner.java:199)
	at org.gradle.internal.operations.DefaultBuildOperationRunner$2.execute(DefaultBuildOperationRunner.java:66)
	at org.gradle.internal.operations.DefaultBuildOperationRunner$2.execute(DefaultBuildOperationRunner.java:59)
	at org.gradle.internal.operations.DefaultBuildOperationRunner.execute(DefaultBuildOperationRunner.java:157)
	at org.gradle.internal.operations.DefaultBuildOperationRunner.execute(DefaultBuildOperationRunner.java:59)
	at org.gradle.internal.operations.DefaultBuildOperationRunner.call(DefaultBuildOperationRunner.java:53)
	at org.gradle.internal.operations.DefaultBuildOperationExecutor.call(DefaultBuildOperationExecutor.java:73)
	at org.gradle.execution.BuildOperationFiringBuildWorkerExecutor.execute(BuildOperationFiringBuildWorkerExecutor.java:40)
	at org.gradle.internal.build.DefaultBuildLifecycleController.lambda$executeTasks$7(DefaultBuildLifecycleController.java:172)
	at org.gradle.internal.model.StateTransitionController.doTransition(StateTransitionController.java:258)
	at org.gradle.internal.model.StateTransitionController.lambda$tryTransition$8(StateTransitionController.java:185)
	at org.gradle.internal.work.DefaultSynchronizer.withLock(DefaultSynchronizer.java:44)
	at org.gradle.internal.model.StateTransitionController.tryTransition(StateTransitionController.java:185)
	at org.gradle.internal.build.DefaultBuildLifecycleController.executeTasks(DefaultBuildLifecycleController.java:172)
	at org.gradle.internal.build.DefaultBuildWorkGraphController$DefaultBuildWorkGraph.runWork(DefaultBuildWorkGraphController.java:209)
	at org.gradle.internal.work.DefaultWorkerLeaseService.withLocks(DefaultWorkerLeaseService.java:249)
	at org.gradle.internal.work.DefaultWorkerLeaseService.runAsWorkerThread(DefaultWorkerLeaseService.java:109)
	at org.gradle.composite.internal.DefaultBuildController.doRun(DefaultBuildController.java:172)
	at org.gradle.composite.internal.DefaultBuildController.access$000(DefaultBuildController.java:47)
	at org.gradle.composite.internal.DefaultBuildController$BuildOpRunnable.run(DefaultBuildController.java:191)
	at org.gradle.internal.concurrent.ExecutorPolicy$CatchAndRecordFailures.onExecute(ExecutorPolicy.java:64)
	at org.gradle.internal.concurrent.ManagedExecutorImpl$1.run(ManagedExecutorImpl.java:49)


* Get more help at https://help.gradle.org

BUILD FAILED in 17s
2 actionable tasks: 2 up-to-date
2024-08-03T10:11:57.040+0700 [DEBUG] [org.gradle.launcher.daemon.server.exec.ExecuteBuild] The daemon has finished executing the build.
2024-08-03T10:11:57.056+0700 [DEBUG] [org.gradle.launcher.daemon.server.DaemonStateCoordinator] Cancel: daemon is busy, sleeping until state changes.
2024-08-03T10:11:57.056+0700 [DEBUG] [org.gradle.launcher.daemon.server.DaemonStateCoordinator] Command execution: finished waiting for DaemonCommandExecution[command = Build{id=a10297d1-3fdf-4b27-945d-4a9a6d5e498e, currentDir=D:\AndroidStudioProjects\CoordinateProject}, connection = DefaultDaemonConnection: socket connection from /127.0.0.1:50825 to /127.0.0.1:50826]. Result org.gradle.launcher.daemon.server.DaemonStateCoordinator@29ed83d7 with state Canceled
2024-08-03T10:11:57.057+0700 [DEBUG] [org.gradle.launcher.daemon.server.DaemonStateCoordinator] Command execution: completed DaemonCommandExecution[command = Build{id=a10297d1-3fdf-4b27-945d-4a9a6d5e498e, currentDir=D:\AndroidStudioProjects\CoordinateProject}, connection = DefaultDaemonConnection: socket connection from /127.0.0.1:50825 to /127.0.0.1:50826]
2024-08-03T10:11:57.057+0700 [DEBUG] [org.gradle.launcher.daemon.server.DaemonStateCoordinator] resetting idle timer
2024-08-03T10:11:57.057+0700 [INFO] [org.gradle.launcher.daemon.server.DaemonRegistryUpdater] Marking the daemon as idle, address: [8e0f3d2d-c7a8-4808-8ed0-f804c7f69ded port:50825, addresses:[localhost/127.0.0.1]]
2024-08-03T10:11:57.057+0700 [DEBUG] [org.gradle.launcher.daemon.registry.PersistentDaemonRegistry] Marking busy by address: [8e0f3d2d-c7a8-4808-8ed0-f804c7f69ded port:50825, addresses:[localhost/127.0.0.1]]
2024-08-03T10:11:57.063+0700 [DEBUG] [org.gradle.cache.internal.DefaultFileLockManager] Waiting to acquire exclusive lock on daemon addresses registry.
2024-08-03T10:11:57.063+0700 [DEBUG] [org.gradle.cache.internal.DefaultFileLockManager] Lock acquired on daemon addresses registry.
2024-08-03T10:11:57.069+0700 [DEBUG] [org.gradle.cache.internal.DefaultFileLockManager] Releasing lock on daemon addresses registry.
2024-08-03T10:11:57.069+0700 [DEBUG] [org.gradle.launcher.daemon.server.DaemonStateCoordinator] Cancel: daemon is idle now.
2024-08-03T10:11:57.070+0700 [DEBUG] [org.gradle.launcher.daemon.server.DaemonStateCoordinator] daemon is running. Sleeping until state changes.
2024-08-03T10:11:57.070+0700 [DEBUG] [org.gradle.launcher.daemon.server.exec.ReturnResult] Daemon is dispatching the build result: Success[value=org.gradle.launcher.exec.BuildActionResult@5facb77e]
2024-08-03T10:11:57.070+0700 [DEBUG] [org.gradle.launcher.daemon.server.SynchronizedDispatchConnection] thread 21: dispatching Success[value=org.gradle.launcher.exec.BuildActionResult@5facb77e]
2024-08-03T10:11:57.075+0700 [DEBUG] [org.gradle.launcher.daemon.server.DefaultIncomingConnectionHandler] Finishing executing command: Build{id=a10297d1-3fdf-4b27-945d-4a9a6d5e498e, currentDir=D:\AndroidStudioProjects\CoordinateProject}
2024-08-03T10:11:57.086+0700 [DEBUG] [org.gradle.launcher.daemon.server.SynchronizedDispatchConnection] thread 22: received class org.gradle.launcher.daemon.protocol.Finished
2024-08-03T10:11:57.087+0700 [DEBUG] [org.gradle.launcher.daemon.server.DefaultDaemonConnection] thread 22: Received non-IO message from client: org.gradle.launcher.daemon.protocol.Finished@bc03618
2024-08-03T10:11:57.087+0700 [DEBUG] [org.gradle.launcher.daemon.server.DefaultIncomingConnectionHandler] Received finished message: org.gradle.launcher.daemon.protocol.Finished@bc03618
2024-08-03T10:11:57.087+0700 [DEBUG] [org.gradle.launcher.daemon.server.SynchronizedDispatchConnection] thread 21: stopping connection
2024-08-03T10:11:57.087+0700 [DEBUG] [org.gradle.internal.remote.internal.inet.SocketConnection] Discarding EOFException: java.io.EOFException
2024-08-03T10:11:57.087+0700 [DEBUG] [org.gradle.launcher.daemon.server.SynchronizedDispatchConnection] thread 22: received null
2024-08-03T10:11:57.088+0700 [DEBUG] [org.gradle.launcher.daemon.server.DefaultDaemonConnection] thread 22: Received end-of-input from client.
2024-08-03T10:11:57.088+0700 [DEBUG] [org.gradle.launcher.daemon.server.SynchronizedDispatchConnection] thread 21: stopping connection
2024-08-03T10:11:59.185+0700 [DEBUG] [org.gradle.internal.remote.internal.inet.TcpIncomingConnector] Accepted connection from /127.0.0.1:50850 to /127.0.0.1:50825.
2024-08-03T10:11:59.190+0700 [DEBUG] [org.gradle.launcher.daemon.server.SynchronizedDispatchConnection] thread 188: received class org.gradle.launcher.daemon.protocol.Build
2024-08-03T10:11:59.190+0700 [DEBUG] [org.gradle.launcher.daemon.server.DefaultDaemonConnection] thread 188: Received non-IO message from client: Build{id=c575c7af-5334-42dd-aa16-8f4efa4c610b, currentDir=D:\AndroidStudioProjects\CoordinateProject}
2024-08-03T10:11:59.190+0700 [INFO] [org.gradle.launcher.daemon.server.DefaultIncomingConnectionHandler] Received command: Build{id=c575c7af-5334-42dd-aa16-8f4efa4c610b, currentDir=D:\AndroidStudioProjects\CoordinateProject}.
2024-08-03T10:11:59.190+0700 [DEBUG] [org.gradle.launcher.daemon.server.DefaultIncomingConnectionHandler] Starting executing command: Build{id=c575c7af-5334-42dd-aa16-8f4efa4c610b, currentDir=D:\AndroidStudioProjects\CoordinateProject} with connection: socket connection from /127.0.0.1:50825 to /127.0.0.1:50850.
2024-08-03T10:11:59.190+0700 [DEBUG] [org.gradle.launcher.daemon.server.DaemonStateCoordinator] Command execution: started DaemonCommandExecution[command = Build{id=c575c7af-5334-42dd-aa16-8f4efa4c610b, currentDir=D:\AndroidStudioProjects\CoordinateProject}, connection = DefaultDaemonConnection: socket connection from /127.0.0.1:50825 to /127.0.0.1:50850] after 0.0 minutes of idle
2024-08-03T10:11:59.191+0700 [INFO] [org.gradle.launcher.daemon.server.DaemonRegistryUpdater] Marking the daemon as busy, address: [8e0f3d2d-c7a8-4808-8ed0-f804c7f69ded port:50825, addresses:[localhost/127.0.0.1]]
2024-08-03T10:11:59.191+0700 [DEBUG] [org.gradle.launcher.daemon.registry.PersistentDaemonRegistry] Marking busy by address: [8e0f3d2d-c7a8-4808-8ed0-f804c7f69ded port:50825, addresses:[localhost/127.0.0.1]]
2024-08-03T10:11:59.191+0700 [DEBUG] [org.gradle.cache.internal.DefaultFileLockManager] Waiting to acquire exclusive lock on daemon addresses registry.
2024-08-03T10:11:59.192+0700 [DEBUG] [org.gradle.cache.internal.DefaultFileLockManager] Lock acquired on daemon addresses registry.
2024-08-03T10:11:59.193+0700 [DEBUG] [org.gradle.cache.internal.DefaultFileLockManager] Releasing lock on daemon addresses registry.
2024-08-03T10:11:59.193+0700 [DEBUG] [org.gradle.launcher.daemon.server.DaemonStateCoordinator] resetting idle timer
2024-08-03T10:11:59.193+0700 [DEBUG] [org.gradle.launcher.daemon.server.DaemonStateCoordinator] daemon is running. Sleeping until state changes.
2024-08-03T10:11:59.193+0700 [INFO] [org.gradle.launcher.daemon.server.exec.StartBuildOrRespondWithBusy] Daemon is about to start building Build{id=c575c7af-5334-42dd-aa16-8f4efa4c610b, currentDir=D:\AndroidStudioProjects\CoordinateProject}. Dispatching build started information...
2024-08-03T10:11:59.194+0700 [DEBUG] [org.gradle.launcher.daemon.server.SynchronizedDispatchConnection] thread 24: dispatching org.gradle.launcher.daemon.protocol.BuildStarted@5b2bb4f
2024-08-03T10:11:59.194+0700 [DEBUG] [org.gradle.launcher.daemon.server.exec.EstablishBuildEnvironment] Configuring env variables: [USERDOMAIN_ROAMINGPROFILE, PROCESSOR_LEVEL, SESSIONNAME, ALLUSERSPROFILE, PROCESSOR_ARCHITECTURE, PSModulePath, SystemDrive, PT8HOME, ACSvcPort, USERNAME, ProgramFiles(x86), FPS_BROWSER_USER_PROFILE_STRING, PATHEXT, DART_SDK, DriverData, ProgramData, ProgramW6432, HOMEPATH, PROCESSOR_IDENTIFIER, ProgramFiles, PUBLIC, windir, =::, LOCALAPPDATA, EFC_44332, ChocolateyLastPathUpdate, USERDOMAIN, LOGONSERVER, FPS_BROWSER_APP_PROFILE_STRING, RlsSvcPort, OneDrive, APPDATA, VBOX_HWVIRTEX_IGNORE_SVM_IN_USE, ChocolateyInstall, ChocolateyToolsLocation, VBOX_MSI_INSTALL_PATH, CommonProgramFiles, Path, OS, COMPUTERNAME, EnableLog, PROCESSOR_REVISION, CommonProgramW6432, ComSpec, TEMP, SystemRoot, HOMEDRIVE, USERPROFILE, TMP, CommonProgramFiles(x86), NUMBER_OF_PROCESSORS, IDEA_INITIAL_DIRECTORY]
2024-08-03T10:11:59.195+0700 [DEBUG] [org.gradle.launcher.daemon.server.SynchronizedDispatchConnection] thread 188: received class org.gradle.launcher.daemon.protocol.CloseInput
2024-08-03T10:11:59.195+0700 [DEBUG] [org.gradle.launcher.daemon.server.DefaultDaemonConnection] thread 188: Received IO message from client: org.gradle.launcher.daemon.protocol.CloseInput@6793e347
2024-08-03T10:11:59.196+0700 [DEBUG] [org.gradle.launcher.daemon.server.exec.LogToClient] About to start relaying all logs to the client via the connection.
2024-08-03T10:11:59.196+0700 [INFO] [org.gradle.launcher.daemon.server.exec.LogToClient] The client will now receive all logging from the daemon (pid: 4916). The daemon log file: D:\AndroidStudioProjects\CoordinateProject\gradle\daemon\8.0.2\daemon-4916.out.log
2024-08-03T10:11:59.198+0700 [INFO] [org.gradle.launcher.daemon.server.exec.LogAndCheckHealth] Starting 2nd build in daemon [uptime: 18.8 secs, performance: 100%, GC rate: 0.00/s, heap usage: 0% of 2 GiB]
2024-08-03T10:11:59.198+0700 [DEBUG] [org.gradle.launcher.daemon.server.exec.ExecuteBuild] The daemon has started executing the build.
2024-08-03T10:11:59.198+0700 [INFO] [org.gradle.launcher.daemon.server.exec.ForwardClientInput] Closing daemon's stdin at end of input.
2024-08-03T10:11:59.198+0700 [INFO] [org.gradle.launcher.daemon.server.exec.ForwardClientInput] The daemon will no longer process any standard input.
2024-08-03T10:11:59.198+0700 [DEBUG] [org.gradle.launcher.daemon.server.exec.ExecuteBuild] Executing build with daemon context: DefaultDaemonContext[uid=aecb2678-d32b-4608-971c-930d5e2b5eae,javaHome=C:\Program Files\Java\jdk-17.0.2,daemonRegistryDir=D:\AndroidStudioProjects\CoordinateProject\gradle\daemon,pid=4916,idleTimeout=10800000,priority=NORMAL,daemonOpts=--add-opens=java.base/java.util=ALL-UNNAMED,--add-opens=java.base/java.lang=ALL-UNNAMED,--add-opens=java.base/java.lang.invoke=ALL-UNNAMED,--add-opens=java.prefs/java.util.prefs=ALL-UNNAMED,--add-opens=java.base/java.nio.charset=ALL-UNNAMED,--add-opens=java.base/java.net=ALL-UNNAMED,--add-opens=java.base/java.util.concurrent.atomic=ALL-UNNAMED,-Xmx2048m,-Dfile.encoding=UTF-8,-Duser.country=ID,-Duser.language=id,-Duser.variant]
AGPBI: {"kind":"warning","text":"We recommend using a newer Android Gradle plugin to use compileSdk = 34\n\nThis Android Gradle plugin (8.0.1) was tested up to compileSdk = 33.\n\nYou are strongly encouraged to update your project to use a newer\nAndroid Gradle plugin that has been tested with compileSdk = 34.\n\nIf you are already using the latest version of the Android Gradle plugin,\nyou may need to wait until a newer version with support for compileSdk = 34 is available.\n\nTo suppress this warning, add/update\n    android.suppressUnsupportedCompileSdk=34\nto this project's gradle.properties.","sources":[{}]}

BUILD SUCCESSFUL in 19s
35 actionable tasks: 4 executed, 31 up-to-date
2024-08-03T10:12:18.331+0700 [DEBUG] [org.gradle.launcher.daemon.server.exec.ExecuteBuild] The daemon has finished executing the build.
2024-08-03T10:12:18.341+0700 [DEBUG] [org.gradle.launcher.daemon.server.DaemonStateCoordinator] daemon is running. Sleeping until state changes.
2024-08-03T10:12:18.341+0700 [DEBUG] [org.gradle.launcher.daemon.server.DaemonStateCoordinator] Command execution: finished waiting for DaemonCommandExecution[command = Build{id=c575c7af-5334-42dd-aa16-8f4efa4c610b, currentDir=D:\AndroidStudioProjects\CoordinateProject}, connection = DefaultDaemonConnection: socket connection from /127.0.0.1:50825 to /127.0.0.1:50850]. Result org.gradle.launcher.daemon.server.DaemonStateCoordinator@29ed83d7 with state Busy
2024-08-03T10:12:18.342+0700 [DEBUG] [org.gradle.launcher.daemon.server.DaemonStateCoordinator] Command execution: completed DaemonCommandExecution[command = Build{id=c575c7af-5334-42dd-aa16-8f4efa4c610b, currentDir=D:\AndroidStudioProjects\CoordinateProject}, connection = DefaultDaemonConnection: socket connection from /127.0.0.1:50825 to /127.0.0.1:50850]
2024-08-03T10:12:18.342+0700 [DEBUG] [org.gradle.launcher.daemon.server.DaemonStateCoordinator] resetting idle timer
2024-08-03T10:12:18.342+0700 [INFO] [org.gradle.launcher.daemon.server.DaemonRegistryUpdater] Marking the daemon as idle, address: [8e0f3d2d-c7a8-4808-8ed0-f804c7f69ded port:50825, addresses:[localhost/127.0.0.1]]
2024-08-03T10:12:18.342+0700 [DEBUG] [org.gradle.launcher.daemon.registry.PersistentDaemonRegistry] Marking busy by address: [8e0f3d2d-c7a8-4808-8ed0-f804c7f69ded port:50825, addresses:[localhost/127.0.0.1]]
2024-08-03T10:12:18.343+0700 [DEBUG] [org.gradle.cache.internal.DefaultFileLockManager] Waiting to acquire exclusive lock on daemon addresses registry.
2024-08-03T10:12:18.344+0700 [DEBUG] [org.gradle.cache.internal.DefaultFileLockManager] Lock acquired on daemon addresses registry.
2024-08-03T10:12:18.345+0700 [DEBUG] [org.gradle.cache.internal.DefaultFileLockManager] Releasing lock on daemon addresses registry.
2024-08-03T10:12:18.345+0700 [DEBUG] [org.gradle.launcher.daemon.server.exec.ReturnResult] Daemon is dispatching the build result: Success[value=org.gradle.launcher.exec.BuildActionResult@63178c15]
2024-08-03T10:12:18.345+0700 [DEBUG] [org.gradle.launcher.daemon.server.DaemonStateCoordinator] daemon is running. Sleeping until state changes.
2024-08-03T10:12:18.346+0700 [DEBUG] [org.gradle.launcher.daemon.server.SynchronizedDispatchConnection] thread 21: dispatching Success[value=org.gradle.launcher.exec.BuildActionResult@63178c15]
2024-08-03T10:12:18.346+0700 [DEBUG] [org.gradle.launcher.daemon.server.DefaultIncomingConnectionHandler] Finishing executing command: Build{id=c575c7af-5334-42dd-aa16-8f4efa4c610b, currentDir=D:\AndroidStudioProjects\CoordinateProject}
2024-08-03T10:12:18.347+0700 [DEBUG] [org.gradle.launcher.daemon.server.SynchronizedDispatchConnection] thread 188: received class org.gradle.launcher.daemon.protocol.Finished
2024-08-03T10:12:18.347+0700 [DEBUG] [org.gradle.launcher.daemon.server.DefaultDaemonConnection] thread 188: Received non-IO message from client: org.gradle.launcher.daemon.protocol.Finished@695401c5
2024-08-03T10:12:18.347+0700 [DEBUG] [org.gradle.launcher.daemon.server.DefaultIncomingConnectionHandler] Received finished message: org.gradle.launcher.daemon.protocol.Finished@695401c5
2024-08-03T10:12:18.347+0700 [DEBUG] [org.gradle.internal.remote.internal.inet.SocketConnection] Discarding EOFException: java.io.EOFException
2024-08-03T10:12:18.347+0700 [DEBUG] [org.gradle.launcher.daemon.server.SynchronizedDispatchConnection] thread 21: stopping connection
2024-08-03T10:12:18.347+0700 [DEBUG] [org.gradle.launcher.daemon.server.SynchronizedDispatchConnection] thread 188: received null
2024-08-03T10:12:18.347+0700 [DEBUG] [org.gradle.launcher.daemon.server.DefaultDaemonConnection] thread 188: Received end-of-input from client.
2024-08-03T10:12:18.348+0700 [DEBUG] [org.gradle.launcher.daemon.server.SynchronizedDispatchConnection] thread 21: stopping connection
2024-08-03T10:12:20.736+0700 [DEBUG] [org.gradle.cache.internal.DefaultFileLockManager] Waiting to acquire shared lock on daemon addresses registry.
2024-08-03T10:12:20.737+0700 [DEBUG] [org.gradle.cache.internal.DefaultFileLockManager] Lock acquired on daemon addresses registry.
2024-08-03T10:12:20.738+0700 [DEBUG] [org.gradle.cache.internal.DefaultFileLockManager] Releasing lock on daemon addresses registry.
2024-08-03T10:12:20.742+0700 [DEBUG] [org.gradle.cache.internal.DefaultFileLockManager] Waiting to acquire shared lock on daemon addresses registry.
2024-08-03T10:12:20.742+0700 [DEBUG] [org.gradle.cache.internal.DefaultFileLockManager] Lock acquired on daemon addresses registry.
2024-08-03T10:12:20.742+0700 [DEBUG] [org.gradle.cache.internal.DefaultFileLockManager] Releasing lock on daemon addresses registry.
2024-08-03T10:12:30.736+0700 [DEBUG] [org.gradle.cache.internal.DefaultFileLockManager] Waiting to acquire shared lock on daemon addresses registry.
2024-08-03T10:12:30.736+0700 [DEBUG] [org.gradle.cache.internal.DefaultFileLockManager] Lock acquired on daemon addresses registry.
2024-08-03T10:12:30.736+0700 [DEBUG] [org.gradle.cache.internal.DefaultFileLockManager] Releasing lock on daemon addresses registry.
2024-08-03T10:12:30.738+0700 [DEBUG] [org.gradle.cache.internal.DefaultFileLockManager] Waiting to acquire shared lock on daemon addresses registry.
2024-08-03T10:12:30.739+0700 [DEBUG] [org.gradle.cache.internal.DefaultFileLockManager] Lock acquired on daemon addresses registry.
2024-08-03T10:12:30.739+0700 [DEBUG] [org.gradle.cache.internal.DefaultFileLockManager] Releasing lock on daemon addresses registry.
2024-08-03T10:12:30.741+0700 [DEBUG] [org.gradle.cache.internal.DefaultFileLockManager] Waiting to acquire shared lock on daemon addresses registry.
2024-08-03T10:12:30.741+0700 [DEBUG] [org.gradle.cache.internal.DefaultFileLockManager] Lock acquired on daemon addresses registry.
2024-08-03T10:12:30.741+0700 [DEBUG] [org.gradle.cache.internal.DefaultFileLockManager] Releasing lock on daemon addresses registry.
2024-08-03T10:12:33.456+0700 [DEBUG] [sun.rmi.transport.tcp] RMI Scheduler(0): close connection, socket: Socket[addr=localhost/127.0.0.1,port=17412,localport=50863]
2024-08-03T10:12:33.467+0700 [DEBUG] [sun.rmi.transport.tcp] RMI Scheduler(0): close connection, socket: Socket[addr=localhost/127.0.0.1,port=17412,localport=50904]
2024-08-03T10:12:33.567+0700 [DEBUG] [sun.rmi.transport.tcp] RMI TCP Connection(1)-127.0.0.1: (port 50865) connection closed
2024-08-03T10:12:33.567+0700 [DEBUG] [sun.rmi.transport.tcp] RMI TCP Connection(1)-127.0.0.1: close connection, socket: Socket[addr=/127.0.0.1,port=50866,localport=50865]
2024-08-03T10:12:33.567+0700 [DEBUG] [sun.rmi.transport.tcp] RMI TCP Connection(1)-127.0.0.1: socket close: Socket[addr=/127.0.0.1,port=50866,localport=50865]
2024-08-03T10:12:35.492+0700 [DEBUG] [org.gradle.internal.remote.internal.inet.TcpIncomingConnector] Accepted connection from /127.0.0.1:51236 to /127.0.0.1:50825.
2024-08-03T10:12:35.497+0700 [DEBUG] [org.gradle.launcher.daemon.server.SynchronizedDispatchConnection] thread 362: received class org.gradle.launcher.daemon.protocol.Build
2024-08-03T10:12:35.497+0700 [DEBUG] [org.gradle.launcher.daemon.server.DefaultDaemonConnection] thread 362: Received non-IO message from client: Build{id=a0e6cc12-4c7e-4eed-88f1-53dd387d48da, currentDir=D:\AndroidStudioProjects\CoordinateProject}
2024-08-03T10:12:35.497+0700 [INFO] [org.gradle.launcher.daemon.server.DefaultIncomingConnectionHandler] Received command: Build{id=a0e6cc12-4c7e-4eed-88f1-53dd387d48da, currentDir=D:\AndroidStudioProjects\CoordinateProject}.
2024-08-03T10:12:35.497+0700 [DEBUG] [org.gradle.launcher.daemon.server.DefaultIncomingConnectionHandler] Starting executing command: Build{id=a0e6cc12-4c7e-4eed-88f1-53dd387d48da, currentDir=D:\AndroidStudioProjects\CoordinateProject} with connection: socket connection from /127.0.0.1:50825 to /127.0.0.1:51236.
2024-08-03T10:12:35.497+0700 [DEBUG] [org.gradle.launcher.daemon.server.DaemonStateCoordinator] Command execution: started DaemonCommandExecution[command = Build{id=a0e6cc12-4c7e-4eed-88f1-53dd387d48da, currentDir=D:\AndroidStudioProjects\CoordinateProject}, connection = DefaultDaemonConnection: socket connection from /127.0.0.1:50825 to /127.0.0.1:51236] after 0.0 minutes of idle
2024-08-03T10:12:35.498+0700 [INFO] [org.gradle.launcher.daemon.server.DaemonRegistryUpdater] Marking the daemon as busy, address: [8e0f3d2d-c7a8-4808-8ed0-f804c7f69ded port:50825, addresses:[localhost/127.0.0.1]]
2024-08-03T10:12:35.498+0700 [DEBUG] [org.gradle.launcher.daemon.registry.PersistentDaemonRegistry] Marking busy by address: [8e0f3d2d-c7a8-4808-8ed0-f804c7f69ded port:50825, addresses:[localhost/127.0.0.1]]
2024-08-03T10:12:35.499+0700 [DEBUG] [org.gradle.cache.internal.DefaultFileLockManager] Waiting to acquire exclusive lock on daemon addresses registry.
2024-08-03T10:12:35.499+0700 [DEBUG] [org.gradle.cache.internal.DefaultFileLockManager] Lock acquired on daemon addresses registry.
2024-08-03T10:12:35.501+0700 [DEBUG] [org.gradle.cache.internal.DefaultFileLockManager] Releasing lock on daemon addresses registry.
2024-08-03T10:12:35.501+0700 [DEBUG] [org.gradle.launcher.daemon.server.DaemonStateCoordinator] resetting idle timer
2024-08-03T10:12:35.501+0700 [DEBUG] [org.gradle.launcher.daemon.server.DaemonStateCoordinator] daemon is running. Sleeping until state changes.
2024-08-03T10:12:35.501+0700 [INFO] [org.gradle.launcher.daemon.server.exec.StartBuildOrRespondWithBusy] Daemon is about to start building Build{id=a0e6cc12-4c7e-4eed-88f1-53dd387d48da, currentDir=D:\AndroidStudioProjects\CoordinateProject}. Dispatching build started information...
2024-08-03T10:12:35.501+0700 [DEBUG] [org.gradle.launcher.daemon.server.SynchronizedDispatchConnection] thread 24: dispatching org.gradle.launcher.daemon.protocol.BuildStarted@251fdc9e
2024-08-03T10:12:35.502+0700 [DEBUG] [org.gradle.launcher.daemon.server.exec.EstablishBuildEnvironment] Configuring env variables: [USERDOMAIN_ROAMINGPROFILE, PROCESSOR_LEVEL, SESSIONNAME, ALLUSERSPROFILE, PROCESSOR_ARCHITECTURE, PSModulePath, SystemDrive, PT8HOME, ACSvcPort, USERNAME, ProgramFiles(x86), FPS_BROWSER_USER_PROFILE_STRING, PATHEXT, DART_SDK, DriverData, ProgramData, ProgramW6432, HOMEPATH, PROCESSOR_IDENTIFIER, ProgramFiles, PUBLIC, windir, =::, LOCALAPPDATA, EFC_44332, ChocolateyLastPathUpdate, USERDOMAIN, LOGONSERVER, FPS_BROWSER_APP_PROFILE_STRING, RlsSvcPort, OneDrive, APPDATA, VBOX_HWVIRTEX_IGNORE_SVM_IN_USE, ChocolateyInstall, ChocolateyToolsLocation, VBOX_MSI_INSTALL_PATH, CommonProgramFiles, Path, OS, COMPUTERNAME, EnableLog, PROCESSOR_REVISION, CommonProgramW6432, ComSpec, TEMP, SystemRoot, HOMEDRIVE, USERPROFILE, TMP, CommonProgramFiles(x86), NUMBER_OF_PROCESSORS, IDEA_INITIAL_DIRECTORY]
2024-08-03T10:12:35.502+0700 [DEBUG] [org.gradle.launcher.daemon.server.SynchronizedDispatchConnection] thread 362: received class org.gradle.launcher.daemon.protocol.CloseInput
2024-08-03T10:12:35.503+0700 [DEBUG] [org.gradle.launcher.daemon.server.DefaultDaemonConnection] thread 362: Received IO message from client: org.gradle.launcher.daemon.protocol.CloseInput@1808bab2
2024-08-03T10:12:35.503+0700 [DEBUG] [org.gradle.launcher.daemon.server.exec.LogToClient] About to start relaying all logs to the client via the connection.
2024-08-03T10:12:35.504+0700 [INFO] [org.gradle.launcher.daemon.server.exec.LogToClient] The client will now receive all logging from the daemon (pid: 4916). The daemon log file: D:\AndroidStudioProjects\CoordinateProject\gradle\daemon\8.0.2\daemon-4916.out.log
2024-08-03T10:12:35.504+0700 [INFO] [org.gradle.launcher.daemon.server.exec.LogAndCheckHealth] Starting 3rd build in daemon [uptime: 55.108 secs, performance: 100%, GC rate: 0.00/s, heap usage: 0% of 2 GiB]
2024-08-03T10:12:35.505+0700 [DEBUG] [org.gradle.launcher.daemon.server.exec.ExecuteBuild] The daemon has started executing the build.
2024-08-03T10:12:35.505+0700 [INFO] [org.gradle.launcher.daemon.server.exec.ForwardClientInput] Closing daemon's stdin at end of input.
2024-08-03T10:12:35.505+0700 [INFO] [org.gradle.launcher.daemon.server.exec.ForwardClientInput] The daemon will no longer process any standard input.
2024-08-03T10:12:35.505+0700 [DEBUG] [org.gradle.launcher.daemon.server.exec.ExecuteBuild] Executing build with daemon context: DefaultDaemonContext[uid=aecb2678-d32b-4608-971c-930d5e2b5eae,javaHome=C:\Program Files\Java\jdk-17.0.2,daemonRegistryDir=D:\AndroidStudioProjects\CoordinateProject\gradle\daemon,pid=4916,idleTimeout=10800000,priority=NORMAL,daemonOpts=--add-opens=java.base/java.util=ALL-UNNAMED,--add-opens=java.base/java.lang=ALL-UNNAMED,--add-opens=java.base/java.lang.invoke=ALL-UNNAMED,--add-opens=java.prefs/java.util.prefs=ALL-UNNAMED,--add-opens=java.base/java.nio.charset=ALL-UNNAMED,--add-opens=java.base/java.net=ALL-UNNAMED,--add-opens=java.base/java.util.concurrent.atomic=ALL-UNNAMED,-Xmx2048m,-Dfile.encoding=UTF-8,-Duser.country=ID,-Duser.language=id,-Duser.variant]
AGPBI: {"kind":"warning","text":"We recommend using a newer Android Gradle plugin to use compileSdk = 34\n\nThis Android Gradle plugin (8.0.1) was tested up to compileSdk = 33.\n\nYou are strongly encouraged to update your project to use a newer\nAndroid Gradle plugin that has been tested with compileSdk = 34.\n\nIf you are already using the latest version of the Android Gradle plugin,\nyou may need to wait until a newer version with support for compileSdk = 34 is available.\n\nTo suppress this warning, add/update\n    android.suppressUnsupportedCompileSdk=34\nto this project's gradle.properties.","sources":[{}]}

BUILD SUCCESSFUL in 1s
35 actionable tasks: 35 up-to-date
2024-08-03T10:12:36.635+0700 [DEBUG] [org.gradle.launcher.daemon.server.exec.ExecuteBuild] The daemon has finished executing the build.
2024-08-03T10:12:36.644+0700 [DEBUG] [org.gradle.launcher.daemon.server.DaemonStateCoordinator] daemon is running. Sleeping until state changes.
2024-08-03T10:12:36.644+0700 [DEBUG] [org.gradle.launcher.daemon.server.DaemonStateCoordinator] Command execution: finished waiting for DaemonCommandExecution[command = Build{id=a0e6cc12-4c7e-4eed-88f1-53dd387d48da, currentDir=D:\AndroidStudioProjects\CoordinateProject}, connection = DefaultDaemonConnection: socket connection from /127.0.0.1:50825 to /127.0.0.1:51236]. Result org.gradle.launcher.daemon.server.DaemonStateCoordinator@29ed83d7 with state Busy
2024-08-03T10:12:36.644+0700 [DEBUG] [org.gradle.launcher.daemon.server.DaemonStateCoordinator] Command execution: completed DaemonCommandExecution[command = Build{id=a0e6cc12-4c7e-4eed-88f1-53dd387d48da, currentDir=D:\AndroidStudioProjects\CoordinateProject}, connection = DefaultDaemonConnection: socket connection from /127.0.0.1:50825 to /127.0.0.1:51236]
2024-08-03T10:12:36.644+0700 [DEBUG] [org.gradle.launcher.daemon.server.DaemonStateCoordinator] resetting idle timer
2024-08-03T10:12:36.644+0700 [INFO] [org.gradle.launcher.daemon.server.DaemonRegistryUpdater] Marking the daemon as idle, address: [8e0f3d2d-c7a8-4808-8ed0-f804c7f69ded port:50825, addresses:[localhost/127.0.0.1]]
2024-08-03T10:12:36.645+0700 [DEBUG] [org.gradle.launcher.daemon.registry.PersistentDaemonRegistry] Marking busy by address: [8e0f3d2d-c7a8-4808-8ed0-f804c7f69ded port:50825, addresses:[localhost/127.0.0.1]]
2024-08-03T10:12:36.653+0700 [DEBUG] [org.gradle.cache.internal.DefaultFileLockManager] Waiting to acquire exclusive lock on daemon addresses registry.
2024-08-03T10:12:36.654+0700 [DEBUG] [org.gradle.cache.internal.DefaultFileLockManager] Lock acquired on daemon addresses registry.
2024-08-03T10:12:36.664+0700 [DEBUG] [org.gradle.cache.internal.DefaultFileLockManager] Releasing lock on daemon addresses registry.
2024-08-03T10:12:36.664+0700 [DEBUG] [org.gradle.launcher.daemon.server.DaemonStateCoordinator] daemon is running. Sleeping until state changes.
2024-08-03T10:12:36.664+0700 [DEBUG] [org.gradle.launcher.daemon.server.exec.ReturnResult] Daemon is dispatching the build result: Success[value=org.gradle.launcher.exec.BuildActionResult@1d645f15]
2024-08-03T10:12:36.665+0700 [DEBUG] [org.gradle.launcher.daemon.server.SynchronizedDispatchConnection] thread 21: dispatching Success[value=org.gradle.launcher.exec.BuildActionResult@1d645f15]
2024-08-03T10:12:36.665+0700 [DEBUG] [org.gradle.launcher.daemon.server.DefaultIncomingConnectionHandler] Finishing executing command: Build{id=a0e6cc12-4c7e-4eed-88f1-53dd387d48da, currentDir=D:\AndroidStudioProjects\CoordinateProject}
2024-08-03T10:12:36.665+0700 [DEBUG] [org.gradle.launcher.daemon.server.SynchronizedDispatchConnection] thread 362: received class org.gradle.launcher.daemon.protocol.Finished
2024-08-03T10:12:36.666+0700 [DEBUG] [org.gradle.launcher.daemon.server.DefaultDaemonConnection] thread 362: Received non-IO message from client: org.gradle.launcher.daemon.protocol.Finished@16cf57c3
2024-08-03T10:12:36.666+0700 [DEBUG] [org.gradle.launcher.daemon.server.DefaultIncomingConnectionHandler] Received finished message: org.gradle.launcher.daemon.protocol.Finished@16cf57c3
2024-08-03T10:12:36.666+0700 [DEBUG] [org.gradle.launcher.daemon.server.SynchronizedDispatchConnection] thread 21: stopping connection
2024-08-03T10:12:36.666+0700 [DEBUG] [org.gradle.internal.remote.internal.inet.SocketConnection] Discarding EOFException: java.io.EOFException
2024-08-03T10:12:36.666+0700 [DEBUG] [org.gradle.launcher.daemon.server.SynchronizedDispatchConnection] thread 362: received null
2024-08-03T10:12:36.666+0700 [DEBUG] [org.gradle.launcher.daemon.server.DefaultDaemonConnection] thread 362: Received end-of-input from client.
2024-08-03T10:12:36.667+0700 [DEBUG] [org.gradle.launcher.daemon.server.SynchronizedDispatchConnection] thread 21: stopping connection
2024-08-03T10:12:40.747+0700 [DEBUG] [org.gradle.cache.internal.DefaultFileLockManager] Waiting to acquire shared lock on daemon addresses registry.
2024-08-03T10:12:40.748+0700 [DEBUG] [org.gradle.cache.internal.DefaultFileLockManager] Lock acquired on daemon addresses registry.
2024-08-03T10:12:40.756+0700 [DEBUG] [org.gradle.cache.internal.DefaultFileLockManager] Releasing lock on daemon addresses registry.
2024-08-03T10:12:40.764+0700 [DEBUG] [org.gradle.cache.internal.DefaultFileLockManager] Waiting to acquire shared lock on daemon addresses registry.
2024-08-03T10:12:40.764+0700 [DEBUG] [org.gradle.cache.internal.DefaultFileLockManager] Lock acquired on daemon addresses registry.
2024-08-03T10:12:40.765+0700 [DEBUG] [org.gradle.cache.internal.DefaultFileLockManager] Releasing lock on daemon addresses registry.
2024-08-03T10:12:50.734+0700 [DEBUG] [org.gradle.cache.internal.DefaultFileLockManager] Waiting to acquire shared lock on daemon addresses registry.
2024-08-03T10:12:50.734+0700 [DEBUG] [org.gradle.cache.internal.DefaultFileLockManager] Lock acquired on daemon addresses registry.
2024-08-03T10:12:50.734+0700 [DEBUG] [org.gradle.cache.internal.DefaultFileLockManager] Releasing lock on daemon addresses registry.
2024-08-03T10:12:50.735+0700 [DEBUG] [org.gradle.cache.internal.DefaultFileLockManager] Waiting to acquire shared lock on daemon addresses registry.
2024-08-03T10:12:50.735+0700 [DEBUG] [org.gradle.cache.internal.DefaultFileLockManager] Lock acquired on daemon addresses registry.
2024-08-03T10:12:50.735+0700 [DEBUG] [org.gradle.cache.internal.DefaultFileLockManager] Releasing lock on daemon addresses registry.
2024-08-03T10:12:50.736+0700 [DEBUG] [org.gradle.cache.internal.DefaultFileLockManager] Waiting to acquire shared lock on daemon addresses registry.
2024-08-03T10:12:50.736+0700 [DEBUG] [org.gradle.cache.internal.DefaultFileLockManager] Lock acquired on daemon addresses registry.
2024-08-03T10:12:50.736+0700 [DEBUG] [org.gradle.cache.internal.DefaultFileLockManager] Releasing lock on daemon addresses registry.
2024-08-03T10:13:00.736+0700 [DEBUG] [org.gradle.cache.internal.DefaultFileLockManager] Waiting to acquire shared lock on daemon addresses registry.
2024-08-03T10:13:00.737+0700 [DEBUG] [org.gradle.cache.internal.DefaultFileLockManager] Lock acquired on daemon addresses registry.
2024-08-03T10:13:00.737+0700 [DEBUG] [org.gradle.cache.internal.DefaultFileLockManager] Releasing lock on daemon addresses registry.
2024-08-03T10:13:00.739+0700 [DEBUG] [org.gradle.cache.internal.DefaultFileLockManager] Waiting to acquire shared lock on daemon addresses registry.
2024-08-03T10:13:00.739+0700 [DEBUG] [org.gradle.cache.internal.DefaultFileLockManager] Lock acquired on daemon addresses registry.
2024-08-03T10:13:00.739+0700 [DEBUG] [org.gradle.cache.internal.DefaultFileLockManager] Releasing lock on daemon addresses registry.
2024-08-03T10:13:00.740+0700 [DEBUG] [org.gradle.cache.internal.DefaultFileLockManager] Waiting to acquire shared lock on daemon addresses registry.
2024-08-03T10:13:00.740+0700 [DEBUG] [org.gradle.cache.internal.DefaultFileLockManager] Lock acquired on daemon addresses registry.
2024-08-03T10:13:00.741+0700 [DEBUG] [org.gradle.cache.internal.DefaultFileLockManager] Releasing lock on daemon addresses registry.
2024-08-03T10:13:10.736+0700 [DEBUG] [org.gradle.cache.internal.DefaultFileLockManager] Waiting to acquire shared lock on daemon addresses registry.
2024-08-03T10:13:10.736+0700 [DEBUG] [org.gradle.cache.internal.DefaultFileLockManager] Lock acquired on daemon addresses registry.
2024-08-03T10:13:10.736+0700 [DEBUG] [org.gradle.cache.internal.DefaultFileLockManager] Releasing lock on daemon addresses registry.
2024-08-03T10:13:10.737+0700 [DEBUG] [org.gradle.cache.internal.DefaultFileLockManager] Waiting to acquire shared lock on daemon addresses registry.
2024-08-03T10:13:10.738+0700 [DEBUG] [org.gradle.cache.internal.DefaultFileLockManager] Lock acquired on daemon addresses registry.
2024-08-03T10:13:10.738+0700 [DEBUG] [org.gradle.cache.internal.DefaultFileLockManager] Releasing lock on daemon addresses registry.
2024-08-03T10:13:10.739+0700 [DEBUG] [org.gradle.cache.internal.DefaultFileLockManager] Waiting to acquire shared lock on daemon addresses registry.
2024-08-03T10:13:10.739+0700 [DEBUG] [org.gradle.cache.internal.DefaultFileLockManager] Lock acquired on daemon addresses registry.
2024-08-03T10:13:10.739+0700 [DEBUG] [org.gradle.cache.internal.DefaultFileLockManager] Releasing lock on daemon addresses registry.
2024-08-03T10:13:20.736+0700 [DEBUG] [org.gradle.cache.internal.DefaultFileLockManager] Waiting to acquire shared lock on daemon addresses registry.
2024-08-03T10:13:20.736+0700 [DEBUG] [org.gradle.cache.internal.DefaultFileLockManager] Lock acquired on daemon addresses registry.
2024-08-03T10:13:20.736+0700 [DEBUG] [org.gradle.cache.internal.DefaultFileLockManager] Releasing lock on daemon addresses registry.
2024-08-03T10:13:20.737+0700 [DEBUG] [org.gradle.cache.internal.DefaultFileLockManager] Waiting to acquire shared lock on daemon addresses registry.
2024-08-03T10:13:20.737+0700 [DEBUG] [org.gradle.cache.internal.DefaultFileLockManager] Lock acquired on daemon addresses registry.
2024-08-03T10:13:20.737+0700 [DEBUG] [org.gradle.cache.internal.DefaultFileLockManager] Releasing lock on daemon addresses registry.
2024-08-03T10:13:20.738+0700 [DEBUG] [org.gradle.cache.internal.DefaultFileLockManager] Waiting to acquire shared lock on daemon addresses registry.
2024-08-03T10:13:20.738+0700 [DEBUG] [org.gradle.cache.internal.DefaultFileLockManager] Lock acquired on daemon addresses registry.
2024-08-03T10:13:20.738+0700 [DEBUG] [org.gradle.cache.internal.DefaultFileLockManager] Releasing lock on daemon addresses registry.
2024-08-03T10:13:30.735+0700 [DEBUG] [org.gradle.cache.internal.DefaultFileLockManager] Waiting to acquire shared lock on daemon addresses registry.
2024-08-03T10:13:30.736+0700 [DEBUG] [org.gradle.cache.internal.DefaultFileLockManager] Lock acquired on daemon addresses registry.
2024-08-03T10:13:30.736+0700 [DEBUG] [org.gradle.cache.internal.DefaultFileLockManager] Releasing lock on daemon addresses registry.
2024-08-03T10:13:30.737+0700 [DEBUG] [org.gradle.cache.internal.DefaultFileLockManager] Waiting to acquire shared lock on daemon addresses registry.
2024-08-03T10:13:30.737+0700 [DEBUG] [org.gradle.cache.internal.DefaultFileLockManager] Lock acquired on daemon addresses registry.
2024-08-03T10:13:30.737+0700 [DEBUG] [org.gradle.cache.internal.DefaultFileLockManager] Releasing lock on daemon addresses registry.
2024-08-03T10:13:30.738+0700 [DEBUG] [org.gradle.cache.internal.DefaultFileLockManager] Waiting to acquire shared lock on daemon addresses registry.
2024-08-03T10:13:30.738+0700 [DEBUG] [org.gradle.cache.internal.DefaultFileLockManager] Lock acquired on daemon addresses registry.
2024-08-03T10:13:30.738+0700 [DEBUG] [org.gradle.cache.internal.DefaultFileLockManager] Releasing lock on daemon addresses registry.
2024-08-03T10:13:40.736+0700 [DEBUG] [org.gradle.cache.internal.DefaultFileLockManager] Waiting to acquire shared lock on daemon addresses registry.
2024-08-03T10:13:40.736+0700 [DEBUG] [org.gradle.cache.internal.DefaultFileLockManager] Lock acquired on daemon addresses registry.
2024-08-03T10:13:40.736+0700 [DEBUG] [org.gradle.cache.internal.DefaultFileLockManager] Releasing lock on daemon addresses registry.
2024-08-03T10:13:40.737+0700 [DEBUG] [org.gradle.cache.internal.DefaultFileLockManager] Waiting to acquire shared lock on daemon addresses registry.
2024-08-03T10:13:40.738+0700 [DEBUG] [org.gradle.cache.internal.DefaultFileLockManager] Lock acquired on daemon addresses registry.
2024-08-03T10:13:40.738+0700 [DEBUG] [org.gradle.cache.internal.DefaultFileLockManager] Releasing lock on daemon addresses registry.
2024-08-03T10:13:40.738+0700 [DEBUG] [org.gradle.cache.internal.DefaultFileLockManager] Waiting to acquire shared lock on daemon addresses registry.
2024-08-03T10:13:40.738+0700 [DEBUG] [org.gradle.cache.internal.DefaultFileLockManager] Lock acquired on daemon addresses registry.
2024-08-03T10:13:40.739+0700 [DEBUG] [org.gradle.cache.internal.DefaultFileLockManager] Releasing lock on daemon addresses registry.
2024-08-03T10:13:50.735+0700 [DEBUG] [org.gradle.cache.internal.DefaultFileLockManager] Waiting to acquire shared lock on daemon addresses registry.
2024-08-03T10:13:50.735+0700 [DEBUG] [org.gradle.cache.internal.DefaultFileLockManager] Lock acquired on daemon addresses registry.
2024-08-03T10:13:50.735+0700 [DEBUG] [org.gradle.cache.internal.DefaultFileLockManager] Releasing lock on daemon addresses registry.
2024-08-03T10:13:50.736+0700 [DEBUG] [org.gradle.cache.internal.DefaultFileLockManager] Waiting to acquire shared lock on daemon addresses registry.
2024-08-03T10:13:50.736+0700 [DEBUG] [org.gradle.cache.internal.DefaultFileLockManager] Lock acquired on daemon addresses registry.
2024-08-03T10:13:50.736+0700 [DEBUG] [org.gradle.cache.internal.DefaultFileLockManager] Releasing lock on daemon addresses registry.
2024-08-03T10:13:50.737+0700 [DEBUG] [org.gradle.cache.internal.DefaultFileLockManager] Waiting to acquire shared lock on daemon addresses registry.
2024-08-03T10:13:50.737+0700 [DEBUG] [org.gradle.cache.internal.DefaultFileLockManager] Lock acquired on daemon addresses registry.
2024-08-03T10:13:50.737+0700 [DEBUG] [org.gradle.cache.internal.DefaultFileLockManager] Releasing lock on daemon addresses registry.
2024-08-03T10:14:00.736+0700 [DEBUG] [org.gradle.cache.internal.DefaultFileLockManager] Waiting to acquire shared lock on daemon addresses registry.
2024-08-03T10:14:00.736+0700 [DEBUG] [org.gradle.cache.internal.DefaultFileLockManager] Lock acquired on daemon addresses registry.
2024-08-03T10:14:00.736+0700 [DEBUG] [org.gradle.cache.internal.DefaultFileLockManager] Releasing lock on daemon addresses registry.
2024-08-03T10:14:00.737+0700 [DEBUG] [org.gradle.cache.internal.DefaultFileLockManager] Waiting to acquire shared lock on daemon addresses registry.
2024-08-03T10:14:00.738+0700 [DEBUG] [org.gradle.cache.internal.DefaultFileLockManager] Lock acquired on daemon addresses registry.
2024-08-03T10:14:00.738+0700 [DEBUG] [org.gradle.cache.internal.DefaultFileLockManager] Releasing lock on daemon addresses registry.
2024-08-03T10:14:00.738+0700 [DEBUG] [org.gradle.cache.internal.DefaultFileLockManager] Waiting to acquire shared lock on daemon addresses registry.
2024-08-03T10:14:00.738+0700 [DEBUG] [org.gradle.cache.internal.DefaultFileLockManager] Lock acquired on daemon addresses registry.
2024-08-03T10:14:00.739+0700 [DEBUG] [org.gradle.cache.internal.DefaultFileLockManager] Releasing lock on daemon addresses registry.
2024-08-03T10:14:10.736+0700 [DEBUG] [org.gradle.cache.internal.DefaultFileLockManager] Waiting to acquire shared lock on daemon addresses registry.
2024-08-03T10:14:10.736+0700 [DEBUG] [org.gradle.cache.internal.DefaultFileLockManager] Lock acquired on daemon addresses registry.
2024-08-03T10:14:10.736+0700 [DEBUG] [org.gradle.cache.internal.DefaultFileLockManager] Releasing lock on daemon addresses registry.
2024-08-03T10:14:10.737+0700 [DEBUG] [org.gradle.cache.internal.DefaultFileLockManager] Waiting to acquire shared lock on daemon addresses registry.
2024-08-03T10:14:10.738+0700 [DEBUG] [org.gradle.cache.internal.DefaultFileLockManager] Lock acquired on daemon addresses registry.
2024-08-03T10:14:10.738+0700 [DEBUG] [org.gradle.cache.internal.DefaultFileLockManager] Releasing lock on daemon addresses registry.
2024-08-03T10:14:10.739+0700 [DEBUG] [org.gradle.cache.internal.DefaultFileLockManager] Waiting to acquire shared lock on daemon addresses registry.
2024-08-03T10:14:10.739+0700 [DEBUG] [org.gradle.cache.internal.DefaultFileLockManager] Lock acquired on daemon addresses registry.
2024-08-03T10:14:10.739+0700 [DEBUG] [org.gradle.cache.internal.DefaultFileLockManager] Releasing lock on daemon addresses registry.
2024-08-03T10:14:20.735+0700 [DEBUG] [org.gradle.cache.internal.DefaultFileLockManager] Waiting to acquire shared lock on daemon addresses registry.
2024-08-03T10:14:20.735+0700 [DEBUG] [org.gradle.cache.internal.DefaultFileLockManager] Lock acquired on daemon addresses registry.
2024-08-03T10:14:20.735+0700 [DEBUG] [org.gradle.cache.internal.DefaultFileLockManager] Releasing lock on daemon addresses registry.
2024-08-03T10:14:20.736+0700 [DEBUG] [org.gradle.cache.internal.DefaultFileLockManager] Waiting to acquire shared lock on daemon addresses registry.
2024-08-03T10:14:20.736+0700 [DEBUG] [org.gradle.cache.internal.DefaultFileLockManager] Lock acquired on daemon addresses registry.
2024-08-03T10:14:20.736+0700 [DEBUG] [org.gradle.cache.internal.DefaultFileLockManager] Releasing lock on daemon addresses registry.
2024-08-03T10:14:20.737+0700 [DEBUG] [org.gradle.cache.internal.DefaultFileLockManager] Waiting to acquire shared lock on daemon addresses registry.
2024-08-03T10:14:20.737+0700 [DEBUG] [org.gradle.cache.internal.DefaultFileLockManager] Lock acquired on daemon addresses registry.
2024-08-03T10:14:20.738+0700 [DEBUG] [org.gradle.cache.internal.DefaultFileLockManager] Releasing lock on daemon addresses registry.
2024-08-03T10:14:30.735+0700 [DEBUG] [org.gradle.cache.internal.DefaultFileLockManager] Waiting to acquire shared lock on daemon addresses registry.
2024-08-03T10:14:30.735+0700 [DEBUG] [org.gradle.cache.internal.DefaultFileLockManager] Lock acquired on daemon addresses registry.
2024-08-03T10:14:30.735+0700 [DEBUG] [org.gradle.cache.internal.DefaultFileLockManager] Releasing lock on daemon addresses registry.
2024-08-03T10:14:30.736+0700 [DEBUG] [org.gradle.cache.internal.DefaultFileLockManager] Waiting to acquire shared lock on daemon addresses registry.
2024-08-03T10:14:30.736+0700 [DEBUG] [org.gradle.cache.internal.DefaultFileLockManager] Lock acquired on daemon addresses registry.
2024-08-03T10:14:30.737+0700 [DEBUG] [org.gradle.cache.internal.DefaultFileLockManager] Releasing lock on daemon addresses registry.
2024-08-03T10:14:30.737+0700 [DEBUG] [org.gradle.cache.internal.DefaultFileLockManager] Waiting to acquire shared lock on daemon addresses registry.
2024-08-03T10:14:30.737+0700 [DEBUG] [org.gradle.cache.internal.DefaultFileLockManager] Lock acquired on daemon addresses registry.
2024-08-03T10:14:30.737+0700 [DEBUG] [org.gradle.cache.internal.DefaultFileLockManager] Releasing lock on daemon addresses registry.
2024-08-03T10:14:40.735+0700 [DEBUG] [org.gradle.cache.internal.DefaultFileLockManager] Waiting to acquire shared lock on daemon addresses registry.
2024-08-03T10:14:40.735+0700 [DEBUG] [org.gradle.cache.internal.DefaultFileLockManager] Lock acquired on daemon addresses registry.
2024-08-03T10:14:40.735+0700 [DEBUG] [org.gradle.cache.internal.DefaultFileLockManager] Releasing lock on daemon addresses registry.
2024-08-03T10:14:40.736+0700 [DEBUG] [org.gradle.cache.internal.DefaultFileLockManager] Waiting to acquire shared lock on daemon addresses registry.
2024-08-03T10:14:40.736+0700 [DEBUG] [org.gradle.cache.internal.DefaultFileLockManager] Lock acquired on daemon addresses registry.
2024-08-03T10:14:40.736+0700 [DEBUG] [org.gradle.cache.internal.DefaultFileLockManager] Releasing lock on daemon addresses registry.
2024-08-03T10:14:40.737+0700 [DEBUG] [org.gradle.cache.internal.DefaultFileLockManager] Waiting to acquire shared lock on daemon addresses registry.
2024-08-03T10:14:40.737+0700 [DEBUG] [org.gradle.cache.internal.DefaultFileLockManager] Lock acquired on daemon addresses registry.
2024-08-03T10:14:40.737+0700 [DEBUG] [org.gradle.cache.internal.DefaultFileLockManager] Releasing lock on daemon addresses registry.
2024-08-03T10:14:50.735+0700 [DEBUG] [org.gradle.cache.internal.DefaultFileLockManager] Waiting to acquire shared lock on daemon addresses registry.
2024-08-03T10:14:50.735+0700 [DEBUG] [org.gradle.cache.internal.DefaultFileLockManager] Lock acquired on daemon addresses registry.
2024-08-03T10:14:50.736+0700 [DEBUG] [org.gradle.cache.internal.DefaultFileLockManager] Releasing lock on daemon addresses registry.
2024-08-03T10:14:50.737+0700 [DEBUG] [org.gradle.cache.internal.DefaultFileLockManager] Waiting to acquire shared lock on daemon addresses registry.
2024-08-03T10:14:50.737+0700 [DEBUG] [org.gradle.cache.internal.DefaultFileLockManager] Lock acquired on daemon addresses registry.
2024-08-03T10:14:50.737+0700 [DEBUG] [org.gradle.cache.internal.DefaultFileLockManager] Releasing lock on daemon addresses registry.
2024-08-03T10:14:50.738+0700 [DEBUG] [org.gradle.cache.internal.DefaultFileLockManager] Waiting to acquire shared lock on daemon addresses registry.
2024-08-03T10:14:50.738+0700 [DEBUG] [org.gradle.cache.internal.DefaultFileLockManager] Lock acquired on daemon addresses registry.
2024-08-03T10:14:50.738+0700 [DEBUG] [org.gradle.cache.internal.DefaultFileLockManager] Releasing lock on daemon addresses registry.
2024-08-03T10:15:00.735+0700 [DEBUG] [org.gradle.cache.internal.DefaultFileLockManager] Waiting to acquire shared lock on daemon addresses registry.
2024-08-03T10:15:00.735+0700 [DEBUG] [org.gradle.cache.internal.DefaultFileLockManager] Lock acquired on daemon addresses registry.
2024-08-03T10:15:00.736+0700 [DEBUG] [org.gradle.cache.internal.DefaultFileLockManager] Releasing lock on daemon addresses registry.
2024-08-03T10:15:00.737+0700 [DEBUG] [org.gradle.cache.internal.DefaultFileLockManager] Waiting to acquire shared lock on daemon addresses registry.
2024-08-03T10:15:00.737+0700 [DEBUG] [org.gradle.cache.internal.DefaultFileLockManager] Lock acquired on daemon addresses registry.
2024-08-03T10:15:00.737+0700 [DEBUG] [org.gradle.cache.internal.DefaultFileLockManager] Releasing lock on daemon addresses registry.
2024-08-03T10:15:00.738+0700 [DEBUG] [org.gradle.cache.internal.DefaultFileLockManager] Waiting to acquire shared lock on daemon addresses registry.
2024-08-03T10:15:00.738+0700 [DEBUG] [org.gradle.cache.internal.DefaultFileLockManager] Lock acquired on daemon addresses registry.
2024-08-03T10:15:00.738+0700 [DEBUG] [org.gradle.cache.internal.DefaultFileLockManager] Releasing lock on daemon addresses registry.
2024-08-03T10:15:10.737+0700 [DEBUG] [org.gradle.cache.internal.DefaultFileLockManager] Waiting to acquire shared lock on daemon addresses registry.
2024-08-03T10:15:10.737+0700 [DEBUG] [org.gradle.cache.internal.DefaultFileLockManager] Lock acquired on daemon addresses registry.
2024-08-03T10:15:10.737+0700 [DEBUG] [org.gradle.cache.internal.DefaultFileLockManager] Releasing lock on daemon addresses registry.
2024-08-03T10:15:10.739+0700 [DEBUG] [org.gradle.cache.internal.DefaultFileLockManager] Waiting to acquire shared lock on daemon addresses registry.
2024-08-03T10:15:10.739+0700 [DEBUG] [org.gradle.cache.internal.DefaultFileLockManager] Lock acquired on daemon addresses registry.
2024-08-03T10:15:10.740+0700 [DEBUG] [org.gradle.cache.internal.DefaultFileLockManager] Releasing lock on daemon addresses registry.
2024-08-03T10:15:10.741+0700 [DEBUG] [org.gradle.cache.internal.DefaultFileLockManager] Waiting to acquire shared lock on daemon addresses registry.
2024-08-03T10:15:10.741+0700 [DEBUG] [org.gradle.cache.internal.DefaultFileLockManager] Lock acquired on daemon addresses registry.
2024-08-03T10:15:10.742+0700 [DEBUG] [org.gradle.cache.internal.DefaultFileLockManager] Releasing lock on daemon addresses registry.
2024-08-03T10:15:20.736+0700 [DEBUG] [org.gradle.cache.internal.DefaultFileLockManager] Waiting to acquire shared lock on daemon addresses registry.
2024-08-03T10:15:20.736+0700 [DEBUG] [org.gradle.cache.internal.DefaultFileLockManager] Lock acquired on daemon addresses registry.
2024-08-03T10:15:20.737+0700 [DEBUG] [org.gradle.cache.internal.DefaultFileLockManager] Releasing lock on daemon addresses registry.
2024-08-03T10:15:20.738+0700 [DEBUG] [org.gradle.cache.internal.DefaultFileLockManager] Waiting to acquire shared lock on daemon addresses registry.
2024-08-03T10:15:20.738+0700 [DEBUG] [org.gradle.cache.internal.DefaultFileLockManager] Lock acquired on daemon addresses registry.
2024-08-03T10:15:20.738+0700 [DEBUG] [org.gradle.cache.internal.DefaultFileLockManager] Releasing lock on daemon addresses registry.
2024-08-03T10:15:20.739+0700 [DEBUG] [org.gradle.cache.internal.DefaultFileLockManager] Waiting to acquire shared lock on daemon addresses registry.
2024-08-03T10:15:20.739+0700 [DEBUG] [org.gradle.cache.internal.DefaultFileLockManager] Lock acquired on daemon addresses registry.
2024-08-03T10:15:20.739+0700 [DEBUG] [org.gradle.cache.internal.DefaultFileLockManager] Releasing lock on daemon addresses registry.
2024-08-03T10:15:30.736+0700 [DEBUG] [org.gradle.cache.internal.DefaultFileLockManager] Waiting to acquire shared lock on daemon addresses registry.
2024-08-03T10:15:30.736+0700 [DEBUG] [org.gradle.cache.internal.DefaultFileLockManager] Lock acquired on daemon addresses registry.
2024-08-03T10:15:30.736+0700 [DEBUG] [org.gradle.cache.internal.DefaultFileLockManager] Releasing lock on daemon addresses registry.
2024-08-03T10:15:30.737+0700 [DEBUG] [org.gradle.cache.internal.DefaultFileLockManager] Waiting to acquire shared lock on daemon addresses registry.
2024-08-03T10:15:30.737+0700 [DEBUG] [org.gradle.cache.internal.DefaultFileLockManager] Lock acquired on daemon addresses registry.
2024-08-03T10:15:30.738+0700 [DEBUG] [org.gradle.cache.internal.DefaultFileLockManager] Releasing lock on daemon addresses registry.
2024-08-03T10:15:30.739+0700 [DEBUG] [org.gradle.cache.internal.DefaultFileLockManager] Waiting to acquire shared lock on daemon addresses registry.
2024-08-03T10:15:30.739+0700 [DEBUG] [org.gradle.cache.internal.DefaultFileLockManager] Lock acquired on daemon addresses registry.
2024-08-03T10:15:30.739+0700 [DEBUG] [org.gradle.cache.internal.DefaultFileLockManager] Releasing lock on daemon addresses registry.
2024-08-03T10:15:40.736+0700 [DEBUG] [org.gradle.cache.internal.DefaultFileLockManager] Waiting to acquire shared lock on daemon addresses registry.
2024-08-03T10:15:40.736+0700 [DEBUG] [org.gradle.cache.internal.DefaultFileLockManager] Lock acquired on daemon addresses registry.
2024-08-03T10:15:40.736+0700 [DEBUG] [org.gradle.cache.internal.DefaultFileLockManager] Releasing lock on daemon addresses registry.
2024-08-03T10:15:40.737+0700 [DEBUG] [org.gradle.cache.internal.DefaultFileLockManager] Waiting to acquire shared lock on daemon addresses registry.
2024-08-03T10:15:40.737+0700 [DEBUG] [org.gradle.cache.internal.DefaultFileLockManager] Lock acquired on daemon addresses registry.
2024-08-03T10:15:40.737+0700 [DEBUG] [org.gradle.cache.internal.DefaultFileLockManager] Releasing lock on daemon addresses registry.
2024-08-03T10:15:40.738+0700 [DEBUG] [org.gradle.cache.internal.DefaultFileLockManager] Waiting to acquire shared lock on daemon addresses registry.
2024-08-03T10:15:40.738+0700 [DEBUG] [org.gradle.cache.internal.DefaultFileLockManager] Lock acquired on daemon addresses registry.
2024-08-03T10:15:40.738+0700 [DEBUG] [org.gradle.cache.internal.DefaultFileLockManager] Releasing lock on daemon addresses registry.
2024-08-03T10:15:50.736+0700 [DEBUG] [org.gradle.cache.internal.DefaultFileLockManager] Waiting to acquire shared lock on daemon addresses registry.
2024-08-03T10:15:50.736+0700 [DEBUG] [org.gradle.cache.internal.DefaultFileLockManager] Lock acquired on daemon addresses registry.
2024-08-03T10:15:50.736+0700 [DEBUG] [org.gradle.cache.internal.DefaultFileLockManager] Releasing lock on daemon addresses registry.
2024-08-03T10:15:50.737+0700 [DEBUG] [org.gradle.cache.internal.DefaultFileLockManager] Waiting to acquire shared lock on daemon addresses registry.
2024-08-03T10:15:50.737+0700 [DEBUG] [org.gradle.cache.internal.DefaultFileLockManager] Lock acquired on daemon addresses registry.
2024-08-03T10:15:50.738+0700 [DEBUG] [org.gradle.cache.internal.DefaultFileLockManager] Releasing lock on daemon addresses registry.
2024-08-03T10:15:50.738+0700 [DEBUG] [org.gradle.cache.internal.DefaultFileLockManager] Waiting to acquire shared lock on daemon addresses registry.
2024-08-03T10:15:50.738+0700 [DEBUG] [org.gradle.cache.internal.DefaultFileLockManager] Lock acquired on daemon addresses registry.
2024-08-03T10:15:50.739+0700 [DEBUG] [org.gradle.cache.internal.DefaultFileLockManager] Releasing lock on daemon addresses registry.
2024-08-03T10:16:00.736+0700 [DEBUG] [org.gradle.cache.internal.DefaultFileLockManager] Waiting to acquire shared lock on daemon addresses registry.
2024-08-03T10:16:00.736+0700 [DEBUG] [org.gradle.cache.internal.DefaultFileLockManager] Lock acquired on daemon addresses registry.
2024-08-03T10:16:00.736+0700 [DEBUG] [org.gradle.cache.internal.DefaultFileLockManager] Releasing lock on daemon addresses registry.
2024-08-03T10:16:00.737+0700 [DEBUG] [org.gradle.cache.internal.DefaultFileLockManager] Waiting to acquire shared lock on daemon addresses registry.
2024-08-03T10:16:00.737+0700 [DEBUG] [org.gradle.cache.internal.DefaultFileLockManager] Lock acquired on daemon addresses registry.
2024-08-03T10:16:00.738+0700 [DEBUG] [org.gradle.cache.internal.DefaultFileLockManager] Releasing lock on daemon addresses registry.
2024-08-03T10:16:00.739+0700 [DEBUG] [org.gradle.cache.internal.DefaultFileLockManager] Waiting to acquire shared lock on daemon addresses registry.
2024-08-03T10:16:00.739+0700 [DEBUG] [org.gradle.cache.internal.DefaultFileLockManager] Lock acquired on daemon addresses registry.
2024-08-03T10:16:00.739+0700 [DEBUG] [org.gradle.cache.internal.DefaultFileLockManager] Releasing lock on daemon addresses registry.
2024-08-03T10:16:10.737+0700 [DEBUG] [org.gradle.cache.internal.DefaultFileLockManager] Waiting to acquire shared lock on daemon addresses registry.
2024-08-03T10:16:10.737+0700 [DEBUG] [org.gradle.cache.internal.DefaultFileLockManager] Lock acquired on daemon addresses registry.
2024-08-03T10:16:10.737+0700 [DEBUG] [org.gradle.cache.internal.DefaultFileLockManager] Releasing lock on daemon addresses registry.
2024-08-03T10:16:10.738+0700 [DEBUG] [org.gradle.cache.internal.DefaultFileLockManager] Waiting to acquire shared lock on daemon addresses registry.
2024-08-03T10:16:10.738+0700 [DEBUG] [org.gradle.cache.internal.DefaultFileLockManager] Lock acquired on daemon addresses registry.
2024-08-03T10:16:10.739+0700 [DEBUG] [org.gradle.cache.internal.DefaultFileLockManager] Releasing lock on daemon addresses registry.
2024-08-03T10:16:10.740+0700 [DEBUG] [org.gradle.cache.internal.DefaultFileLockManager] Waiting to acquire shared lock on daemon addresses registry.
2024-08-03T10:16:10.740+0700 [DEBUG] [org.gradle.cache.internal.DefaultFileLockManager] Lock acquired on daemon addresses registry.
2024-08-03T10:16:10.740+0700 [DEBUG] [org.gradle.cache.internal.DefaultFileLockManager] Releasing lock on daemon addresses registry.
2024-08-03T10:16:20.736+0700 [DEBUG] [org.gradle.cache.internal.DefaultFileLockManager] Waiting to acquire shared lock on daemon addresses registry.
2024-08-03T10:16:20.736+0700 [DEBUG] [org.gradle.cache.internal.DefaultFileLockManager] Lock acquired on daemon addresses registry.
2024-08-03T10:16:20.736+0700 [DEBUG] [org.gradle.cache.internal.DefaultFileLockManager] Releasing lock on daemon addresses registry.
2024-08-03T10:16:20.737+0700 [DEBUG] [org.gradle.cache.internal.DefaultFileLockManager] Waiting to acquire shared lock on daemon addresses registry.
2024-08-03T10:16:20.737+0700 [DEBUG] [org.gradle.cache.internal.DefaultFileLockManager] Lock acquired on daemon addresses registry.
2024-08-03T10:16:20.737+0700 [DEBUG] [org.gradle.cache.internal.DefaultFileLockManager] Releasing lock on daemon addresses registry.
2024-08-03T10:16:20.738+0700 [DEBUG] [org.gradle.cache.internal.DefaultFileLockManager] Waiting to acquire shared lock on daemon addresses registry.
2024-08-03T10:16:20.738+0700 [DEBUG] [org.gradle.cache.internal.DefaultFileLockManager] Lock acquired on daemon addresses registry.
2024-08-03T10:16:20.738+0700 [DEBUG] [org.gradle.cache.internal.DefaultFileLockManager] Releasing lock on daemon addresses registry.
2024-08-03T10:16:30.736+0700 [DEBUG] [org.gradle.cache.internal.DefaultFileLockManager] Waiting to acquire shared lock on daemon addresses registry.
2024-08-03T10:16:30.736+0700 [DEBUG] [org.gradle.cache.internal.DefaultFileLockManager] Lock acquired on daemon addresses registry.
2024-08-03T10:16:30.736+0700 [DEBUG] [org.gradle.cache.internal.DefaultFileLockManager] Releasing lock on daemon addresses registry.
2024-08-03T10:16:30.737+0700 [DEBUG] [org.gradle.cache.internal.DefaultFileLockManager] Waiting to acquire shared lock on daemon addresses registry.
2024-08-03T10:16:30.738+0700 [DEBUG] [org.gradle.cache.internal.DefaultFileLockManager] Lock acquired on daemon addresses registry.
2024-08-03T10:16:30.738+0700 [DEBUG] [org.gradle.cache.internal.DefaultFileLockManager] Releasing lock on daemon addresses registry.
2024-08-03T10:16:30.739+0700 [DEBUG] [org.gradle.cache.internal.DefaultFileLockManager] Waiting to acquire shared lock on daemon addresses registry.
2024-08-03T10:16:30.739+0700 [DEBUG] [org.gradle.cache.internal.DefaultFileLockManager] Lock acquired on daemon addresses registry.
2024-08-03T10:16:30.739+0700 [DEBUG] [org.gradle.cache.internal.DefaultFileLockManager] Releasing lock on daemon addresses registry.
2024-08-03T10:16:40.736+0700 [DEBUG] [org.gradle.cache.internal.DefaultFileLockManager] Waiting to acquire shared lock on daemon addresses registry.
2024-08-03T10:16:40.736+0700 [DEBUG] [org.gradle.cache.internal.DefaultFileLockManager] Lock acquired on daemon addresses registry.
2024-08-03T10:16:40.736+0700 [DEBUG] [org.gradle.cache.internal.DefaultFileLockManager] Releasing lock on daemon addresses registry.
2024-08-03T10:16:40.737+0700 [DEBUG] [org.gradle.cache.internal.DefaultFileLockManager] Waiting to acquire shared lock on daemon addresses registry.
2024-08-03T10:16:40.738+0700 [DEBUG] [org.gradle.cache.internal.DefaultFileLockManager] Lock acquired on daemon addresses registry.
2024-08-03T10:16:40.738+0700 [DEBUG] [org.gradle.cache.internal.DefaultFileLockManager] Releasing lock on daemon addresses registry.
2024-08-03T10:16:40.739+0700 [DEBUG] [org.gradle.cache.internal.DefaultFileLockManager] Waiting to acquire shared lock on daemon addresses registry.
2024-08-03T10:16:40.739+0700 [DEBUG] [org.gradle.cache.internal.DefaultFileLockManager] Lock acquired on daemon addresses registry.
2024-08-03T10:16:40.740+0700 [DEBUG] [org.gradle.cache.internal.DefaultFileLockManager] Releasing lock on daemon addresses registry.
2024-08-03T10:16:50.735+0700 [DEBUG] [org.gradle.cache.internal.DefaultFileLockManager] Waiting to acquire shared lock on daemon addresses registry.
2024-08-03T10:16:50.735+0700 [DEBUG] [org.gradle.cache.internal.DefaultFileLockManager] Lock acquired on daemon addresses registry.
2024-08-03T10:16:50.735+0700 [DEBUG] [org.gradle.cache.internal.DefaultFileLockManager] Releasing lock on daemon addresses registry.
2024-08-03T10:16:50.737+0700 [DEBUG] [org.gradle.cache.internal.DefaultFileLockManager] Waiting to acquire shared lock on daemon addresses registry.
2024-08-03T10:16:50.737+0700 [DEBUG] [org.gradle.cache.internal.DefaultFileLockManager] Lock acquired on daemon addresses registry.
2024-08-03T10:16:50.737+0700 [DEBUG] [org.gradle.cache.internal.DefaultFileLockManager] Releasing lock on daemon addresses registry.
2024-08-03T10:16:50.738+0700 [DEBUG] [org.gradle.cache.internal.DefaultFileLockManager] Waiting to acquire shared lock on daemon addresses registry.
2024-08-03T10:16:50.738+0700 [DEBUG] [org.gradle.cache.internal.DefaultFileLockManager] Lock acquired on daemon addresses registry.
2024-08-03T10:16:50.738+0700 [DEBUG] [org.gradle.cache.internal.DefaultFileLockManager] Releasing lock on daemon addresses registry.
2024-08-03T10:17:00.737+0700 [DEBUG] [org.gradle.cache.internal.DefaultFileLockManager] Waiting to acquire shared lock on daemon addresses registry.
2024-08-03T10:17:00.737+0700 [DEBUG] [org.gradle.cache.internal.DefaultFileLockManager] Lock acquired on daemon addresses registry.
2024-08-03T10:17:00.737+0700 [DEBUG] [org.gradle.cache.internal.DefaultFileLockManager] Releasing lock on daemon addresses registry.
2024-08-03T10:17:00.738+0700 [DEBUG] [org.gradle.cache.internal.DefaultFileLockManager] Waiting to acquire shared lock on daemon addresses registry.
2024-08-03T10:17:00.739+0700 [DEBUG] [org.gradle.cache.internal.DefaultFileLockManager] Lock acquired on daemon addresses registry.
2024-08-03T10:17:00.739+0700 [DEBUG] [org.gradle.cache.internal.DefaultFileLockManager] Releasing lock on daemon addresses registry.
2024-08-03T10:17:00.740+0700 [DEBUG] [org.gradle.cache.internal.DefaultFileLockManager] Waiting to acquire shared lock on daemon addresses registry.
2024-08-03T10:17:00.740+0700 [DEBUG] [org.gradle.cache.internal.DefaultFileLockManager] Lock acquired on daemon addresses registry.
2024-08-03T10:17:00.740+0700 [DEBUG] [org.gradle.cache.internal.DefaultFileLockManager] Releasing lock on daemon addresses registry.
2024-08-03T10:17:03.555+0700 [DEBUG] [sun.rmi.transport.tcp] RMI TCP Connection(2)-127.0.0.1: accepted socket from [127.0.0.1:51641]
2024-08-03T10:17:03.557+0700 [DEBUG] [sun.rmi.transport.tcp] RMI TCP Connection(2)-127.0.0.1: (port 50865) op = 80
2024-08-03T10:17:03.558+0700 [DEBUG] [sun.rmi.loader] RMI TCP Connection(2)-127.0.0.1: name = "[Ljava.rmi.server.ObjID;", codebase = "", defaultLoader = jdk.internal.loader.ClassLoaders$PlatformClassLoader@1867bd2d
2024-08-03T10:17:03.558+0700 [DEBUG] [sun.rmi.loader] RMI TCP Connection(2)-127.0.0.1: name = "java.rmi.dgc.Lease", codebase = "", defaultLoader = jdk.internal.loader.ClassLoaders$PlatformClassLoader@1867bd2d
2024-08-03T10:17:03.558+0700 [DEBUG] [sun.rmi.loader] RMI TCP Connection(2)-127.0.0.1: name = "java.rmi.dgc.VMID", codebase = "", defaultLoader = jdk.internal.loader.ClassLoaders$PlatformClassLoader@1867bd2d
2024-08-03T10:17:03.558+0700 [DEBUG] [sun.rmi.loader] RMI TCP Connection(2)-127.0.0.1: name = "[B", codebase = "", defaultLoader = jdk.internal.loader.ClassLoaders$PlatformClassLoader@1867bd2d
2024-08-03T10:17:03.558+0700 [DEBUG] [sun.rmi.loader] RMI TCP Connection(2)-127.0.0.1: name = "java.rmi.server.UID", codebase = "", defaultLoader = jdk.internal.loader.ClassLoaders$PlatformClassLoader@1867bd2d
2024-08-03T10:17:10.736+0700 [DEBUG] [org.gradle.cache.internal.DefaultFileLockManager] Waiting to acquire shared lock on daemon addresses registry.
2024-08-03T10:17:10.736+0700 [DEBUG] [org.gradle.cache.internal.DefaultFileLockManager] Lock acquired on daemon addresses registry.
2024-08-03T10:17:10.737+0700 [DEBUG] [org.gradle.cache.internal.DefaultFileLockManager] Releasing lock on daemon addresses registry.
2024-08-03T10:17:10.738+0700 [DEBUG] [org.gradle.cache.internal.DefaultFileLockManager] Waiting to acquire shared lock on daemon addresses registry.
2024-08-03T10:17:10.738+0700 [DEBUG] [org.gradle.cache.internal.DefaultFileLockManager] Lock acquired on daemon addresses registry.
2024-08-03T10:17:10.738+0700 [DEBUG] [org.gradle.cache.internal.DefaultFileLockManager] Releasing lock on daemon addresses registry.
2024-08-03T10:17:10.739+0700 [DEBUG] [org.gradle.cache.internal.DefaultFileLockManager] Waiting to acquire shared lock on daemon addresses registry.
2024-08-03T10:17:10.739+0700 [DEBUG] [org.gradle.cache.internal.DefaultFileLockManager] Lock acquired on daemon addresses registry.
2024-08-03T10:17:10.739+0700 [DEBUG] [org.gradle.cache.internal.DefaultFileLockManager] Releasing lock on daemon addresses registry.
2024-08-03T10:17:18.559+0700 [DEBUG] [sun.rmi.transport.tcp] RMI TCP Connection(2)-127.0.0.1: (port 50865) connection closed
2024-08-03T10:17:18.560+0700 [DEBUG] [sun.rmi.transport.tcp] RMI TCP Connection(2)-127.0.0.1: close connection, socket: Socket[addr=/127.0.0.1,port=51641,localport=50865]
2024-08-03T10:17:18.560+0700 [DEBUG] [sun.rmi.transport.tcp] RMI TCP Connection(2)-127.0.0.1: socket close: Socket[addr=/127.0.0.1,port=51641,localport=50865]
2024-08-03T10:17:20.735+0700 [DEBUG] [org.gradle.cache.internal.DefaultFileLockManager] Waiting to acquire shared lock on daemon addresses registry.
2024-08-03T10:17:20.735+0700 [DEBUG] [org.gradle.cache.internal.DefaultFileLockManager] Lock acquired on daemon addresses registry.
2024-08-03T10:17:20.735+0700 [DEBUG] [org.gradle.cache.internal.DefaultFileLockManager] Releasing lock on daemon addresses registry.
2024-08-03T10:17:20.737+0700 [DEBUG] [org.gradle.cache.internal.DefaultFileLockManager] Waiting to acquire shared lock on daemon addresses registry.
2024-08-03T10:17:20.737+0700 [DEBUG] [org.gradle.cache.internal.DefaultFileLockManager] Lock acquired on daemon addresses registry.
2024-08-03T10:17:20.737+0700 [DEBUG] [org.gradle.cache.internal.DefaultFileLockManager] Releasing lock on daemon addresses registry.
2024-08-03T10:17:20.738+0700 [DEBUG] [org.gradle.cache.internal.DefaultFileLockManager] Waiting to acquire shared lock on daemon addresses registry.
2024-08-03T10:17:20.738+0700 [DEBUG] [org.gradle.cache.internal.DefaultFileLockManager] Lock acquired on daemon addresses registry.
2024-08-03T10:17:20.739+0700 [DEBUG] [org.gradle.cache.internal.DefaultFileLockManager] Releasing lock on daemon addresses registry.
2024-08-03T10:17:30.736+0700 [DEBUG] [org.gradle.cache.internal.DefaultFileLockManager] Waiting to acquire shared lock on daemon addresses registry.
2024-08-03T10:17:30.736+0700 [DEBUG] [org.gradle.cache.internal.DefaultFileLockManager] Lock acquired on daemon addresses registry.
2024-08-03T10:17:30.736+0700 [DEBUG] [org.gradle.cache.internal.DefaultFileLockManager] Releasing lock on daemon addresses registry.
2024-08-03T10:17:30.738+0700 [DEBUG] [org.gradle.cache.internal.DefaultFileLockManager] Waiting to acquire shared lock on daemon addresses registry.
2024-08-03T10:17:30.738+0700 [DEBUG] [org.gradle.cache.internal.DefaultFileLockManager] Lock acquired on daemon addresses registry.
2024-08-03T10:17:30.738+0700 [DEBUG] [org.gradle.cache.internal.DefaultFileLockManager] Releasing lock on daemon addresses registry.
2024-08-03T10:17:30.739+0700 [DEBUG] [org.gradle.cache.internal.DefaultFileLockManager] Waiting to acquire shared lock on daemon addresses registry.
2024-08-03T10:17:30.739+0700 [DEBUG] [org.gradle.cache.internal.DefaultFileLockManager] Lock acquired on daemon addresses registry.
2024-08-03T10:17:30.740+0700 [DEBUG] [org.gradle.cache.internal.DefaultFileLockManager] Releasing lock on daemon addresses registry.
2024-08-03T10:17:40.735+0700 [DEBUG] [org.gradle.cache.internal.DefaultFileLockManager] Waiting to acquire shared lock on daemon addresses registry.
2024-08-03T10:17:40.735+0700 [DEBUG] [org.gradle.cache.internal.DefaultFileLockManager] Lock acquired on daemon addresses registry.
2024-08-03T10:17:40.735+0700 [DEBUG] [org.gradle.cache.internal.DefaultFileLockManager] Releasing lock on daemon addresses registry.
2024-08-03T10:17:40.736+0700 [DEBUG] [org.gradle.cache.internal.DefaultFileLockManager] Waiting to acquire shared lock on daemon addresses registry.
2024-08-03T10:17:40.736+0700 [DEBUG] [org.gradle.cache.internal.DefaultFileLockManager] Lock acquired on daemon addresses registry.
2024-08-03T10:17:40.736+0700 [DEBUG] [org.gradle.cache.internal.DefaultFileLockManager] Releasing lock on daemon addresses registry.
2024-08-03T10:17:40.737+0700 [DEBUG] [org.gradle.cache.internal.DefaultFileLockManager] Waiting to acquire shared lock on daemon addresses registry.
2024-08-03T10:17:40.737+0700 [DEBUG] [org.gradle.cache.internal.DefaultFileLockManager] Lock acquired on daemon addresses registry.
2024-08-03T10:17:40.737+0700 [DEBUG] [org.gradle.cache.internal.DefaultFileLockManager] Releasing lock on daemon addresses registry.
2024-08-03T10:17:50.734+0700 [DEBUG] [org.gradle.cache.internal.DefaultFileLockManager] Waiting to acquire shared lock on daemon addresses registry.
2024-08-03T10:17:50.735+0700 [DEBUG] [org.gradle.cache.internal.DefaultFileLockManager] Lock acquired on daemon addresses registry.
2024-08-03T10:17:50.735+0700 [DEBUG] [org.gradle.cache.internal.DefaultFileLockManager] Releasing lock on daemon addresses registry.
2024-08-03T10:17:50.736+0700 [DEBUG] [org.gradle.cache.internal.DefaultFileLockManager] Waiting to acquire shared lock on daemon addresses registry.
2024-08-03T10:17:50.736+0700 [DEBUG] [org.gradle.cache.internal.DefaultFileLockManager] Lock acquired on daemon addresses registry.
2024-08-03T10:17:50.736+0700 [DEBUG] [org.gradle.cache.internal.DefaultFileLockManager] Releasing lock on daemon addresses registry.
2024-08-03T10:17:50.737+0700 [DEBUG] [org.gradle.cache.internal.DefaultFileLockManager] Waiting to acquire shared lock on daemon addresses registry.
2024-08-03T10:17:50.737+0700 [DEBUG] [org.gradle.cache.internal.DefaultFileLockManager] Lock acquired on daemon addresses registry.
2024-08-03T10:17:50.737+0700 [DEBUG] [org.gradle.cache.internal.DefaultFileLockManager] Releasing lock on daemon addresses registry.
2024-08-03T10:18:00.736+0700 [DEBUG] [org.gradle.cache.internal.DefaultFileLockManager] Waiting to acquire shared lock on daemon addresses registry.
2024-08-03T10:18:00.737+0700 [DEBUG] [org.gradle.cache.internal.DefaultFileLockManager] Lock acquired on daemon addresses registry.
2024-08-03T10:18:00.737+0700 [DEBUG] [org.gradle.cache.internal.DefaultFileLockManager] Releasing lock on daemon addresses registry.
2024-08-03T10:18:00.738+0700 [DEBUG] [org.gradle.cache.internal.DefaultFileLockManager] Waiting to acquire shared lock on daemon addresses registry.
2024-08-03T10:18:00.738+0700 [DEBUG] [org.gradle.cache.internal.DefaultFileLockManager] Lock acquired on daemon addresses registry.
2024-08-03T10:18:00.739+0700 [DEBUG] [org.gradle.cache.internal.DefaultFileLockManager] Releasing lock on daemon addresses registry.
2024-08-03T10:18:00.739+0700 [DEBUG] [org.gradle.cache.internal.DefaultFileLockManager] Waiting to acquire shared lock on daemon addresses registry.
2024-08-03T10:18:00.739+0700 [DEBUG] [org.gradle.cache.internal.DefaultFileLockManager] Lock acquired on daemon addresses registry.
2024-08-03T10:18:00.740+0700 [DEBUG] [org.gradle.cache.internal.DefaultFileLockManager] Releasing lock on daemon addresses registry.
2024-08-03T10:18:10.735+0700 [DEBUG] [org.gradle.cache.internal.DefaultFileLockManager] Waiting to acquire shared lock on daemon addresses registry.
2024-08-03T10:18:10.735+0700 [DEBUG] [org.gradle.cache.internal.DefaultFileLockManager] Lock acquired on daemon addresses registry.
2024-08-03T10:18:10.735+0700 [DEBUG] [org.gradle.cache.internal.DefaultFileLockManager] Releasing lock on daemon addresses registry.
2024-08-03T10:18:10.736+0700 [DEBUG] [org.gradle.cache.internal.DefaultFileLockManager] Waiting to acquire shared lock on daemon addresses registry.
2024-08-03T10:18:10.736+0700 [DEBUG] [org.gradle.cache.internal.DefaultFileLockManager] Lock acquired on daemon addresses registry.
2024-08-03T10:18:10.737+0700 [DEBUG] [org.gradle.cache.internal.DefaultFileLockManager] Releasing lock on daemon addresses registry.
2024-08-03T10:18:10.737+0700 [DEBUG] [org.gradle.cache.internal.DefaultFileLockManager] Waiting to acquire shared lock on daemon addresses registry.
2024-08-03T10:18:10.738+0700 [DEBUG] [org.gradle.cache.internal.DefaultFileLockManager] Lock acquired on daemon addresses registry.
2024-08-03T10:18:10.738+0700 [DEBUG] [org.gradle.cache.internal.DefaultFileLockManager] Releasing lock on daemon addresses registry.
2024-08-03T10:18:20.735+0700 [DEBUG] [org.gradle.cache.internal.DefaultFileLockManager] Waiting to acquire shared lock on daemon addresses registry.
2024-08-03T10:18:20.736+0700 [DEBUG] [org.gradle.cache.internal.DefaultFileLockManager] Lock acquired on daemon addresses registry.
2024-08-03T10:18:20.736+0700 [DEBUG] [org.gradle.cache.internal.DefaultFileLockManager] Releasing lock on daemon addresses registry.
2024-08-03T10:18:20.737+0700 [DEBUG] [org.gradle.cache.internal.DefaultFileLockManager] Waiting to acquire shared lock on daemon addresses registry.
2024-08-03T10:18:20.737+0700 [DEBUG] [org.gradle.cache.internal.DefaultFileLockManager] Lock acquired on daemon addresses registry.
2024-08-03T10:18:20.737+0700 [DEBUG] [org.gradle.cache.internal.DefaultFileLockManager] Releasing lock on daemon addresses registry.
2024-08-03T10:18:20.738+0700 [DEBUG] [org.gradle.cache.internal.DefaultFileLockManager] Waiting to acquire shared lock on daemon addresses registry.
2024-08-03T10:18:20.739+0700 [DEBUG] [org.gradle.cache.internal.DefaultFileLockManager] Lock acquired on daemon addresses registry.
2024-08-03T10:18:20.739+0700 [DEBUG] [org.gradle.cache.internal.DefaultFileLockManager] Releasing lock on daemon addresses registry.
2024-08-03T10:18:30.737+0700 [DEBUG] [org.gradle.cache.internal.DefaultFileLockManager] Waiting to acquire shared lock on daemon addresses registry.
2024-08-03T10:18:30.737+0700 [DEBUG] [org.gradle.cache.internal.DefaultFileLockManager] Lock acquired on daemon addresses registry.
2024-08-03T10:18:30.737+0700 [DEBUG] [org.gradle.cache.internal.DefaultFileLockManager] Releasing lock on daemon addresses registry.
2024-08-03T10:18:30.738+0700 [DEBUG] [org.gradle.cache.internal.DefaultFileLockManager] Waiting to acquire shared lock on daemon addresses registry.
2024-08-03T10:18:30.739+0700 [DEBUG] [org.gradle.cache.internal.DefaultFileLockManager] Lock acquired on daemon addresses registry.
2024-08-03T10:18:30.739+0700 [DEBUG] [org.gradle.cache.internal.DefaultFileLockManager] Releasing lock on daemon addresses registry.
2024-08-03T10:18:30.740+0700 [DEBUG] [org.gradle.cache.internal.DefaultFileLockManager] Waiting to acquire shared lock on daemon addresses registry.
2024-08-03T10:18:30.740+0700 [DEBUG] [org.gradle.cache.internal.DefaultFileLockManager] Lock acquired on daemon addresses registry.
2024-08-03T10:18:30.740+0700 [DEBUG] [org.gradle.cache.internal.DefaultFileLockManager] Releasing lock on daemon addresses registry.
2024-08-03T10:18:40.735+0700 [DEBUG] [org.gradle.cache.internal.DefaultFileLockManager] Waiting to acquire shared lock on daemon addresses registry.
2024-08-03T10:18:40.735+0700 [DEBUG] [org.gradle.cache.internal.DefaultFileLockManager] Lock acquired on daemon addresses registry.
2024-08-03T10:18:40.735+0700 [DEBUG] [org.gradle.cache.internal.DefaultFileLockManager] Releasing lock on daemon addresses registry.
2024-08-03T10:18:40.736+0700 [DEBUG] [org.gradle.cache.internal.DefaultFileLockManager] Waiting to acquire shared lock on daemon addresses registry.
2024-08-03T10:18:40.736+0700 [DEBUG] [org.gradle.cache.internal.DefaultFileLockManager] Lock acquired on daemon addresses registry.
2024-08-03T10:18:40.737+0700 [DEBUG] [org.gradle.cache.internal.DefaultFileLockManager] Releasing lock on daemon addresses registry.
2024-08-03T10:18:40.737+0700 [DEBUG] [org.gradle.cache.internal.DefaultFileLockManager] Waiting to acquire shared lock on daemon addresses registry.
2024-08-03T10:18:40.738+0700 [DEBUG] [org.gradle.cache.internal.DefaultFileLockManager] Lock acquired on daemon addresses registry.
2024-08-03T10:18:40.738+0700 [DEBUG] [org.gradle.cache.internal.DefaultFileLockManager] Releasing lock on daemon addresses registry.
2024-08-03T10:18:50.735+0700 [DEBUG] [org.gradle.cache.internal.DefaultFileLockManager] Waiting to acquire shared lock on daemon addresses registry.
2024-08-03T10:18:50.736+0700 [DEBUG] [org.gradle.cache.internal.DefaultFileLockManager] Lock acquired on daemon addresses registry.
2024-08-03T10:18:50.736+0700 [DEBUG] [org.gradle.cache.internal.DefaultFileLockManager] Releasing lock on daemon addresses registry.
2024-08-03T10:18:50.737+0700 [DEBUG] [org.gradle.cache.internal.DefaultFileLockManager] Waiting to acquire shared lock on daemon addresses registry.
2024-08-03T10:18:50.737+0700 [DEBUG] [org.gradle.cache.internal.DefaultFileLockManager] Lock acquired on daemon addresses registry.
2024-08-03T10:18:50.738+0700 [DEBUG] [org.gradle.cache.internal.DefaultFileLockManager] Releasing lock on daemon addresses registry.
2024-08-03T10:18:50.738+0700 [DEBUG] [org.gradle.cache.internal.DefaultFileLockManager] Waiting to acquire shared lock on daemon addresses registry.
2024-08-03T10:18:50.739+0700 [DEBUG] [org.gradle.cache.internal.DefaultFileLockManager] Lock acquired on daemon addresses registry.
2024-08-03T10:18:50.739+0700 [DEBUG] [org.gradle.cache.internal.DefaultFileLockManager] Releasing lock on daemon addresses registry.
2024-08-03T10:19:00.736+0700 [DEBUG] [org.gradle.cache.internal.DefaultFileLockManager] Waiting to acquire shared lock on daemon addresses registry.
2024-08-03T10:19:00.736+0700 [DEBUG] [org.gradle.cache.internal.DefaultFileLockManager] Lock acquired on daemon addresses registry.
2024-08-03T10:19:00.736+0700 [DEBUG] [org.gradle.cache.internal.DefaultFileLockManager] Releasing lock on daemon addresses registry.
2024-08-03T10:19:00.737+0700 [DEBUG] [org.gradle.cache.internal.DefaultFileLockManager] Waiting to acquire shared lock on daemon addresses registry.
2024-08-03T10:19:00.737+0700 [DEBUG] [org.gradle.cache.internal.DefaultFileLockManager] Lock acquired on daemon addresses registry.
2024-08-03T10:19:00.737+0700 [DEBUG] [org.gradle.cache.internal.DefaultFileLockManager] Releasing lock on daemon addresses registry.
2024-08-03T10:19:00.738+0700 [DEBUG] [org.gradle.cache.internal.DefaultFileLockManager] Waiting to acquire shared lock on daemon addresses registry.
2024-08-03T10:19:00.738+0700 [DEBUG] [org.gradle.cache.internal.DefaultFileLockManager] Lock acquired on daemon addresses registry.
2024-08-03T10:19:00.738+0700 [DEBUG] [org.gradle.cache.internal.DefaultFileLockManager] Releasing lock on daemon addresses registry.
2024-08-03T10:19:10.737+0700 [DEBUG] [org.gradle.cache.internal.DefaultFileLockManager] Waiting to acquire shared lock on daemon addresses registry.
2024-08-03T10:19:10.737+0700 [DEBUG] [org.gradle.cache.internal.DefaultFileLockManager] Lock acquired on daemon addresses registry.
2024-08-03T10:19:10.738+0700 [DEBUG] [org.gradle.cache.internal.DefaultFileLockManager] Releasing lock on daemon addresses registry.
2024-08-03T10:19:10.738+0700 [DEBUG] [org.gradle.cache.internal.DefaultFileLockManager] Waiting to acquire shared lock on daemon addresses registry.
2024-08-03T10:19:10.738+0700 [DEBUG] [org.gradle.cache.internal.DefaultFileLockManager] Lock acquired on daemon addresses registry.
2024-08-03T10:19:10.739+0700 [DEBUG] [org.gradle.cache.internal.DefaultFileLockManager] Releasing lock on daemon addresses registry.
2024-08-03T10:19:10.739+0700 [DEBUG] [org.gradle.cache.internal.DefaultFileLockManager] Waiting to acquire shared lock on daemon addresses registry.
2024-08-03T10:19:10.739+0700 [DEBUG] [org.gradle.cache.internal.DefaultFileLockManager] Lock acquired on daemon addresses registry.
2024-08-03T10:19:10.739+0700 [DEBUG] [org.gradle.cache.internal.DefaultFileLockManager] Releasing lock on daemon addresses registry.
2024-08-03T10:19:20.735+0700 [DEBUG] [org.gradle.cache.internal.DefaultFileLockManager] Waiting to acquire shared lock on daemon addresses registry.
2024-08-03T10:19:20.735+0700 [DEBUG] [org.gradle.cache.internal.DefaultFileLockManager] Lock acquired on daemon addresses registry.
2024-08-03T10:19:20.735+0700 [DEBUG] [org.gradle.cache.internal.DefaultFileLockManager] Releasing lock on daemon addresses registry.
2024-08-03T10:19:20.736+0700 [DEBUG] [org.gradle.cache.internal.DefaultFileLockManager] Waiting to acquire shared lock on daemon addresses registry.
2024-08-03T10:19:20.736+0700 [DEBUG] [org.gradle.cache.internal.DefaultFileLockManager] Lock acquired on daemon addresses registry.
2024-08-03T10:19:20.737+0700 [DEBUG] [org.gradle.cache.internal.DefaultFileLockManager] Releasing lock on daemon addresses registry.
2024-08-03T10:19:20.737+0700 [DEBUG] [org.gradle.cache.internal.DefaultFileLockManager] Waiting to acquire shared lock on daemon addresses registry.
2024-08-03T10:19:20.737+0700 [DEBUG] [org.gradle.cache.internal.DefaultFileLockManager] Lock acquired on daemon addresses registry.
2024-08-03T10:19:20.737+0700 [DEBUG] [org.gradle.cache.internal.DefaultFileLockManager] Releasing lock on daemon addresses registry.
2024-08-03T10:19:30.736+0700 [DEBUG] [org.gradle.cache.internal.DefaultFileLockManager] Waiting to acquire shared lock on daemon addresses registry.
2024-08-03T10:19:30.736+0700 [DEBUG] [org.gradle.cache.internal.DefaultFileLockManager] Lock acquired on daemon addresses registry.
2024-08-03T10:19:30.736+0700 [DEBUG] [org.gradle.cache.internal.DefaultFileLockManager] Releasing lock on daemon addresses registry.
2024-08-03T10:19:30.737+0700 [DEBUG] [org.gradle.cache.internal.DefaultFileLockManager] Waiting to acquire shared lock on daemon addresses registry.
2024-08-03T10:19:30.738+0700 [DEBUG] [org.gradle.cache.internal.DefaultFileLockManager] Lock acquired on daemon addresses registry.
2024-08-03T10:19:30.738+0700 [DEBUG] [org.gradle.cache.internal.DefaultFileLockManager] Releasing lock on daemon addresses registry.
2024-08-03T10:19:30.739+0700 [DEBUG] [org.gradle.cache.internal.DefaultFileLockManager] Waiting to acquire shared lock on daemon addresses registry.
2024-08-03T10:19:30.739+0700 [DEBUG] [org.gradle.cache.internal.DefaultFileLockManager] Lock acquired on daemon addresses registry.
2024-08-03T10:19:30.740+0700 [DEBUG] [org.gradle.cache.internal.DefaultFileLockManager] Releasing lock on daemon addresses registry.
2024-08-03T10:19:40.735+0700 [DEBUG] [org.gradle.cache.internal.DefaultFileLockManager] Waiting to acquire shared lock on daemon addresses registry.
2024-08-03T10:19:40.736+0700 [DEBUG] [org.gradle.cache.internal.DefaultFileLockManager] Lock acquired on daemon addresses registry.
2024-08-03T10:19:40.736+0700 [DEBUG] [org.gradle.cache.internal.DefaultFileLockManager] Releasing lock on daemon addresses registry.
2024-08-03T10:19:40.737+0700 [DEBUG] [org.gradle.cache.internal.DefaultFileLockManager] Waiting to acquire shared lock on daemon addresses registry.
2024-08-03T10:19:40.737+0700 [DEBUG] [org.gradle.cache.internal.DefaultFileLockManager] Lock acquired on daemon addresses registry.
2024-08-03T10:19:40.737+0700 [DEBUG] [org.gradle.cache.internal.DefaultFileLockManager] Releasing lock on daemon addresses registry.
2024-08-03T10:19:40.738+0700 [DEBUG] [org.gradle.cache.internal.DefaultFileLockManager] Waiting to acquire shared lock on daemon addresses registry.
2024-08-03T10:19:40.739+0700 [DEBUG] [org.gradle.cache.internal.DefaultFileLockManager] Lock acquired on daemon addresses registry.
2024-08-03T10:19:40.739+0700 [DEBUG] [org.gradle.cache.internal.DefaultFileLockManager] Releasing lock on daemon addresses registry.
2024-08-03T10:19:50.737+0700 [DEBUG] [org.gradle.cache.internal.DefaultFileLockManager] Waiting to acquire shared lock on daemon addresses registry.
2024-08-03T10:19:50.737+0700 [DEBUG] [org.gradle.cache.internal.DefaultFileLockManager] Lock acquired on daemon addresses registry.
2024-08-03T10:19:50.737+0700 [DEBUG] [org.gradle.cache.internal.DefaultFileLockManager] Releasing lock on daemon addresses registry.
2024-08-03T10:19:50.738+0700 [DEBUG] [org.gradle.cache.internal.DefaultFileLockManager] Waiting to acquire shared lock on daemon addresses registry.
2024-08-03T10:19:50.738+0700 [DEBUG] [org.gradle.cache.internal.DefaultFileLockManager] Lock acquired on daemon addresses registry.
2024-08-03T10:19:50.738+0700 [DEBUG] [org.gradle.cache.internal.DefaultFileLockManager] Releasing lock on daemon addresses registry.
2024-08-03T10:19:50.739+0700 [DEBUG] [org.gradle.cache.internal.DefaultFileLockManager] Waiting to acquire shared lock on daemon addresses registry.
2024-08-03T10:19:50.739+0700 [DEBUG] [org.gradle.cache.internal.DefaultFileLockManager] Lock acquired on daemon addresses registry.
2024-08-03T10:19:50.740+0700 [DEBUG] [org.gradle.cache.internal.DefaultFileLockManager] Releasing lock on daemon addresses registry.
2024-08-03T10:20:00.734+0700 [DEBUG] [org.gradle.cache.internal.DefaultFileLockManager] Waiting to acquire shared lock on daemon addresses registry.
2024-08-03T10:20:00.735+0700 [DEBUG] [org.gradle.cache.internal.DefaultFileLockManager] Lock acquired on daemon addresses registry.
2024-08-03T10:20:00.735+0700 [DEBUG] [org.gradle.cache.internal.DefaultFileLockManager] Releasing lock on daemon addresses registry.
2024-08-03T10:20:00.736+0700 [DEBUG] [org.gradle.cache.internal.DefaultFileLockManager] Waiting to acquire shared lock on daemon addresses registry.
2024-08-03T10:20:00.736+0700 [DEBUG] [org.gradle.cache.internal.DefaultFileLockManager] Lock acquired on daemon addresses registry.
2024-08-03T10:20:00.736+0700 [DEBUG] [org.gradle.cache.internal.DefaultFileLockManager] Releasing lock on daemon addresses registry.
2024-08-03T10:20:00.737+0700 [DEBUG] [org.gradle.cache.internal.DefaultFileLockManager] Waiting to acquire shared lock on daemon addresses registry.
2024-08-03T10:20:00.737+0700 [DEBUG] [org.gradle.cache.internal.DefaultFileLockManager] Lock acquired on daemon addresses registry.
2024-08-03T10:20:00.737+0700 [DEBUG] [org.gradle.cache.internal.DefaultFileLockManager] Releasing lock on daemon addresses registry.
2024-08-03T10:20:10.737+0700 [DEBUG] [org.gradle.cache.internal.DefaultFileLockManager] Waiting to acquire shared lock on daemon addresses registry.
2024-08-03T10:20:10.737+0700 [DEBUG] [org.gradle.cache.internal.DefaultFileLockManager] Lock acquired on daemon addresses registry.
2024-08-03T10:20:10.737+0700 [DEBUG] [org.gradle.cache.internal.DefaultFileLockManager] Releasing lock on daemon addresses registry.
2024-08-03T10:20:10.738+0700 [DEBUG] [org.gradle.cache.internal.DefaultFileLockManager] Waiting to acquire shared lock on daemon addresses registry.
2024-08-03T10:20:10.739+0700 [DEBUG] [org.gradle.cache.internal.DefaultFileLockManager] Lock acquired on daemon addresses registry.
2024-08-03T10:20:10.739+0700 [DEBUG] [org.gradle.cache.internal.DefaultFileLockManager] Releasing lock on daemon addresses registry.
2024-08-03T10:20:10.740+0700 [DEBUG] [org.gradle.cache.internal.DefaultFileLockManager] Waiting to acquire shared lock on daemon addresses registry.
2024-08-03T10:20:10.740+0700 [DEBUG] [org.gradle.cache.internal.DefaultFileLockManager] Lock acquired on daemon addresses registry.
2024-08-03T10:20:10.740+0700 [DEBUG] [org.gradle.cache.internal.DefaultFileLockManager] Releasing lock on daemon addresses registry.
2024-08-03T10:20:20.735+0700 [DEBUG] [org.gradle.cache.internal.DefaultFileLockManager] Waiting to acquire shared lock on daemon addresses registry.
2024-08-03T10:20:20.735+0700 [DEBUG] [org.gradle.cache.internal.DefaultFileLockManager] Lock acquired on daemon addresses registry.
2024-08-03T10:20:20.736+0700 [DEBUG] [org.gradle.cache.internal.DefaultFileLockManager] Releasing lock on daemon addresses registry.
2024-08-03T10:20:20.737+0700 [DEBUG] [org.gradle.cache.internal.DefaultFileLockManager] Waiting to acquire shared lock on daemon addresses registry.
2024-08-03T10:20:20.737+0700 [DEBUG] [org.gradle.cache.internal.DefaultFileLockManager] Lock acquired on daemon addresses registry.
2024-08-03T10:20:20.737+0700 [DEBUG] [org.gradle.cache.internal.DefaultFileLockManager] Releasing lock on daemon addresses registry.
2024-08-03T10:20:20.738+0700 [DEBUG] [org.gradle.cache.internal.DefaultFileLockManager] Waiting to acquire shared lock on daemon addresses registry.
2024-08-03T10:20:20.738+0700 [DEBUG] [org.gradle.cache.internal.DefaultFileLockManager] Lock acquired on daemon addresses registry.
2024-08-03T10:20:20.738+0700 [DEBUG] [org.gradle.cache.internal.DefaultFileLockManager] Releasing lock on daemon addresses registry.
2024-08-03T10:20:30.736+0700 [DEBUG] [org.gradle.cache.internal.DefaultFileLockManager] Waiting to acquire shared lock on daemon addresses registry.
2024-08-03T10:20:30.736+0700 [DEBUG] [org.gradle.cache.internal.DefaultFileLockManager] Lock acquired on daemon addresses registry.
2024-08-03T10:20:30.736+0700 [DEBUG] [org.gradle.cache.internal.DefaultFileLockManager] Releasing lock on daemon addresses registry.
2024-08-03T10:20:30.737+0700 [DEBUG] [org.gradle.cache.internal.DefaultFileLockManager] Waiting to acquire shared lock on daemon addresses registry.
2024-08-03T10:20:30.737+0700 [DEBUG] [org.gradle.cache.internal.DefaultFileLockManager] Lock acquired on daemon addresses registry.
2024-08-03T10:20:30.738+0700 [DEBUG] [org.gradle.cache.internal.DefaultFileLockManager] Releasing lock on daemon addresses registry.
2024-08-03T10:20:30.738+0700 [DEBUG] [org.gradle.cache.internal.DefaultFileLockManager] Waiting to acquire shared lock on daemon addresses registry.
2024-08-03T10:20:30.739+0700 [DEBUG] [org.gradle.cache.internal.DefaultFileLockManager] Lock acquired on daemon addresses registry.
2024-08-03T10:20:30.739+0700 [DEBUG] [org.gradle.cache.internal.DefaultFileLockManager] Releasing lock on daemon addresses registry.
2024-08-03T10:20:40.735+0700 [DEBUG] [org.gradle.cache.internal.DefaultFileLockManager] Waiting to acquire shared lock on daemon addresses registry.
2024-08-03T10:20:40.735+0700 [DEBUG] [org.gradle.cache.internal.DefaultFileLockManager] Lock acquired on daemon addresses registry.
2024-08-03T10:20:40.736+0700 [DEBUG] [org.gradle.cache.internal.DefaultFileLockManager] Releasing lock on daemon addresses registry.
2024-08-03T10:20:40.737+0700 [DEBUG] [org.gradle.cache.internal.DefaultFileLockManager] Waiting to acquire shared lock on daemon addresses registry.
2024-08-03T10:20:40.737+0700 [DEBUG] [org.gradle.cache.internal.DefaultFileLockManager] Lock acquired on daemon addresses registry.
2024-08-03T10:20:40.737+0700 [DEBUG] [org.gradle.cache.internal.DefaultFileLockManager] Releasing lock on daemon addresses registry.
2024-08-03T10:20:40.737+0700 [DEBUG] [org.gradle.cache.internal.DefaultFileLockManager] Waiting to acquire shared lock on daemon addresses registry.
2024-08-03T10:20:40.737+0700 [DEBUG] [org.gradle.cache.internal.DefaultFileLockManager] Lock acquired on daemon addresses registry.
2024-08-03T10:20:40.738+0700 [DEBUG] [org.gradle.cache.internal.DefaultFileLockManager] Releasing lock on daemon addresses registry.
2024-08-03T10:20:50.734+0700 [DEBUG] [org.gradle.cache.internal.DefaultFileLockManager] Waiting to acquire shared lock on daemon addresses registry.
2024-08-03T10:20:50.735+0700 [DEBUG] [org.gradle.cache.internal.DefaultFileLockManager] Lock acquired on daemon addresses registry.
2024-08-03T10:20:50.735+0700 [DEBUG] [org.gradle.cache.internal.DefaultFileLockManager] Releasing lock on daemon addresses registry.
2024-08-03T10:20:50.736+0700 [DEBUG] [org.gradle.cache.internal.DefaultFileLockManager] Waiting to acquire shared lock on daemon addresses registry.
2024-08-03T10:20:50.736+0700 [DEBUG] [org.gradle.cache.internal.DefaultFileLockManager] Lock acquired on daemon addresses registry.
2024-08-03T10:20:50.736+0700 [DEBUG] [org.gradle.cache.internal.DefaultFileLockManager] Releasing lock on daemon addresses registry.
2024-08-03T10:20:50.736+0700 [DEBUG] [org.gradle.cache.internal.DefaultFileLockManager] Waiting to acquire shared lock on daemon addresses registry.
2024-08-03T10:20:50.737+0700 [DEBUG] [org.gradle.cache.internal.DefaultFileLockManager] Lock acquired on daemon addresses registry.
2024-08-03T10:20:50.737+0700 [DEBUG] [org.gradle.cache.internal.DefaultFileLockManager] Releasing lock on daemon addresses registry.
2024-08-03T10:21:00.735+0700 [DEBUG] [org.gradle.cache.internal.DefaultFileLockManager] Waiting to acquire shared lock on daemon addresses registry.
2024-08-03T10:21:00.735+0700 [DEBUG] [org.gradle.cache.internal.DefaultFileLockManager] Lock acquired on daemon addresses registry.
2024-08-03T10:21:00.735+0700 [DEBUG] [org.gradle.cache.internal.DefaultFileLockManager] Releasing lock on daemon addresses registry.
2024-08-03T10:21:00.736+0700 [DEBUG] [org.gradle.cache.internal.DefaultFileLockManager] Waiting to acquire shared lock on daemon addresses registry.
2024-08-03T10:21:00.736+0700 [DEBUG] [org.gradle.cache.internal.DefaultFileLockManager] Lock acquired on daemon addresses registry.
2024-08-03T10:21:00.736+0700 [DEBUG] [org.gradle.cache.internal.DefaultFileLockManager] Releasing lock on daemon addresses registry.
2024-08-03T10:21:00.737+0700 [DEBUG] [org.gradle.cache.internal.DefaultFileLockManager] Waiting to acquire shared lock on daemon addresses registry.
2024-08-03T10:21:00.737+0700 [DEBUG] [org.gradle.cache.internal.DefaultFileLockManager] Lock acquired on daemon addresses registry.
2024-08-03T10:21:00.737+0700 [DEBUG] [org.gradle.cache.internal.DefaultFileLockManager] Releasing lock on daemon addresses registry.
2024-08-03T10:21:10.736+0700 [DEBUG] [org.gradle.cache.internal.DefaultFileLockManager] Waiting to acquire shared lock on daemon addresses registry.
2024-08-03T10:21:10.736+0700 [DEBUG] [org.gradle.cache.internal.DefaultFileLockManager] Lock acquired on daemon addresses registry.
2024-08-03T10:21:10.737+0700 [DEBUG] [org.gradle.cache.internal.DefaultFileLockManager] Releasing lock on daemon addresses registry.
2024-08-03T10:21:10.738+0700 [DEBUG] [org.gradle.cache.internal.DefaultFileLockManager] Waiting to acquire shared lock on daemon addresses registry.
2024-08-03T10:21:10.738+0700 [DEBUG] [org.gradle.cache.internal.DefaultFileLockManager] Lock acquired on daemon addresses registry.
2024-08-03T10:21:10.738+0700 [DEBUG] [org.gradle.cache.internal.DefaultFileLockManager] Releasing lock on daemon addresses registry.
2024-08-03T10:21:10.739+0700 [DEBUG] [org.gradle.cache.internal.DefaultFileLockManager] Waiting to acquire shared lock on daemon addresses registry.
2024-08-03T10:21:10.739+0700 [DEBUG] [org.gradle.cache.internal.DefaultFileLockManager] Lock acquired on daemon addresses registry.
2024-08-03T10:21:10.739+0700 [DEBUG] [org.gradle.cache.internal.DefaultFileLockManager] Releasing lock on daemon addresses registry.
2024-08-03T10:21:20.735+0700 [DEBUG] [org.gradle.cache.internal.DefaultFileLockManager] Waiting to acquire shared lock on daemon addresses registry.
2024-08-03T10:21:20.735+0700 [DEBUG] [org.gradle.cache.internal.DefaultFileLockManager] Lock acquired on daemon addresses registry.
2024-08-03T10:21:20.735+0700 [DEBUG] [org.gradle.cache.internal.DefaultFileLockManager] Releasing lock on daemon addresses registry.
2024-08-03T10:21:20.737+0700 [DEBUG] [org.gradle.cache.internal.DefaultFileLockManager] Waiting to acquire shared lock on daemon addresses registry.
2024-08-03T10:21:20.737+0700 [DEBUG] [org.gradle.cache.internal.DefaultFileLockManager] Lock acquired on daemon addresses registry.
2024-08-03T10:21:20.737+0700 [DEBUG] [org.gradle.cache.internal.DefaultFileLockManager] Releasing lock on daemon addresses registry.
2024-08-03T10:21:20.738+0700 [DEBUG] [org.gradle.cache.internal.DefaultFileLockManager] Waiting to acquire shared lock on daemon addresses registry.
2024-08-03T10:21:20.738+0700 [DEBUG] [org.gradle.cache.internal.DefaultFileLockManager] Lock acquired on daemon addresses registry.
2024-08-03T10:21:20.738+0700 [DEBUG] [org.gradle.cache.internal.DefaultFileLockManager] Releasing lock on daemon addresses registry.
2024-08-03T10:21:30.736+0700 [DEBUG] [org.gradle.cache.internal.DefaultFileLockManager] Waiting to acquire shared lock on daemon addresses registry.
2024-08-03T10:21:30.736+0700 [DEBUG] [org.gradle.cache.internal.DefaultFileLockManager] Lock acquired on daemon addresses registry.
2024-08-03T10:21:30.736+0700 [DEBUG] [org.gradle.cache.internal.DefaultFileLockManager] Releasing lock on daemon addresses registry.
2024-08-03T10:21:30.737+0700 [DEBUG] [org.gradle.cache.internal.DefaultFileLockManager] Waiting to acquire shared lock on daemon addresses registry.
2024-08-03T10:21:30.737+0700 [DEBUG] [org.gradle.cache.internal.DefaultFileLockManager] Lock acquired on daemon addresses registry.
2024-08-03T10:21:30.737+0700 [DEBUG] [org.gradle.cache.internal.DefaultFileLockManager] Releasing lock on daemon addresses registry.
2024-08-03T10:21:30.738+0700 [DEBUG] [org.gradle.cache.internal.DefaultFileLockManager] Waiting to acquire shared lock on daemon addresses registry.
2024-08-03T10:21:30.738+0700 [DEBUG] [org.gradle.cache.internal.DefaultFileLockManager] Lock acquired on daemon addresses registry.
2024-08-03T10:21:30.738+0700 [DEBUG] [org.gradle.cache.internal.DefaultFileLockManager] Releasing lock on daemon addresses registry.
2024-08-03T10:21:40.737+0700 [DEBUG] [org.gradle.cache.internal.DefaultFileLockManager] Waiting to acquire shared lock on daemon addresses registry.
2024-08-03T10:21:40.737+0700 [DEBUG] [org.gradle.cache.internal.DefaultFileLockManager] Lock acquired on daemon addresses registry.
2024-08-03T10:21:40.737+0700 [DEBUG] [org.gradle.cache.internal.DefaultFileLockManager] Releasing lock on daemon addresses registry.
2024-08-03T10:21:40.739+0700 [DEBUG] [org.gradle.cache.internal.DefaultFileLockManager] Waiting to acquire shared lock on daemon addresses registry.
2024-08-03T10:21:40.739+0700 [DEBUG] [org.gradle.cache.internal.DefaultFileLockManager] Lock acquired on daemon addresses registry.
2024-08-03T10:21:40.739+0700 [DEBUG] [org.gradle.cache.internal.DefaultFileLockManager] Releasing lock on daemon addresses registry.
2024-08-03T10:21:40.740+0700 [DEBUG] [org.gradle.cache.internal.DefaultFileLockManager] Waiting to acquire shared lock on daemon addresses registry.
2024-08-03T10:21:40.740+0700 [DEBUG] [org.gradle.cache.internal.DefaultFileLockManager] Lock acquired on daemon addresses registry.
2024-08-03T10:21:40.740+0700 [DEBUG] [org.gradle.cache.internal.DefaultFileLockManager] Releasing lock on daemon addresses registry.
2024-08-03T10:21:50.737+0700 [DEBUG] [org.gradle.cache.internal.DefaultFileLockManager] Waiting to acquire shared lock on daemon addresses registry.
2024-08-03T10:21:50.737+0700 [DEBUG] [org.gradle.cache.internal.DefaultFileLockManager] Lock acquired on daemon addresses registry.
2024-08-03T10:21:50.737+0700 [DEBUG] [org.gradle.cache.internal.DefaultFileLockManager] Releasing lock on daemon addresses registry.
2024-08-03T10:21:50.738+0700 [DEBUG] [org.gradle.cache.internal.DefaultFileLockManager] Waiting to acquire shared lock on daemon addresses registry.
2024-08-03T10:21:50.738+0700 [DEBUG] [org.gradle.cache.internal.DefaultFileLockManager] Lock acquired on daemon addresses registry.
2024-08-03T10:21:50.739+0700 [DEBUG] [org.gradle.cache.internal.DefaultFileLockManager] Releasing lock on daemon addresses registry.
2024-08-03T10:21:50.739+0700 [DEBUG] [org.gradle.cache.internal.DefaultFileLockManager] Waiting to acquire shared lock on daemon addresses registry.
2024-08-03T10:21:50.740+0700 [DEBUG] [org.gradle.cache.internal.DefaultFileLockManager] Lock acquired on daemon addresses registry.
2024-08-03T10:21:50.740+0700 [DEBUG] [org.gradle.cache.internal.DefaultFileLockManager] Releasing lock on daemon addresses registry.
2024-08-03T10:22:00.735+0700 [DEBUG] [org.gradle.cache.internal.DefaultFileLockManager] Waiting to acquire shared lock on daemon addresses registry.
2024-08-03T10:22:00.735+0700 [DEBUG] [org.gradle.cache.internal.DefaultFileLockManager] Lock acquired on daemon addresses registry.
2024-08-03T10:22:00.735+0700 [DEBUG] [org.gradle.cache.internal.DefaultFileLockManager] Releasing lock on daemon addresses registry.
2024-08-03T10:22:00.736+0700 [DEBUG] [org.gradle.cache.internal.DefaultFileLockManager] Waiting to acquire shared lock on daemon addresses registry.
2024-08-03T10:22:00.736+0700 [DEBUG] [org.gradle.cache.internal.DefaultFileLockManager] Lock acquired on daemon addresses registry.
2024-08-03T10:22:00.737+0700 [DEBUG] [org.gradle.cache.internal.DefaultFileLockManager] Releasing lock on daemon addresses registry.
2024-08-03T10:22:00.737+0700 [DEBUG] [org.gradle.cache.internal.DefaultFileLockManager] Waiting to acquire shared lock on daemon addresses registry.
2024-08-03T10:22:00.737+0700 [DEBUG] [org.gradle.cache.internal.DefaultFileLockManager] Lock acquired on daemon addresses registry.
2024-08-03T10:22:00.738+0700 [DEBUG] [org.gradle.cache.internal.DefaultFileLockManager] Releasing lock on daemon addresses registry.
2024-08-03T10:22:03.558+0700 [DEBUG] [sun.rmi.transport.tcp] RMI TCP Connection(3)-127.0.0.1: accepted socket from [127.0.0.1:51786]
2024-08-03T10:22:03.558+0700 [DEBUG] [sun.rmi.transport.tcp] RMI TCP Connection(3)-127.0.0.1: (port 50865) op = 80
2024-08-03T10:22:03.559+0700 [DEBUG] [sun.rmi.loader] RMI TCP Connection(3)-127.0.0.1: name = "[Ljava.rmi.server.ObjID;", codebase = "", defaultLoader = jdk.internal.loader.ClassLoaders$PlatformClassLoader@1867bd2d
2024-08-03T10:22:03.559+0700 [DEBUG] [sun.rmi.loader] RMI TCP Connection(3)-127.0.0.1: name = "java.rmi.dgc.Lease", codebase = "", defaultLoader = jdk.internal.loader.ClassLoaders$PlatformClassLoader@1867bd2d
2024-08-03T10:22:03.559+0700 [DEBUG] [sun.rmi.loader] RMI TCP Connection(3)-127.0.0.1: name = "java.rmi.dgc.VMID", codebase = "", defaultLoader = jdk.internal.loader.ClassLoaders$PlatformClassLoader@1867bd2d
2024-08-03T10:22:03.559+0700 [DEBUG] [sun.rmi.loader] RMI TCP Connection(3)-127.0.0.1: name = "[B", codebase = "", defaultLoader = jdk.internal.loader.ClassLoaders$PlatformClassLoader@1867bd2d
2024-08-03T10:22:03.559+0700 [DEBUG] [sun.rmi.loader] RMI TCP Connection(3)-127.0.0.1: name = "java.rmi.server.UID", codebase = "", defaultLoader = jdk.internal.loader.ClassLoaders$PlatformClassLoader@1867bd2d
2024-08-03T10:22:10.736+0700 [DEBUG] [org.gradle.cache.internal.DefaultFileLockManager] Waiting to acquire shared lock on daemon addresses registry.
2024-08-03T10:22:10.736+0700 [DEBUG] [org.gradle.cache.internal.DefaultFileLockManager] Lock acquired on daemon addresses registry.
2024-08-03T10:22:10.737+0700 [DEBUG] [org.gradle.cache.internal.DefaultFileLockManager] Releasing lock on daemon addresses registry.
2024-08-03T10:22:10.738+0700 [DEBUG] [org.gradle.cache.internal.DefaultFileLockManager] Waiting to acquire shared lock on daemon addresses registry.
2024-08-03T10:22:10.738+0700 [DEBUG] [org.gradle.cache.internal.DefaultFileLockManager] Lock acquired on daemon addresses registry.
2024-08-03T10:22:10.738+0700 [DEBUG] [org.gradle.cache.internal.DefaultFileLockManager] Releasing lock on daemon addresses registry.
2024-08-03T10:22:10.739+0700 [DEBUG] [org.gradle.cache.internal.DefaultFileLockManager] Waiting to acquire shared lock on daemon addresses registry.
2024-08-03T10:22:10.739+0700 [DEBUG] [org.gradle.cache.internal.DefaultFileLockManager] Lock acquired on daemon addresses registry.
2024-08-03T10:22:10.739+0700 [DEBUG] [org.gradle.cache.internal.DefaultFileLockManager] Releasing lock on daemon addresses registry.
2024-08-03T10:22:18.561+0700 [DEBUG] [sun.rmi.transport.tcp] RMI TCP Connection(3)-127.0.0.1: (port 50865) connection closed
2024-08-03T10:22:18.561+0700 [DEBUG] [sun.rmi.transport.tcp] RMI TCP Connection(3)-127.0.0.1: close connection, socket: Socket[addr=/127.0.0.1,port=51786,localport=50865]
2024-08-03T10:22:18.561+0700 [DEBUG] [sun.rmi.transport.tcp] RMI TCP Connection(3)-127.0.0.1: socket close: Socket[addr=/127.0.0.1,port=51786,localport=50865]
2024-08-03T10:22:20.735+0700 [DEBUG] [org.gradle.cache.internal.DefaultFileLockManager] Waiting to acquire shared lock on daemon addresses registry.
2024-08-03T10:22:20.735+0700 [DEBUG] [org.gradle.cache.internal.DefaultFileLockManager] Lock acquired on daemon addresses registry.
2024-08-03T10:22:20.735+0700 [DEBUG] [org.gradle.cache.internal.DefaultFileLockManager] Releasing lock on daemon addresses registry.
2024-08-03T10:22:20.736+0700 [DEBUG] [org.gradle.cache.internal.DefaultFileLockManager] Waiting to acquire shared lock on daemon addresses registry.
2024-08-03T10:22:20.736+0700 [DEBUG] [org.gradle.cache.internal.DefaultFileLockManager] Lock acquired on daemon addresses registry.
2024-08-03T10:22:20.736+0700 [DEBUG] [org.gradle.cache.internal.DefaultFileLockManager] Releasing lock on daemon addresses registry.
2024-08-03T10:22:20.737+0700 [DEBUG] [org.gradle.cache.internal.DefaultFileLockManager] Waiting to acquire shared lock on daemon addresses registry.
2024-08-03T10:22:20.737+0700 [DEBUG] [org.gradle.cache.internal.DefaultFileLockManager] Lock acquired on daemon addresses registry.
2024-08-03T10:22:20.737+0700 [DEBUG] [org.gradle.cache.internal.DefaultFileLockManager] Releasing lock on daemon addresses registry.
2024-08-03T10:22:30.735+0700 [DEBUG] [org.gradle.cache.internal.DefaultFileLockManager] Waiting to acquire shared lock on daemon addresses registry.
2024-08-03T10:22:30.735+0700 [DEBUG] [org.gradle.cache.internal.DefaultFileLockManager] Lock acquired on daemon addresses registry.
2024-08-03T10:22:30.735+0700 [DEBUG] [org.gradle.cache.internal.DefaultFileLockManager] Releasing lock on daemon addresses registry.
2024-08-03T10:22:30.736+0700 [DEBUG] [org.gradle.cache.internal.DefaultFileLockManager] Waiting to acquire shared lock on daemon addresses registry.
2024-08-03T10:22:30.736+0700 [DEBUG] [org.gradle.cache.internal.DefaultFileLockManager] Lock acquired on daemon addresses registry.
2024-08-03T10:22:30.737+0700 [DEBUG] [org.gradle.cache.internal.DefaultFileLockManager] Releasing lock on daemon addresses registry.
2024-08-03T10:22:30.738+0700 [DEBUG] [org.gradle.cache.internal.DefaultFileLockManager] Waiting to acquire shared lock on daemon addresses registry.
2024-08-03T10:22:30.738+0700 [DEBUG] [org.gradle.cache.internal.DefaultFileLockManager] Lock acquired on daemon addresses registry.
2024-08-03T10:22:30.738+0700 [DEBUG] [org.gradle.cache.internal.DefaultFileLockManager] Releasing lock on daemon addresses registry.
2024-08-03T10:22:40.735+0700 [DEBUG] [org.gradle.cache.internal.DefaultFileLockManager] Waiting to acquire shared lock on daemon addresses registry.
2024-08-03T10:22:40.736+0700 [DEBUG] [org.gradle.cache.internal.DefaultFileLockManager] Lock acquired on daemon addresses registry.
2024-08-03T10:22:40.736+0700 [DEBUG] [org.gradle.cache.internal.DefaultFileLockManager] Releasing lock on daemon addresses registry.
2024-08-03T10:22:40.737+0700 [DEBUG] [org.gradle.cache.internal.DefaultFileLockManager] Waiting to acquire shared lock on daemon addresses registry.
2024-08-03T10:22:40.737+0700 [DEBUG] [org.gradle.cache.internal.DefaultFileLockManager] Lock acquired on daemon addresses registry.
2024-08-03T10:22:40.737+0700 [DEBUG] [org.gradle.cache.internal.DefaultFileLockManager] Releasing lock on daemon addresses registry.
2024-08-03T10:22:40.738+0700 [DEBUG] [org.gradle.cache.internal.DefaultFileLockManager] Waiting to acquire shared lock on daemon addresses registry.
2024-08-03T10:22:40.738+0700 [DEBUG] [org.gradle.cache.internal.DefaultFileLockManager] Lock acquired on daemon addresses registry.
2024-08-03T10:22:40.738+0700 [DEBUG] [org.gradle.cache.internal.DefaultFileLockManager] Releasing lock on daemon addresses registry.
2024-08-03T10:22:41.617+0700 [DEBUG] [org.gradle.internal.watch.vfs.impl.WatchingVirtualFileSystem] Handling VFS change REMOVED D:\AndroidStudioProjects\CoordinateProject\app\src\main\java\com\example\coordinateproject\playbackFeature\interfacePlayback\PlaybackMapsUpdater.kt
2024-08-03T10:22:41.869+0700 [DEBUG] [org.gradle.internal.watch.vfs.impl.WatchingVirtualFileSystem] Handling VFS change REMOVED D:\AndroidStudioProjects\CoordinateProject\app\src\main\java\com\example\coordinateproject\customMarker\CustomInfoWMO.kt
2024-08-03T10:22:41.870+0700 [DEBUG] [org.gradle.internal.watch.vfs.impl.WatchingVirtualFileSystem] Handling VFS change REMOVED D:\AndroidStudioProjects\CoordinateProject\app\src\main\java\com\example\coordinateproject\responseBypass\PlaybackAPI.kt
2024-08-03T10:22:41.951+0700 [DEBUG] [org.gradle.internal.watch.vfs.impl.WatchingVirtualFileSystem] Handling VFS change REMOVED D:\AndroidStudioProjects\CoordinateProject\gradle\caches\transforms-3\c562d916bd5de7e278528263ef9faf92\results.bin
2024-08-03T10:22:42.123+0700 [DEBUG] [org.gradle.internal.watch.vfs.impl.WatchingVirtualFileSystem] Handling VFS change REMOVED D:\AndroidStudioProjects\CoordinateProject\app\src\main\java\com\example\coordinateproject\playbackFeature\SidebarPlaybackFragment.kt
2024-08-03T10:22:42.124+0700 [DEBUG] [org.gradle.internal.watch.vfs.impl.WatchingVirtualFileSystem] Handling VFS change REMOVED D:\AndroidStudioProjects\CoordinateProject\app\src\main\java\com\example\coordinateproject\playbackFeature\ViewModel\PlaybackViewModel.kt
2024-08-03T10:22:42.124+0700 [DEBUG] [org.gradle.internal.watch.vfs.impl.WatchingVirtualFileSystem] Handling VFS change REMOVED D:\AndroidStudioProjects\CoordinateProject\app\src\main\res\layout\fragment_playback_detail.xml
2024-08-03T10:22:42.124+0700 [DEBUG] [org.gradle.internal.watch.vfs.impl.WatchingVirtualFileSystem] Handling VFS change REMOVED D:\AndroidStudioProjects\CoordinateProject\app\src\main\java\com\example\coordinateproject\playbackFeature\ViewModel
2024-08-03T10:22:42.125+0700 [DEBUG] [org.gradle.internal.watch.vfs.impl.WatchingVirtualFileSystem] Handling VFS change REMOVED D:\AndroidStudioProjects\CoordinateProject\app\src\main\res\layout\fragment_sidebar_playback.xml
2024-08-03T10:22:42.311+0700 [DEBUG] [org.gradle.internal.watch.vfs.impl.WatchingVirtualFileSystem] Handling VFS change REMOVED D:\AndroidStudioProjects\CoordinateProject\app\src\main\java\com\example\coordinateproject\MainActivity.kt
2024-08-03T10:22:42.312+0700 [DEBUG] [org.gradle.internal.watch.vfs.impl.WatchingVirtualFileSystem] Handling VFS change REMOVED D:\AndroidStudioProjects\CoordinateProject\app\src\main\res\drawable\pb_checkpoint_marker.png
2024-08-03T10:22:42.313+0700 [DEBUG] [org.gradle.internal.watch.vfs.impl.WatchingVirtualFileSystem] Handling VFS change REMOVED D:\AndroidStudioProjects\CoordinateProject\app\src\main\res\layout\fragment_poi.xml
2024-08-03T10:22:42.313+0700 [DEBUG] [org.gradle.internal.watch.vfs.impl.WatchingVirtualFileSystem] Handling VFS change REMOVED D:\AndroidStudioProjects\CoordinateProject\app\src\main\res\layout\fragment_ship_area.xml
2024-08-03T10:22:42.314+0700 [DEBUG] [org.gradle.internal.watch.vfs.impl.WatchingVirtualFileSystem] Handling VFS change REMOVED D:\AndroidStudioProjects\CoordinateProject\app\src\main\res\layout\item_kapal_area.xml
2024-08-03T10:22:42.395+0700 [DEBUG] [org.gradle.internal.watch.vfs.impl.WatchingVirtualFileSystem] Handling VFS change REMOVED D:\AndroidStudioProjects\CoordinateProject\gradle\caches\transforms-3\c562d916bd5de7e278528263ef9faf92\transformed\R_jar-snapshot.bin
2024-08-03T10:22:42.420+0700 [DEBUG] [org.gradle.internal.watch.vfs.impl.WatchingVirtualFileSystem] Handling VFS change REMOVED D:\AndroidStudioProjects\CoordinateProject\gradle\caches\transforms-3\c562d916bd5de7e278528263ef9faf92\transformed
2024-08-03T10:22:42.420+0700 [DEBUG] [org.gradle.internal.watch.vfs.impl.WatchingVirtualFileSystem] Handling VFS change REMOVED D:\AndroidStudioProjects\CoordinateProject\gradle\caches\transforms-3\c562d916bd5de7e278528263ef9faf92
2024-08-03T10:22:42.538+0700 [DEBUG] [org.gradle.internal.watch.vfs.impl.WatchingVirtualFileSystem] Handling VFS change REMOVED D:\AndroidStudioProjects\CoordinateProject\app\src\main\java\com\example\coordinateproject\customMarker\CustomInfoPlayback.kt
2024-08-03T10:22:42.538+0700 [DEBUG] [org.gradle.internal.watch.vfs.impl.WatchingVirtualFileSystem] Handling VFS change REMOVED D:\AndroidStudioProjects\CoordinateProject\app\src\main\res\drawable\baseline_home_24.xml
2024-08-03T10:22:42.788+0700 [DEBUG] [org.gradle.internal.watch.vfs.impl.WatchingVirtualFileSystem] Handling VFS change REMOVED D:\AndroidStudioProjects\CoordinateProject\app\src\main\res\drawable\updated_pb_checkpoint.png
2024-08-03T10:22:43.052+0700 [DEBUG] [org.gradle.internal.watch.vfs.impl.WatchingVirtualFileSystem] Handling VFS change REMOVED D:\AndroidStudioProjects\CoordinateProject\app\src\main\java\com\example\coordinateproject\ShipFragment.kt
2024-08-03T10:22:43.329+0700 [DEBUG] [org.gradle.internal.watch.vfs.impl.WatchingVirtualFileSystem] Handling VFS change REMOVED D:\AndroidStudioProjects\CoordinateProject\app\src\main\java\com\example\coordinateproject\playbackFeature\PlaybackMapsFragment.kt
2024-08-03T10:22:43.330+0700 [DEBUG] [org.gradle.internal.watch.vfs.impl.WatchingVirtualFileSystem] Handling VFS change REMOVED D:\AndroidStudioProjects\CoordinateProject\app\src\main\java\com\example\coordinateproject\playbackFeature\interfacePlayback\PlaybackDataListener.kt
2024-08-03T10:22:43.337+0700 [DEBUG] [org.gradle.internal.watch.vfs.impl.WatchingVirtualFileSystem] Handling VFS change REMOVED D:\AndroidStudioProjects\CoordinateProject\app\src\main\java\com\example\coordinateproject\playbackFeature\interfacePlayback
2024-08-03T10:22:43.542+0700 [DEBUG] [org.gradle.internal.watch.vfs.impl.WatchingVirtualFileSystem] Handling VFS change REMOVED D:\AndroidStudioProjects\CoordinateProject\app\src\main\res\layout\toolbar_playback.xml
2024-08-03T10:22:43.779+0700 [DEBUG] [org.gradle.internal.watch.vfs.impl.WatchingVirtualFileSystem] Handling VFS change REMOVED D:\AndroidStudioProjects\CoordinateProject\app\src\main\java\com\example\coordinateproject\MapsViewFragment.kt
2024-08-03T10:22:43.780+0700 [DEBUG] [org.gradle.internal.watch.vfs.impl.WatchingVirtualFileSystem] Handling VFS change REMOVED D:\AndroidStudioProjects\CoordinateProject\app\src\main\java\com\example\coordinateproject\playbackFeature\PlaybackActivity.kt
2024-08-03T10:22:50.735+0700 [DEBUG] [org.gradle.cache.internal.DefaultFileLockManager] Waiting to acquire shared lock on daemon addresses registry.
2024-08-03T10:22:50.735+0700 [DEBUG] [org.gradle.cache.internal.DefaultFileLockManager] Lock acquired on daemon addresses registry.
2024-08-03T10:22:50.735+0700 [DEBUG] [org.gradle.cache.internal.DefaultFileLockManager] Releasing lock on daemon addresses registry.
2024-08-03T10:22:50.736+0700 [DEBUG] [org.gradle.cache.internal.DefaultFileLockManager] Waiting to acquire shared lock on daemon addresses registry.
2024-08-03T10:22:50.736+0700 [DEBUG] [org.gradle.cache.internal.DefaultFileLockManager] Lock acquired on daemon addresses registry.
2024-08-03T10:22:50.736+0700 [DEBUG] [org.gradle.cache.internal.DefaultFileLockManager] Releasing lock on daemon addresses registry.
2024-08-03T10:22:50.737+0700 [DEBUG] [org.gradle.cache.internal.DefaultFileLockManager] Waiting to acquire shared lock on daemon addresses registry.
2024-08-03T10:22:50.737+0700 [DEBUG] [org.gradle.cache.internal.DefaultFileLockManager] Lock acquired on daemon addresses registry.
2024-08-03T10:22:50.737+0700 [DEBUG] [org.gradle.cache.internal.DefaultFileLockManager] Releasing lock on daemon addresses registry.
2024-08-03T10:22:50.784+0700 [DEBUG] [org.gradle.internal.watch.vfs.impl.WatchingVirtualFileSystem] Handling VFS change REMOVED D:\AndroidStudioProjects\CoordinateProject\app\src\main\res\drawable\wmo_detail_background.xml
2024-08-03T10:22:50.794+0700 [DEBUG] [org.gradle.internal.watch.vfs.impl.WatchingVirtualFileSystem] Handling VFS change REMOVED D:\AndroidStudioProjects\CoordinateProject\gradle\caches\8.0.2\scripts\1w9jf5saybqtsok6bdh8wt1n3\init\_BuildScript_$_run_closure1.class
2024-08-03T10:22:50.815+0700 [DEBUG] [org.gradle.internal.watch.vfs.impl.WatchingVirtualFileSystem] Handling VFS change REMOVED D:\AndroidStudioProjects\CoordinateProject\gradle\caches\8.0.2\scripts\8qee23iqna2b7t608153okp1f\settings\_BuildScript_$_run_closure1.class
2024-08-03T10:22:53.568+0700 [DEBUG] [org.gradle.internal.watch.vfs.impl.WatchingVirtualFileSystem] Handling VFS change REMOVED D:\AndroidStudioProjects\CoordinateProject\gradle\caches\modules-2\files-2.1\androidx.cardview\cardview\1.0.0\158dbc2e2bc502815821191b04446b8f663c1874\cardview-1.0.0.aar
2024-08-03T10:22:53.591+0700 [DEBUG] [org.gradle.internal.watch.vfs.impl.WatchingVirtualFileSystem] Handling VFS change REMOVED D:\AndroidStudioProjects\CoordinateProject\gradle\caches\modules-2\files-2.1\androidx.emoji2\emoji2\1.2.0\2c95c9aa87788e4d9ce692ecfc961db004e57480\emoji2-1.2.0.aar
2024-08-03T10:22:53.594+0700 [DEBUG] [org.gradle.internal.watch.vfs.impl.WatchingVirtualFileSystem] Handling VFS change REMOVED D:\AndroidStudioProjects\CoordinateProject\gradle\caches\modules-2\files-2.1\androidx.fragment\fragment\1.7.0\32a40b18376efb62e5709578a308bf41ff525a72\fragment-1.7.0.aar
2024-08-03T10:22:53.610+0700 [DEBUG] [org.gradle.internal.watch.vfs.impl.WatchingVirtualFileSystem] Handling VFS change REMOVED D:\AndroidStudioProjects\CoordinateProject\gradle\caches\modules-2\files-2.1\androidx.recyclerview\recyclerview-selection\1.1.0\8cf619840752e09af9b9c43582f7f861c96262d9\recyclerview-selection-1.1.0.aar
2024-08-03T10:22:53.626+0700 [DEBUG] [org.gradle.internal.watch.vfs.impl.WatchingVirtualFileSystem] Handling VFS change REMOVED D:\AndroidStudioProjects\CoordinateProject\gradle\caches\modules-2\files-2.1\com.android.tools.analytics-library\crash\31.0.1\130a30174838af6a9aab4c060248991136cc4a1e\crash-31.0.1.jar
2024-08-03T10:22:53.627+0700 [DEBUG] [org.gradle.internal.watch.vfs.impl.WatchingVirtualFileSystem] Handling VFS change REMOVED D:\AndroidStudioProjects\CoordinateProject\gradle\caches\modules-2\files-2.1\com.android.tools.analytics-library\protos\31.0.1\1a391ebfcfc6b3fbd249f12f58bd301c3f13855f\protos-31.0.1.jar
2024-08-03T10:22:53.632+0700 [DEBUG] [org.gradle.internal.watch.vfs.impl.WatchingVirtualFileSystem] Handling VFS change REMOVED D:\AndroidStudioProjects\CoordinateProject\gradle\caches\modules-2\files-2.1\com.android.tools.build.jetifier\jetifier-core\1.0.0-beta10\6e621022a9c95af12a7004d6b55805bbd1126837\jetifier-core-1.0.0-beta10.jar
2024-08-03T10:22:53.644+0700 [DEBUG] [org.gradle.internal.watch.vfs.impl.WatchingVirtualFileSystem] Handling VFS change REMOVED D:\AndroidStudioProjects\CoordinateProject\gradle\caches\modules-2\files-2.1\com.android.tools.build\builder-test-api\7.4.2\dc8df869e33c39136f0dc390ae6b207b39402820\builder-test-api-7.4.2.jar
2024-08-03T10:22:53.647+0700 [DEBUG] [org.gradle.internal.watch.vfs.impl.WatchingVirtualFileSystem] Handling VFS change REMOVED D:\AndroidStudioProjects\CoordinateProject\gradle\caches\modules-2\files-2.1\com.android.tools.build\builder\8.0.1\f96b119448ee31ff48853714638012e3fc334886\builder-8.0.1.jar
2024-08-03T10:22:53.651+0700 [DEBUG] [org.gradle.internal.watch.vfs.impl.WatchingVirtualFileSystem] Handling VFS change REMOVED D:\AndroidStudioProjects\CoordinateProject\gradle\caches\modules-2\files-2.1\com.android.tools.build\gradle-settings-api\7.4.2\bb22600dccee35b401ff17c5ca1bfc6d853d15fd\gradle-settings-api-7.4.2.jar
2024-08-03T10:22:53.658+0700 [DEBUG] [org.gradle.internal.watch.vfs.impl.WatchingVirtualFileSystem] Handling VFS change REMOVED D:\AndroidStudioProjects\CoordinateProject\gradle\caches\modules-2\files-2.1\com.android.tools.layoutlib\layoutlib-api\31.0.1\d5df6c18a46cc2360b8310b62a7fad1c130cb685\layoutlib-api-31.0.1.jar
2024-08-03T10:22:53.660+0700 [DEBUG] [org.gradle.internal.watch.vfs.impl.WatchingVirtualFileSystem] Handling VFS change REMOVED D:\AndroidStudioProjects\CoordinateProject\gradle\caches\modules-2\files-2.1\com.android.tools.lint\lint-model\31.0.1\db18224b011462f0c24656733be1324ce822090\lint-model-31.0.1.jar
2024-08-03T10:22:53.662+0700 [DEBUG] [org.gradle.internal.watch.vfs.impl.WatchingVirtualFileSystem] Handling VFS change REMOVED D:\AndroidStudioProjects\CoordinateProject\gradle\caches\modules-2\files-2.1\com.android.tools.lint\lint-typedef-remover\30.4.2\dc294605db32e2a07fd9bba72a4e337eba837a03\lint-typedef-remover-30.4.2.jar
2024-08-03T10:22:53.663+0700 [DEBUG] [org.gradle.internal.watch.vfs.impl.WatchingVirtualFileSystem] Handling VFS change REMOVED D:\AndroidStudioProjects\CoordinateProject\gradle\caches\modules-2\files-2.1\com.android.tools.lint\lint-typedef-remover\31.0.1\dc294605db32e2a07fd9bba72a4e337eba837a03\lint-typedef-remover-31.0.1.jar
2024-08-03T10:22:53.670+0700 [DEBUG] [org.gradle.internal.watch.vfs.impl.WatchingVirtualFileSystem] Handling VFS change REMOVED D:\AndroidStudioProjects\CoordinateProject\gradle\caches\modules-2\files-2.1\com.android.tools.utp\android-test-plugin-host-retention-proto\30.4.2\712055bf1c7bea94ff84cf144cd36d73cee54800\android-test-plugin-host-retention-proto-30.4.2.jar
2024-08-03T10:22:53.685+0700 [DEBUG] [org.gradle.internal.watch.vfs.impl.WatchingVirtualFileSystem] Handling VFS change REMOVED D:\AndroidStudioProjects\CoordinateProject\gradle\caches\modules-2\files-2.1\com.google.api.grpc\proto-google-common-protos\2.0.1\20827628ea2b9f69ae22987b2aedb0050e9c470d\proto-google-common-protos-2.0.1.jar
2024-08-03T10:22:53.688+0700 [DEBUG] [org.gradle.internal.watch.vfs.impl.WatchingVirtualFileSystem] Handling VFS change REMOVED D:\AndroidStudioProjects\CoordinateProject\gradle\caches\modules-2\files-2.1\com.google.errorprone\error_prone_annotations\2.4.0\32ecccc595e4e4d813a80ee9e3ab5813d65874eb\error_prone_annotations-2.4.0.jar
2024-08-03T10:22:53.693+0700 [DEBUG] [org.gradle.internal.watch.vfs.impl.WatchingVirtualFileSystem] Handling VFS change REMOVED D:\AndroidStudioProjects\CoordinateProject\gradle\caches\modules-2\files-2.1\com.google.guava\listenablefuture\1.0\c949a840a6acbc5268d088e47b04177bf90b3cad\listenablefuture-1.0.jar
2024-08-03T10:22:53.694+0700 [DEBUG] [org.gradle.internal.watch.vfs.impl.WatchingVirtualFileSystem] Handling VFS change REMOVED D:\AndroidStudioProjects\CoordinateProject\gradle\caches\modules-2\files-2.1\com.google.maps.android\maps-ktx\3.2.1\8c68d0cb8b7583b5235abbaa22bcb69641129335\maps-ktx-3.2.1.aar
2024-08-03T10:22:53.702+0700 [DEBUG] [org.gradle.internal.watch.vfs.impl.WatchingVirtualFileSystem] Handling VFS change REMOVED D:\AndroidStudioProjects\CoordinateProject\gradle\caches\modules-2\files-2.1\com.squareup.retrofit2\converter-gson\2.9.0\fc93484fc67ab52b1e0ccbdaa3922d8a6678e097\converter-gson-2.9.0.jar
2024-08-03T10:22:53.703+0700 [DEBUG] [org.gradle.internal.watch.vfs.impl.WatchingVirtualFileSystem] Handling VFS change REMOVED D:\AndroidStudioProjects\CoordinateProject\gradle\caches\modules-2\files-2.1\commons-codec\commons-codec\1.11\3acb4705652e16236558f0f4f2192cc33c3bd189\commons-codec-1.11.jar
2024-08-03T10:22:53.711+0700 [DEBUG] [org.gradle.internal.watch.vfs.impl.WatchingVirtualFileSystem] Handling VFS change REMOVED D:\AndroidStudioProjects\CoordinateProject\gradle\caches\modules-2\files-2.1\io.grpc\grpc-stub\1.45.1\3cf1d4ef88808bbabea5d929b78854ccc7f95242\grpc-stub-1.45.1.jar
2024-08-03T10:22:53.714+0700 [DEBUG] [org.gradle.internal.watch.vfs.impl.WatchingVirtualFileSystem] Handling VFS change REMOVED D:\AndroidStudioProjects\CoordinateProject\gradle\caches\modules-2\files-2.1\io.netty\netty-codec-http2\4.1.72.Final\4b269e666fbace27d2c1efa57703e99b09655822\netty-codec-http2-4.1.72.Final.jar
2024-08-03T10:22:53.715+0700 [DEBUG] [org.gradle.internal.watch.vfs.impl.WatchingVirtualFileSystem] Handling VFS change REMOVED D:\AndroidStudioProjects\CoordinateProject\gradle\caches\modules-2\files-2.1\io.netty\netty-common\4.1.72.Final\a55bac9c3af5f59828207b551a96ac19bbfc341e\netty-common-4.1.72.Final.jar
2024-08-03T10:22:53.716+0700 [DEBUG] [org.gradle.internal.watch.vfs.impl.WatchingVirtualFileSystem] Handling VFS change REMOVED D:\AndroidStudioProjects\CoordinateProject\gradle\caches\modules-2\files-2.1\io.netty\netty-handler\4.1.52.Final\eb7d4fa554f4fdc8dacb80dce7e3f806fd1dc2db\netty-handler-4.1.52.Final.jar
2024-08-03T10:22:53.721+0700 [DEBUG] [org.gradle.internal.watch.vfs.impl.WatchingVirtualFileSystem] Handling VFS change REMOVED D:\AndroidStudioProjects\CoordinateProject\gradle\caches\modules-2\files-2.1\net.sf.kxml\kxml2\2.3.0\ccbc77a5fd907ef863c29f3596c6f54ffa4e9442\kxml2-2.3.0.jar
2024-08-03T10:22:53.728+0700 [DEBUG] [org.gradle.internal.watch.vfs.impl.WatchingVirtualFileSystem] Handling VFS change REMOVED D:\AndroidStudioProjects\CoordinateProject\gradle\caches\modules-2\files-2.1\org.glassfish.jaxb\txw2\2.3.2\ce5be7da2e442c25ec14c766cb60cb802741727b\txw2-2.3.2.jar
2024-08-03T10:22:53.732+0700 [DEBUG] [org.gradle.internal.watch.vfs.impl.WatchingVirtualFileSystem] Handling VFS change REMOVED D:\AndroidStudioProjects\CoordinateProject\gradle\caches\modules-2\files-2.1\org.jetbrains.kotlin\kotlin-android-extensions\1.8.20\6f25b7cf95167fbf487125a71758de4c0aa15da2\kotlin-android-extensions-1.8.20.jar
2024-08-03T10:22:53.733+0700 [DEBUG] [org.gradle.internal.watch.vfs.impl.WatchingVirtualFileSystem] Handling VFS change REMOVED D:\AndroidStudioProjects\CoordinateProject\gradle\caches\modules-2\files-2.1\org.jetbrains.kotlin\kotlin-annotation-processing-gradle\1.8.20\52361dad4f2c22f4e39c173001b1c4c2b4e61cb6\kotlin-annotation-processing-gradle-1.8.20.jar
2024-08-03T10:22:53.734+0700 [DEBUG] [org.gradle.internal.watch.vfs.impl.WatchingVirtualFileSystem] Handling VFS change REMOVED D:\AndroidStudioProjects\CoordinateProject\gradle\caches\modules-2\files-2.1\org.jetbrains.kotlin\kotlin-gradle-plugin\1.8.20\7508a92238a34ef55cdbf9a0a6871a14af23d87f\kotlin-gradle-plugin-1.8.20-gradle76.jar
2024-08-03T10:22:53.948+0700 [DEBUG] [org.gradle.internal.watch.vfs.impl.WatchingVirtualFileSystem] Handling VFS change REMOVED D:\AndroidStudioProjects\CoordinateProject\gradle\caches\modules-2\files-2.1\org.jetbrains.kotlin\kotlin-stdlib-jdk7\1.7.10\1ef73fee66f45d52c67e2aca12fd945dbe0659bf\kotlin-stdlib-jdk7-1.7.10.jar
2024-08-03T10:22:54.056+0700 [DEBUG] [org.gradle.internal.watch.vfs.impl.WatchingVirtualFileSystem] Handling VFS change REMOVED D:\AndroidStudioProjects\CoordinateProject\gradle\caches\modules-2\files-2.1\org.jetbrains.kotlin\kotlin-tooling-core\1.8.20\6ab3d6c8e8d13c2748ecf0b74978fbd191def027\kotlin-tooling-core-1.8.20.jar
2024-08-03T10:22:54.060+0700 [DEBUG] [org.gradle.internal.watch.vfs.impl.WatchingVirtualFileSystem] Handling VFS change REMOVED D:\AndroidStudioProjects\CoordinateProject\gradle\caches\modules-2\files-2.1\org.jetbrains.kotlinx\kotlinx-coroutines-core-jvm\1.5.0\d8cebccdcddd029022aa8646a5a953ff88b13ac8\kotlinx-coroutines-core-jvm-1.5.0.jar
2024-08-03T10:22:54.066+0700 [DEBUG] [org.gradle.internal.watch.vfs.impl.WatchingVirtualFileSystem] Handling VFS change REMOVED D:\AndroidStudioProjects\CoordinateProject\gradle\caches\modules-2\files-2.1\org.ow2.asm\asm-tree\9.2\d96c99a30f5e1a19b0e609dbb19a44d8518ac01e\asm-tree-9.2.jar
2024-08-03T10:22:54.224+0700 [DEBUG] [org.gradle.internal.watch.vfs.impl.WatchingVirtualFileSystem] Handling VFS change REMOVED D:\AndroidStudioProjects\CoordinateProject\gradle\caches\transforms-3\000b7eb6bad6739f9ead5fc92e387f3a\results.bin
2024-08-03T10:22:54.225+0700 [DEBUG] [org.gradle.internal.watch.vfs.impl.WatchingVirtualFileSystem] Handling VFS change REMOVED D:\AndroidStudioProjects\CoordinateProject\gradle\caches\transforms-3\00263a3f1d1ae9a864270d9fc1320331\results.bin
2024-08-03T10:22:54.225+0700 [DEBUG] [org.gradle.internal.watch.vfs.impl.WatchingVirtualFileSystem] Handling VFS change REMOVED D:\AndroidStudioProjects\CoordinateProject\gradle\caches\transforms-3\00f9e10bfb6a0241678d6fed557228b9\results.bin
2024-08-03T10:22:54.226+0700 [DEBUG] [org.gradle.internal.watch.vfs.impl.WatchingVirtualFileSystem] Handling VFS change REMOVED D:\AndroidStudioProjects\CoordinateProject\gradle\caches\transforms-3\02e5c204747b963e54e99a1fad35fec2\results.bin
2024-08-03T10:22:54.227+0700 [DEBUG] [org.gradle.internal.watch.vfs.impl.WatchingVirtualFileSystem] Handling VFS change REMOVED D:\AndroidStudioProjects\CoordinateProject\gradle\caches\transforms-3\03b2aae03ce9ca69ecf9c09cb7177557\results.bin
2024-08-03T10:22:54.228+0700 [DEBUG] [org.gradle.internal.watch.vfs.impl.WatchingVirtualFileSystem] Handling VFS change REMOVED D:\AndroidStudioProjects\CoordinateProject\gradle\caches\transforms-3\03b2aae03ce9ca69ecf9c09cb7177557\transformed\fragment-ktx-1_7_0-api_jar-snapshot.bin
2024-08-03T10:22:54.228+0700 [DEBUG] [org.gradle.internal.watch.vfs.impl.WatchingVirtualFileSystem] Handling VFS change REMOVED D:\AndroidStudioProjects\CoordinateProject\gradle\caches\transforms-3\03b2aae03ce9ca69ecf9c09cb7177557\transformed
2024-08-03T10:22:54.228+0700 [DEBUG] [org.gradle.internal.watch.vfs.impl.WatchingVirtualFileSystem] Handling VFS change REMOVED D:\AndroidStudioProjects\CoordinateProject\gradle\caches\transforms-3\03b2aae03ce9ca69ecf9c09cb7177557
2024-08-03T10:22:54.229+0700 [DEBUG] [org.gradle.internal.watch.vfs.impl.WatchingVirtualFileSystem] Handling VFS change REMOVED D:\AndroidStudioProjects\CoordinateProject\gradle\caches\transforms-3\0426787fa1a7cade0b2eda6af907fbab\results.bin
2024-08-03T10:22:54.229+0700 [DEBUG] [org.gradle.internal.watch.vfs.impl.WatchingVirtualFileSystem] Handling VFS change REMOVED D:\AndroidStudioProjects\CoordinateProject\gradle\caches\transforms-3\042dbd9f81029c5e7fa1e166fdc3222d\transformed\savedstate-1.2.1\R.txt
2024-08-03T10:22:54.229+0700 [DEBUG] [org.gradle.internal.watch.vfs.impl.WatchingVirtualFileSystem] Handling VFS change REMOVED D:\AndroidStudioProjects\CoordinateProject\gradle\caches\transforms-3\043055f8d7b46b869473f19107833f25\results.bin
2024-08-03T10:22:54.230+0700 [DEBUG] [org.gradle.internal.watch.vfs.impl.WatchingVirtualFileSystem] Handling VFS change REMOVED D:\AndroidStudioProjects\CoordinateProject\gradle\caches\transforms-3\044610f0c54594e48bf9b495f47db9e3\results.bin
2024-08-03T10:22:54.230+0700 [DEBUG] [org.gradle.internal.watch.vfs.impl.WatchingVirtualFileSystem] Handling VFS change REMOVED D:\AndroidStudioProjects\CoordinateProject\gradle\caches\transforms-3\051099df6c1135c0c28cafb41c28da5d\transformed\core-common-2.2.0
2024-08-03T10:22:54.231+0700 [DEBUG] [org.gradle.internal.watch.vfs.impl.WatchingVirtualFileSystem] Handling VFS change REMOVED D:\AndroidStudioProjects\CoordinateProject\gradle\caches\transforms-3\051099df6c1135c0c28cafb41c28da5d\transformed
2024-08-03T10:22:54.231+0700 [DEBUG] [org.gradle.internal.watch.vfs.impl.WatchingVirtualFileSystem] Handling VFS change REMOVED D:\AndroidStudioProjects\CoordinateProject\gradle\caches\transforms-3\059bee9eb23bda75617582faccdd011d\transformed\viewbinding-8.0.1-runtime\classes.dex
2024-08-03T10:22:54.231+0700 [DEBUG] [org.gradle.internal.watch.vfs.impl.WatchingVirtualFileSystem] Handling VFS change REMOVED D:\AndroidStudioProjects\CoordinateProject\gradle\caches\transforms-3\05c2b6ad0ab06d69e96d7cb0426032c9\results.bin
2024-08-03T10:22:54.232+0700 [DEBUG] [org.gradle.internal.watch.vfs.impl.WatchingVirtualFileSystem] Handling VFS change REMOVED D:\AndroidStudioProjects\CoordinateProject\gradle\caches\transforms-3\059bee9eb23bda75617582faccdd011d\transformed\viewbinding-8.0.1-runtime
2024-08-03T10:22:54.232+0700 [DEBUG] [org.gradle.internal.watch.vfs.impl.WatchingVirtualFileSystem] Handling VFS change REMOVED D:\AndroidStudioProjects\CoordinateProject\gradle\caches\transforms-3\059bee9eb23bda75617582faccdd011d\transformed
2024-08-03T10:22:54.232+0700 [DEBUG] [org.gradle.internal.watch.vfs.impl.WatchingVirtualFileSystem] Handling VFS change REMOVED D:\AndroidStudioProjects\CoordinateProject\gradle\caches\transforms-3\05c2b6ad0ab06d69e96d7cb0426032c9\transformed\databinding-runtime-8_0_1-api_jar-snapshot.bin
2024-08-03T10:22:54.232+0700 [DEBUG] [org.gradle.internal.watch.vfs.impl.WatchingVirtualFileSystem] Handling VFS change REMOVED D:\AndroidStudioProjects\CoordinateProject\gradle\caches\transforms-3\05c2b6ad0ab06d69e96d7cb0426032c9\transformed
2024-08-03T10:22:54.233+0700 [DEBUG] [org.gradle.internal.watch.vfs.impl.WatchingVirtualFileSystem] Handling VFS change REMOVED D:\AndroidStudioProjects\CoordinateProject\gradle\caches\transforms-3\05c2b6ad0ab06d69e96d7cb0426032c9
2024-08-03T10:22:54.233+0700 [DEBUG] [org.gradle.internal.watch.vfs.impl.WatchingVirtualFileSystem] Handling VFS change REMOVED D:\AndroidStudioProjects\CoordinateProject\gradle\caches\transforms-3\0756c12b0bc96603bcea7da3eb4c2507\results.bin
2024-08-03T10:22:54.233+0700 [DEBUG] [org.gradle.internal.watch.vfs.impl.WatchingVirtualFileSystem] Handling VFS change REMOVED D:\AndroidStudioProjects\CoordinateProject\gradle\caches\transforms-3\0756c12b0bc96603bcea7da3eb4c2507\transformed\kotlinx-coroutines-core-jvm-1_6_4_jar-snapshot.bin
2024-08-03T10:22:54.234+0700 [DEBUG] [org.gradle.internal.watch.vfs.impl.WatchingVirtualFileSystem] Handling VFS change REMOVED D:\AndroidStudioProjects\CoordinateProject\gradle\caches\transforms-3\07ee6b7335e49ea94b9ce0a18771c3da\results.bin
2024-08-03T10:22:54.234+0700 [DEBUG] [org.gradle.internal.watch.vfs.impl.WatchingVirtualFileSystem] Handling VFS change REMOVED D:\AndroidStudioProjects\CoordinateProject\gradle\caches\transforms-3\0756c12b0bc96603bcea7da3eb4c2507\transformed
2024-08-03T10:22:54.234+0700 [DEBUG] [org.gradle.internal.watch.vfs.impl.WatchingVirtualFileSystem] Handling VFS change REMOVED D:\AndroidStudioProjects\CoordinateProject\gradle\caches\transforms-3\0756c12b0bc96603bcea7da3eb4c2507
2024-08-03T10:22:54.235+0700 [DEBUG] [org.gradle.internal.watch.vfs.impl.WatchingVirtualFileSystem] Handling VFS change REMOVED D:\AndroidStudioProjects\CoordinateProject\gradle\caches\transforms-3\0871185b7c4c1879b78e1da354da840f\results.bin
2024-08-03T10:22:54.235+0700 [DEBUG] [org.gradle.internal.watch.vfs.impl.WatchingVirtualFileSystem] Handling VFS change REMOVED D:\AndroidStudioProjects\CoordinateProject\gradle\caches\transforms-3\08b0c6b77b974aa5332d08f897715f86\results.bin
2024-08-03T10:22:54.236+0700 [DEBUG] [org.gradle.internal.watch.vfs.impl.WatchingVirtualFileSystem] Handling VFS change REMOVED D:\AndroidStudioProjects\CoordinateProject\gradle\caches\transforms-3\08ebf07f1a8290b2c10bc8830f0250e5\results.bin
2024-08-03T10:22:54.236+0700 [DEBUG] [org.gradle.internal.watch.vfs.impl.WatchingVirtualFileSystem] Handling VFS change REMOVED D:\AndroidStudioProjects\CoordinateProject\gradle\caches\transforms-3\090f333e22cc5c44ac0e3445ef78916b\results.bin
2024-08-03T10:22:54.237+0700 [DEBUG] [org.gradle.internal.watch.vfs.impl.WatchingVirtualFileSystem] Handling VFS change REMOVED D:\AndroidStudioProjects\CoordinateProject\gradle\caches\transforms-3\09e996d1c99e7dd52580eaf472e6f14c\results.bin
2024-08-03T10:22:54.237+0700 [DEBUG] [org.gradle.internal.watch.vfs.impl.WatchingVirtualFileSystem] Handling VFS change REMOVED D:\AndroidStudioProjects\CoordinateProject\gradle\caches\transforms-3\09e996d1c99e7dd52580eaf472e6f14c\transformed\loader-1_0_0-api_jar-snapshot.bin
2024-08-03T10:22:54.238+0700 [DEBUG] [org.gradle.internal.watch.vfs.impl.WatchingVirtualFileSystem] Handling VFS change REMOVED D:\AndroidStudioProjects\CoordinateProject\gradle\caches\transforms-3\0c16c2548273ff89288d0b755c24abdb\results.bin
2024-08-03T10:22:54.238+0700 [DEBUG] [org.gradle.internal.watch.vfs.impl.WatchingVirtualFileSystem] Handling VFS change REMOVED D:\AndroidStudioProjects\CoordinateProject\gradle\caches\transforms-3\09e996d1c99e7dd52580eaf472e6f14c\transformed
2024-08-03T10:22:54.238+0700 [DEBUG] [org.gradle.internal.watch.vfs.impl.WatchingVirtualFileSystem] Handling VFS change REMOVED D:\AndroidStudioProjects\CoordinateProject\gradle\caches\transforms-3\09e996d1c99e7dd52580eaf472e6f14c
2024-08-03T10:22:54.238+0700 [DEBUG] [org.gradle.internal.watch.vfs.impl.WatchingVirtualFileSystem] Handling VFS change REMOVED D:\AndroidStudioProjects\CoordinateProject\gradle\caches\transforms-3\0d416d6442fd700444893eb20ccd620c\results.bin
2024-08-03T10:22:54.238+0700 [DEBUG] [org.gradle.internal.watch.vfs.impl.WatchingVirtualFileSystem] Handling VFS change REMOVED D:\AndroidStudioProjects\CoordinateProject\gradle\caches\transforms-3\0d54b76f369e7e2d0ce67c79c220b220\results.bin
2024-08-03T10:22:54.239+0700 [DEBUG] [org.gradle.internal.watch.vfs.impl.WatchingVirtualFileSystem] Handling VFS change REMOVED D:\AndroidStudioProjects\CoordinateProject\gradle\caches\transforms-3\0d54b76f369e7e2d0ce67c79c220b220\transformed\databinding-ktx-8_0_1-api_jar-snapshot.bin
2024-08-03T10:22:54.239+0700 [DEBUG] [org.gradle.internal.watch.vfs.impl.WatchingVirtualFileSystem] Handling VFS change REMOVED D:\AndroidStudioProjects\CoordinateProject\gradle\caches\transforms-3\0d54b76f369e7e2d0ce67c79c220b220\transformed
2024-08-03T10:22:54.239+0700 [DEBUG] [org.gradle.internal.watch.vfs.impl.WatchingVirtualFileSystem] Handling VFS change REMOVED D:\AndroidStudioProjects\CoordinateProject\gradle\caches\transforms-3\0d54b76f369e7e2d0ce67c79c220b220
2024-08-03T10:22:54.239+0700 [DEBUG] [org.gradle.internal.watch.vfs.impl.WatchingVirtualFileSystem] Handling VFS change REMOVED D:\AndroidStudioProjects\CoordinateProject\gradle\caches\transforms-3\0ee3d8d28f2a7dcb0a9509e0a8515b78\results.bin
2024-08-03T10:22:54.240+0700 [DEBUG] [org.gradle.internal.watch.vfs.impl.WatchingVirtualFileSystem] Handling VFS change REMOVED D:\AndroidStudioProjects\CoordinateProject\gradle\caches\transforms-3\0f394c2a55fe264318005f7e6766d428\transformed\viewpager-1.0.0-api.jar
2024-08-03T10:22:54.241+0700 [DEBUG] [org.gradle.internal.watch.vfs.impl.WatchingVirtualFileSystem] Handling VFS change REMOVED D:\AndroidStudioProjects\CoordinateProject\gradle\caches\transforms-3\0f394c2a55fe264318005f7e6766d428\transformed
2024-08-03T10:22:54.242+0700 [DEBUG] [org.gradle.internal.watch.vfs.impl.WatchingVirtualFileSystem] Handling VFS change REMOVED D:\AndroidStudioProjects\CoordinateProject\gradle\caches\transforms-3\1074da5a129f14f4c33dffd24889f22d\results.bin
2024-08-03T10:22:54.244+0700 [DEBUG] [org.gradle.internal.watch.vfs.impl.WatchingVirtualFileSystem] Handling VFS change REMOVED D:\AndroidStudioProjects\CoordinateProject\gradle\caches\transforms-3\11d50078f321a381ea9144a103973cba\results.bin
2024-08-03T10:22:54.244+0700 [DEBUG] [org.gradle.internal.watch.vfs.impl.WatchingVirtualFileSystem] Handling VFS change REMOVED D:\AndroidStudioProjects\CoordinateProject\gradle\caches\transforms-3\13ce2a9b3954c0ebe7268a9f4df197ab\results.bin
2024-08-03T10:22:54.245+0700 [DEBUG] [org.gradle.internal.watch.vfs.impl.WatchingVirtualFileSystem] Handling VFS change REMOVED D:\AndroidStudioProjects\CoordinateProject\gradle\caches\transforms-3\140683b14fc442636f64396c7b2f0c20\results.bin
2024-08-03T10:22:54.245+0700 [DEBUG] [org.gradle.internal.watch.vfs.impl.WatchingVirtualFileSystem] Handling VFS change REMOVED D:\AndroidStudioProjects\CoordinateProject\gradle\caches\transforms-3\152f9d93137e9f54d87bf2f7d1077110\results.bin
2024-08-03T10:22:54.247+0700 [DEBUG] [org.gradle.internal.watch.vfs.impl.WatchingVirtualFileSystem] Handling VFS change REMOVED D:\AndroidStudioProjects\CoordinateProject\gradle\caches\transforms-3\183233d48fdacc6b8e3eed9b044e001d\results.bin
2024-08-03T10:22:54.247+0700 [DEBUG] [org.gradle.internal.watch.vfs.impl.WatchingVirtualFileSystem] Handling VFS change REMOVED D:\AndroidStudioProjects\CoordinateProject\gradle\caches\transforms-3\183233d48fdacc6b8e3eed9b044e001d\transformed\interpolator-1_0_0-api_jar-snapshot.bin
2024-08-03T10:22:54.247+0700 [DEBUG] [org.gradle.internal.watch.vfs.impl.WatchingVirtualFileSystem] Handling VFS change REMOVED D:\AndroidStudioProjects\CoordinateProject\gradle\caches\transforms-3\18466a68f7dbaef11bfa99bd004f5047\results.bin
2024-08-03T10:22:54.247+0700 [DEBUG] [org.gradle.internal.watch.vfs.impl.WatchingVirtualFileSystem] Handling VFS change REMOVED D:\AndroidStudioProjects\CoordinateProject\gradle\caches\transforms-3\183233d48fdacc6b8e3eed9b044e001d\transformed
2024-08-03T10:22:54.248+0700 [DEBUG] [org.gradle.internal.watch.vfs.impl.WatchingVirtualFileSystem] Handling VFS change REMOVED D:\AndroidStudioProjects\CoordinateProject\gradle\caches\transforms-3\183233d48fdacc6b8e3eed9b044e001d
2024-08-03T10:22:54.248+0700 [DEBUG] [org.gradle.internal.watch.vfs.impl.WatchingVirtualFileSystem] Handling VFS change REMOVED D:\AndroidStudioProjects\CoordinateProject\gradle\caches\transforms-3\19187304930221f8ee2b1f1149966de9\transformed\androidx.lifecycle.livedata.core-r.txt
2024-08-03T10:22:54.248+0700 [DEBUG] [org.gradle.internal.watch.vfs.impl.WatchingVirtualFileSystem] Handling VFS change REMOVED D:\AndroidStudioProjects\CoordinateProject\gradle\caches\transforms-3\19a0d46d481f4b476ad1fa49865c6282\results.bin
2024-08-03T10:22:54.248+0700 [DEBUG] [org.gradle.internal.watch.vfs.impl.WatchingVirtualFileSystem] Handling VFS change REMOVED D:\AndroidStudioProjects\CoordinateProject\gradle\caches\transforms-3\19187304930221f8ee2b1f1149966de9\transformed
2024-08-03T10:22:54.249+0700 [DEBUG] [org.gradle.internal.watch.vfs.impl.WatchingVirtualFileSystem] Handling VFS change REMOVED D:\AndroidStudioProjects\CoordinateProject\gradle\caches\transforms-3\19f88c1bd1e10aff6f0f36f006c37fcd\results.bin
2024-08-03T10:22:54.249+0700 [DEBUG] [org.gradle.internal.watch.vfs.impl.WatchingVirtualFileSystem] Handling VFS change REMOVED D:\AndroidStudioProjects\CoordinateProject\gradle\caches\transforms-3\1a3abb5748b226500d9f05c36e2a06c5\results.bin
2024-08-03T10:22:54.249+0700 [DEBUG] [org.gradle.internal.watch.vfs.impl.WatchingVirtualFileSystem] Handling VFS change REMOVED D:\AndroidStudioProjects\CoordinateProject\gradle\caches\transforms-3\1a8a763323c3a9503f0a28538d6face3\results.bin
2024-08-03T10:22:54.250+0700 [DEBUG] [org.gradle.internal.watch.vfs.impl.WatchingVirtualFileSystem] Handling VFS change REMOVED D:\AndroidStudioProjects\CoordinateProject\gradle\caches\transforms-3\1ab10b6063e371dc937456188bafbc61\transformed\viewpager2-1.1.0-beta02-api.jar
2024-08-03T10:22:54.250+0700 [DEBUG] [org.gradle.internal.watch.vfs.impl.WatchingVirtualFileSystem] Handling VFS change REMOVED D:\AndroidStudioProjects\CoordinateProject\gradle\caches\transforms-3\1ab10b6063e371dc937456188bafbc61\transformed
2024-08-03T10:22:54.251+0700 [DEBUG] [org.gradle.internal.watch.vfs.impl.WatchingVirtualFileSystem] Handling VFS change REMOVED D:\AndroidStudioProjects\CoordinateProject\gradle\caches\transforms-3\1aef25b01c2f41d4b1ed43196ec15e59\results.bin
2024-08-03T10:22:54.251+0700 [DEBUG] [org.gradle.internal.watch.vfs.impl.WatchingVirtualFileSystem] Handling VFS change REMOVED D:\AndroidStudioProjects\CoordinateProject\gradle\caches\transforms-3\1b21903957bc8471228735d6d38fbcc2\results.bin
2024-08-03T10:22:54.252+0700 [DEBUG] [org.gradle.internal.watch.vfs.impl.WatchingVirtualFileSystem] Handling VFS change REMOVED D:\AndroidStudioProjects\CoordinateProject\gradle\caches\transforms-3\1bce2627a2da6fc97a27e33c8bc22ed7\results.bin
2024-08-03T10:22:54.252+0700 [DEBUG] [org.gradle.internal.watch.vfs.impl.WatchingVirtualFileSystem] Handling VFS change REMOVED D:\AndroidStudioProjects\CoordinateProject\gradle\caches\transforms-3\1bce2627a2da6fc97a27e33c8bc22ed7\transformed\maps-utils-ktx-3_2_1-api_jar-snapshot.bin
2024-08-03T10:22:54.252+0700 [DEBUG] [org.gradle.internal.watch.vfs.impl.WatchingVirtualFileSystem] Handling VFS change REMOVED D:\AndroidStudioProjects\CoordinateProject\gradle\caches\transforms-3\1bce2627a2da6fc97a27e33c8bc22ed7\transformed
2024-08-03T10:22:54.252+0700 [DEBUG] [org.gradle.internal.watch.vfs.impl.WatchingVirtualFileSystem] Handling VFS change REMOVED D:\AndroidStudioProjects\CoordinateProject\gradle\caches\transforms-3\1bce2627a2da6fc97a27e33c8bc22ed7
2024-08-03T10:22:54.253+0700 [DEBUG] [org.gradle.internal.watch.vfs.impl.WatchingVirtualFileSystem] Handling VFS change REMOVED D:\AndroidStudioProjects\CoordinateProject\gradle\caches\transforms-3\1bf1511986cd383166c6890094f03486\results.bin
2024-08-03T10:22:54.253+0700 [DEBUG] [org.gradle.internal.watch.vfs.impl.WatchingVirtualFileSystem] Handling VFS change REMOVED D:\AndroidStudioProjects\CoordinateProject\gradle\caches\transforms-3\1cd5497b29168e7260b018a72e481e6f\results.bin
2024-08-03T10:22:54.254+0700 [DEBUG] [org.gradle.internal.watch.vfs.impl.WatchingVirtualFileSystem] Handling VFS change REMOVED D:\AndroidStudioProjects\CoordinateProject\gradle\caches\transforms-3\1d12abdb65e9dbf2913e276982dde517\results.bin
2024-08-03T10:22:54.254+0700 [DEBUG] [org.gradle.internal.watch.vfs.impl.WatchingVirtualFileSystem] Handling VFS change REMOVED D:\AndroidStudioProjects\CoordinateProject\gradle\caches\transforms-3\1d12abdb65e9dbf2913e276982dde517\transformed\versionedparcelable-1_1_1-api_jar-snapshot.bin
2024-08-03T10:22:54.254+0700 [DEBUG] [org.gradle.internal.watch.vfs.impl.WatchingVirtualFileSystem] Handling VFS change REMOVED D:\AndroidStudioProjects\CoordinateProject\gradle\caches\transforms-3\1d12abdb65e9dbf2913e276982dde517\transformed
2024-08-03T10:22:54.254+0700 [DEBUG] [org.gradle.internal.watch.vfs.impl.WatchingVirtualFileSystem] Handling VFS change REMOVED D:\AndroidStudioProjects\CoordinateProject\gradle\caches\transforms-3\1d12abdb65e9dbf2913e276982dde517
2024-08-03T10:22:54.256+0700 [DEBUG] [org.gradle.internal.watch.vfs.impl.WatchingVirtualFileSystem] Handling VFS change REMOVED D:\AndroidStudioProjects\CoordinateProject\gradle\caches\transforms-3\1eadc145fe7e86368d973491c37af14b\results.bin
2024-08-03T10:22:54.256+0700 [DEBUG] [org.gradle.internal.watch.vfs.impl.WatchingVirtualFileSystem] Handling VFS change REMOVED D:\AndroidStudioProjects\CoordinateProject\gradle\caches\transforms-3\1ee50da7f48dc33badcd02daa497acbd\results.bin
2024-08-03T10:22:54.256+0700 [DEBUG] [org.gradle.internal.watch.vfs.impl.WatchingVirtualFileSystem] Handling VFS change REMOVED D:\AndroidStudioProjects\CoordinateProject\gradle\caches\transforms-3\1eeed13d3a6ecd84471914398b8dcd52\results.bin
2024-08-03T10:22:54.257+0700 [DEBUG] [org.gradle.internal.watch.vfs.impl.WatchingVirtualFileSystem] Handling VFS change REMOVED D:\AndroidStudioProjects\CoordinateProject\gradle\caches\transforms-3\1f22d6336cd3f7418252d11af86c9686\transformed\coordinatorlayout-1.1.0\R.txt
2024-08-03T10:22:54.258+0700 [DEBUG] [org.gradle.internal.watch.vfs.impl.WatchingVirtualFileSystem] Handling VFS change REMOVED D:\AndroidStudioProjects\CoordinateProject\gradle\caches\transforms-3\2095f7662c8dc9c420b42a7ef34e8616\results.bin
2024-08-03T10:22:54.259+0700 [DEBUG] [org.gradle.internal.watch.vfs.impl.WatchingVirtualFileSystem] Handling VFS change REMOVED D:\AndroidStudioProjects\CoordinateProject\gradle\caches\transforms-3\20b8fc8a211c21d430ddba91c2f34bc3\results.bin
2024-08-03T10:22:54.259+0700 [DEBUG] [org.gradle.internal.watch.vfs.impl.WatchingVirtualFileSystem] Handling VFS change REMOVED D:\AndroidStudioProjects\CoordinateProject\gradle\caches\transforms-3\20b8fc8a211c21d430ddba91c2f34bc3\transformed\coordinatorlayout-1_1_0-api_jar-snapshot.bin
2024-08-03T10:22:54.260+0700 [DEBUG] [org.gradle.internal.watch.vfs.impl.WatchingVirtualFileSystem] Handling VFS change REMOVED D:\AndroidStudioProjects\CoordinateProject\gradle\caches\transforms-3\20d04fe475d2f9344f5a457e4e9c367d\results.bin
2024-08-03T10:22:54.260+0700 [DEBUG] [org.gradle.internal.watch.vfs.impl.WatchingVirtualFileSystem] Handling VFS change REMOVED D:\AndroidStudioProjects\CoordinateProject\gradle\caches\transforms-3\20b8fc8a211c21d430ddba91c2f34bc3\transformed
2024-08-03T10:22:54.260+0700 [DEBUG] [org.gradle.internal.watch.vfs.impl.WatchingVirtualFileSystem] Handling VFS change REMOVED D:\AndroidStudioProjects\CoordinateProject\gradle\caches\transforms-3\20b8fc8a211c21d430ddba91c2f34bc3
2024-08-03T10:22:54.260+0700 [DEBUG] [org.gradle.internal.watch.vfs.impl.WatchingVirtualFileSystem] Handling VFS change REMOVED D:\AndroidStudioProjects\CoordinateProject\gradle\caches\transforms-3\20d04fe475d2f9344f5a457e4e9c367d\transformed\print-1_0_0-api_jar-snapshot.bin
2024-08-03T10:22:54.260+0700 [DEBUG] [org.gradle.internal.watch.vfs.impl.WatchingVirtualFileSystem] Handling VFS change REMOVED D:\AndroidStudioProjects\CoordinateProject\gradle\caches\transforms-3\20d04fe475d2f9344f5a457e4e9c367d\transformed
2024-08-03T10:22:54.261+0700 [DEBUG] [org.gradle.internal.watch.vfs.impl.WatchingVirtualFileSystem] Handling VFS change REMOVED D:\AndroidStudioProjects\CoordinateProject\gradle\caches\transforms-3\20d04fe475d2f9344f5a457e4e9c367d
2024-08-03T10:22:54.261+0700 [DEBUG] [org.gradle.internal.watch.vfs.impl.WatchingVirtualFileSystem] Handling VFS change REMOVED D:\AndroidStudioProjects\CoordinateProject\gradle\caches\transforms-3\2125f67806a3705e007d752e487346e1\results.bin
2024-08-03T10:22:54.261+0700 [DEBUG] [org.gradle.internal.watch.vfs.impl.WatchingVirtualFileSystem] Handling VFS change REMOVED D:\AndroidStudioProjects\CoordinateProject\gradle\caches\transforms-3\21e84450fc2bfb9c1b9cf967568a9ae0\results.bin
2024-08-03T10:22:54.262+0700 [DEBUG] [org.gradle.internal.watch.vfs.impl.WatchingVirtualFileSystem] Handling VFS change REMOVED D:\AndroidStudioProjects\CoordinateProject\gradle\caches\transforms-3\2222d723ebd724f28c65af7ab641eebf\transformed\play-services-maps-19.0.0\R.txt
2024-08-03T10:22:54.262+0700 [DEBUG] [org.gradle.internal.watch.vfs.impl.WatchingVirtualFileSystem] Handling VFS change REMOVED D:\AndroidStudioProjects\CoordinateProject\gradle\caches\transforms-3\222c1233483b34403dbb1cf1c5cd9ef8\results.bin
2024-08-03T10:22:54.263+0700 [DEBUG] [org.gradle.internal.watch.vfs.impl.WatchingVirtualFileSystem] Handling VFS change REMOVED D:\AndroidStudioProjects\CoordinateProject\gradle\caches\transforms-3\22edee19d30180518200ba8d5b2c02c3\transformed\material-1.12.0\res\anim-v21\design_bottom_sheet_slide_in.xml
2024-08-03T10:22:54.264+0700 [DEBUG] [org.gradle.internal.watch.vfs.impl.WatchingVirtualFileSystem] Handling VFS change REMOVED D:\AndroidStudioProjects\CoordinateProject\gradle\caches\transforms-3\22edee19d30180518200ba8d5b2c02c3\transformed\material-1.12.0\res\anim\linear_indeterminate_line2_head_interpolator.xml
2024-08-03T10:22:54.272+0700 [DEBUG] [org.gradle.internal.watch.vfs.impl.WatchingVirtualFileSystem] Handling VFS change REMOVED D:\AndroidStudioProjects\CoordinateProject\gradle\caches\transforms-3\22edee19d30180518200ba8d5b2c02c3\transformed\material-1.12.0\res\anim\m3_side_sheet_enter_from_right.xml
2024-08-03T10:22:54.272+0700 [DEBUG] [org.gradle.internal.watch.vfs.impl.WatchingVirtualFileSystem] Handling VFS change REMOVED D:\AndroidStudioProjects\CoordinateProject\gradle\caches\transforms-3\22edee19d30180518200ba8d5b2c02c3\transformed\material-1.12.0\res\anim\mtrl_bottom_sheet_slide_out.xml
2024-08-03T10:22:54.272+0700 [DEBUG] [org.gradle.internal.watch.vfs.impl.WatchingVirtualFileSystem] Handling VFS change REMOVED D:\AndroidStudioProjects\CoordinateProject\gradle\caches\transforms-3\22edee19d30180518200ba8d5b2c02c3\transformed\material-1.12.0\res\color-v31\m3_dynamic_dark_default_color_secondary_text.xml
2024-08-03T10:22:54.273+0700 [DEBUG] [org.gradle.internal.watch.vfs.impl.WatchingVirtualFileSystem] Handling VFS change REMOVED D:\AndroidStudioProjects\CoordinateProject\gradle\caches\transforms-3\22edee19d30180518200ba8d5b2c02c3\transformed\material-1.12.0\res\color-v31\m3_ref_palette_dynamic_neutral12.xml
2024-08-03T10:22:54.273+0700 [DEBUG] [org.gradle.internal.watch.vfs.impl.WatchingVirtualFileSystem] Handling VFS change REMOVED D:\AndroidStudioProjects\CoordinateProject\gradle\caches\transforms-3\22edee19d30180518200ba8d5b2c02c3\transformed\material-1.12.0\res\color-v31\m3_ref_palette_dynamic_neutral98.xml
2024-08-03T10:22:54.273+0700 [DEBUG] [org.gradle.internal.watch.vfs.impl.WatchingVirtualFileSystem] Handling VFS change REMOVED D:\AndroidStudioProjects\CoordinateProject\gradle\caches\transforms-3\22edee19d30180518200ba8d5b2c02c3\transformed\material-1.12.0\res\color-v31\m3_ref_palette_dynamic_neutral_variant6.xml
2024-08-03T10:22:54.273+0700 [DEBUG] [org.gradle.internal.watch.vfs.impl.WatchingVirtualFileSystem] Handling VFS change REMOVED D:\AndroidStudioProjects\CoordinateProject\gradle\caches\transforms-3\22edee19d30180518200ba8d5b2c02c3\transformed\material-1.12.0\res\color\design_icon_tint.xml
2024-08-03T10:22:54.274+0700 [DEBUG] [org.gradle.internal.watch.vfs.impl.WatchingVirtualFileSystem] Handling VFS change REMOVED D:\AndroidStudioProjects\CoordinateProject\gradle\caches\transforms-3\22edee19d30180518200ba8d5b2c02c3\transformed\material-1.12.0\res\color\m3_button_foreground_color_selector.xml
2024-08-03T10:22:54.274+0700 [DEBUG] [org.gradle.internal.watch.vfs.impl.WatchingVirtualFileSystem] Handling VFS change REMOVED D:\AndroidStudioProjects\CoordinateProject\gradle\caches\transforms-3\22edee19d30180518200ba8d5b2c02c3\transformed\material-1.12.0\res\color\m3_card_foreground_color.xml
2024-08-03T10:22:54.274+0700 [DEBUG] [org.gradle.internal.watch.vfs.impl.WatchingVirtualFileSystem] Handling VFS change REMOVED D:\AndroidStudioProjects\CoordinateProject\gradle\caches\transforms-3\22edee19d30180518200ba8d5b2c02c3\transformed\material-1.12.0\res\color\m3_chip_ripple_color.xml
2024-08-03T10:22:54.274+0700 [DEBUG] [org.gradle.internal.watch.vfs.impl.WatchingVirtualFileSystem] Handling VFS change REMOVED D:\AndroidStudioProjects\CoordinateProject\gradle\caches\transforms-3\22edee19d30180518200ba8d5b2c02c3\transformed\material-1.12.0\res\color\m3_navigation_bar_item_with_indicator_label_tint.xml
2024-08-03T10:22:54.275+0700 [DEBUG] [org.gradle.internal.watch.vfs.impl.WatchingVirtualFileSystem] Handling VFS change REMOVED D:\AndroidStudioProjects\CoordinateProject\gradle\caches\transforms-3\22edee19d30180518200ba8d5b2c02c3\transformed\material-1.12.0\res\color\m3_primary_text_disable_only.xml
2024-08-03T10:22:54.275+0700 [DEBUG] [org.gradle.internal.watch.vfs.impl.WatchingVirtualFileSystem] Handling VFS change REMOVED D:\AndroidStudioProjects\CoordinateProject\gradle\caches\transforms-3\22edee19d30180518200ba8d5b2c02c3\transformed\material-1.12.0\res\color\m3_tabs_icon_color.xml
2024-08-03T10:22:54.275+0700 [DEBUG] [org.gradle.internal.watch.vfs.impl.WatchingVirtualFileSystem] Handling VFS change REMOVED D:\AndroidStudioProjects\CoordinateProject\gradle\caches\transforms-3\22edee19d30180518200ba8d5b2c02c3\transformed\material-1.12.0\res\color\material_on_primary_emphasis_medium.xml
2024-08-03T10:22:54.275+0700 [DEBUG] [org.gradle.internal.watch.vfs.impl.WatchingVirtualFileSystem] Handling VFS change REMOVED D:\AndroidStudioProjects\CoordinateProject\gradle\caches\transforms-3\22edee19d30180518200ba8d5b2c02c3\transformed\material-1.12.0\res\color\material_slider_halo_color.xml
2024-08-03T10:22:54.275+0700 [DEBUG] [org.gradle.internal.watch.vfs.impl.WatchingVirtualFileSystem] Handling VFS change REMOVED D:\AndroidStudioProjects\CoordinateProject\gradle\caches\transforms-3\22edee19d30180518200ba8d5b2c02c3\transformed\material-1.12.0\res\color\mtrl_btn_ripple_color.xml
2024-08-03T10:22:54.275+0700 [DEBUG] [org.gradle.internal.watch.vfs.impl.WatchingVirtualFileSystem] Handling VFS change REMOVED D:\AndroidStudioProjects\CoordinateProject\gradle\caches\transforms-3\22edee19d30180518200ba8d5b2c02c3\transformed\material-1.12.0\res\color\mtrl_indicator_text_color.xml
2024-08-03T10:22:54.276+0700 [DEBUG] [org.gradle.internal.watch.vfs.impl.WatchingVirtualFileSystem] Handling VFS change REMOVED D:\AndroidStudioProjects\CoordinateProject\gradle\caches\transforms-3\22edee19d30180518200ba8d5b2c02c3\transformed\material-1.12.0\res\color\mtrl_navigation_bar_colored_item_tint.xml
2024-08-03T10:22:54.276+0700 [DEBUG] [org.gradle.internal.watch.vfs.impl.WatchingVirtualFileSystem] Handling VFS change REMOVED D:\AndroidStudioProjects\CoordinateProject\gradle\caches\transforms-3\22edee19d30180518200ba8d5b2c02c3\transformed\material-1.12.0\res\color\mtrl_navigation_item_icon_tint.xml
2024-08-03T10:22:54.276+0700 [DEBUG] [org.gradle.internal.watch.vfs.impl.WatchingVirtualFileSystem] Handling VFS change REMOVED D:\AndroidStudioProjects\CoordinateProject\gradle\caches\transforms-3\22edee19d30180518200ba8d5b2c02c3\transformed\material-1.12.0\res\drawable\design_password_eye.xml
2024-08-03T10:22:54.276+0700 [DEBUG] [org.gradle.internal.watch.vfs.impl.WatchingVirtualFileSystem] Handling VFS change REMOVED D:\AndroidStudioProjects\CoordinateProject\gradle\caches\transforms-3\22edee19d30180518200ba8d5b2c02c3\transformed\material-1.12.0\res\drawable\ic_m3_chip_check.xml
2024-08-03T10:22:54.277+0700 [DEBUG] [org.gradle.internal.watch.vfs.impl.WatchingVirtualFileSystem] Handling VFS change REMOVED D:\AndroidStudioProjects\CoordinateProject\gradle\caches\transforms-3\22edee19d30180518200ba8d5b2c02c3\transformed\material-1.12.0\res\drawable\material_cursor_drawable.xml
2024-08-03T10:22:54.277+0700 [DEBUG] [org.gradle.internal.watch.vfs.impl.WatchingVirtualFileSystem] Handling VFS change REMOVED D:\AndroidStudioProjects\CoordinateProject\gradle\caches\transforms-3\22edee19d30180518200ba8d5b2c02c3\transformed\material-1.12.0\res\drawable\material_ic_edit_black_24dp.xml
2024-08-03T10:22:54.277+0700 [DEBUG] [org.gradle.internal.watch.vfs.impl.WatchingVirtualFileSystem] Handling VFS change REMOVED D:\AndroidStudioProjects\CoordinateProject\gradle\caches\transforms-3\22edee19d30180518200ba8d5b2c02c3\transformed\material-1.12.0\res\drawable\mtrl_checkbox_button_icon_indeterminate_checked.xml
2024-08-03T10:22:54.277+0700 [DEBUG] [org.gradle.internal.watch.vfs.impl.WatchingVirtualFileSystem] Handling VFS change REMOVED D:\AndroidStudioProjects\CoordinateProject\gradle\caches\transforms-3\22edee19d30180518200ba8d5b2c02c3\transformed\material-1.12.0\res\drawable\mtrl_checkbox_button_unchecked_checked.xml
2024-08-03T10:22:54.277+0700 [DEBUG] [org.gradle.internal.watch.vfs.impl.WatchingVirtualFileSystem] Handling VFS change REMOVED D:\AndroidStudioProjects\CoordinateProject\gradle\caches\transforms-3\22edee19d30180518200ba8d5b2c02c3\transformed\material-1.12.0\res\drawable\mtrl_tabs_default_indicator.xml
2024-08-03T10:22:54.278+0700 [DEBUG] [org.gradle.internal.watch.vfs.impl.WatchingVirtualFileSystem] Handling VFS change REMOVED D:\AndroidStudioProjects\CoordinateProject\gradle\caches\transforms-3\22edee19d30180518200ba8d5b2c02c3\transformed\material-1.12.0\res\interpolator-v21\mtrl_fast_out_linear_in.xml
2024-08-03T10:22:54.278+0700 [DEBUG] [org.gradle.internal.watch.vfs.impl.WatchingVirtualFileSystem] Handling VFS change REMOVED D:\AndroidStudioProjects\CoordinateProject\gradle\caches\transforms-3\22edee19d30180518200ba8d5b2c02c3\transformed\material-1.12.0\res\interpolator\mtrl_fast_out_linear_in.xml
2024-08-03T10:22:54.278+0700 [DEBUG] [org.gradle.internal.watch.vfs.impl.WatchingVirtualFileSystem] Handling VFS change REMOVED D:\AndroidStudioProjects\CoordinateProject\gradle\caches\transforms-3\22edee19d30180518200ba8d5b2c02c3\transformed\material-1.12.0\res\interpolator\mtrl_linear.xml
2024-08-03T10:22:54.278+0700 [DEBUG] [org.gradle.internal.watch.vfs.impl.WatchingVirtualFileSystem] Handling VFS change REMOVED D:\AndroidStudioProjects\CoordinateProject\gradle\caches\transforms-3\22edee19d30180518200ba8d5b2c02c3\transformed\material-1.12.0\res\layout-sw600dp-v13\mtrl_layout_snackbar.xml
2024-08-03T10:22:54.279+0700 [DEBUG] [org.gradle.internal.watch.vfs.impl.WatchingVirtualFileSystem] Handling VFS change REMOVED D:\AndroidStudioProjects\CoordinateProject\gradle\caches\transforms-3\22edee19d30180518200ba8d5b2c02c3\transformed\material-1.12.0\res\layout\design_text_input_start_icon.xml
2024-08-03T10:22:54.279+0700 [DEBUG] [org.gradle.internal.watch.vfs.impl.WatchingVirtualFileSystem] Handling VFS change REMOVED D:\AndroidStudioProjects\CoordinateProject\gradle\caches\transforms-3\22edee19d30180518200ba8d5b2c02c3\transformed\material-1.12.0\res\layout\m3_auto_complete_simple_item.xml
2024-08-03T10:22:54.279+0700 [DEBUG] [org.gradle.internal.watch.vfs.impl.WatchingVirtualFileSystem] Handling VFS change REMOVED D:\AndroidStudioProjects\CoordinateProject\gradle\caches\transforms-3\22edee19d30180518200ba8d5b2c02c3\transformed\material-1.12.0\res\layout\material_clockface_view.xml
2024-08-03T10:22:54.280+0700 [DEBUG] [org.gradle.internal.watch.vfs.impl.WatchingVirtualFileSystem] Handling VFS change REMOVED D:\AndroidStudioProjects\CoordinateProject\gradle\caches\transforms-3\22edee19d30180518200ba8d5b2c02c3\transformed\material-1.12.0\res\layout\material_textinput_timepicker.xml
2024-08-03T10:22:54.280+0700 [DEBUG] [org.gradle.internal.watch.vfs.impl.WatchingVirtualFileSystem] Handling VFS change REMOVED D:\AndroidStudioProjects\CoordinateProject\gradle\caches\transforms-3\22edee19d30180518200ba8d5b2c02c3\transformed\material-1.12.0\res\layout\mtrl_alert_select_dialog_multichoice.xml
2024-08-03T10:22:54.280+0700 [DEBUG] [org.gradle.internal.watch.vfs.impl.WatchingVirtualFileSystem] Handling VFS change REMOVED D:\AndroidStudioProjects\CoordinateProject\gradle\caches\transforms-3\22edee19d30180518200ba8d5b2c02c3\transformed\material-1.12.0\res\layout\mtrl_calendar_month.xml
2024-08-03T10:22:54.280+0700 [DEBUG] [org.gradle.internal.watch.vfs.impl.WatchingVirtualFileSystem] Handling VFS change REMOVED D:\AndroidStudioProjects\CoordinateProject\gradle\caches\transforms-3\22edee19d30180518200ba8d5b2c02c3\transformed\material-1.12.0\res\layout\mtrl_calendar_months.xml
2024-08-03T10:22:54.280+0700 [DEBUG] [org.gradle.internal.watch.vfs.impl.WatchingVirtualFileSystem] Handling VFS change REMOVED D:\AndroidStudioProjects\CoordinateProject\gradle\caches\transforms-3\22edee19d30180518200ba8d5b2c02c3\transformed\material-1.12.0\res\layout\mtrl_picker_dialog.xml
2024-08-03T10:22:54.280+0700 [DEBUG] [org.gradle.internal.watch.vfs.impl.WatchingVirtualFileSystem] Handling VFS change REMOVED D:\AndroidStudioProjects\CoordinateProject\gradle\caches\transforms-3\22edee19d30180518200ba8d5b2c02c3\transformed\material-1.12.0\res\values-af\values-af.xml
2024-08-03T10:22:54.281+0700 [DEBUG] [org.gradle.internal.watch.vfs.impl.WatchingVirtualFileSystem] Handling VFS change REMOVED D:\AndroidStudioProjects\CoordinateProject\gradle\caches\transforms-3\22edee19d30180518200ba8d5b2c02c3\transformed\material-1.12.0\res\values-as\values-as.xml
2024-08-03T10:22:54.281+0700 [DEBUG] [org.gradle.internal.watch.vfs.impl.WatchingVirtualFileSystem] Handling VFS change REMOVED D:\AndroidStudioProjects\CoordinateProject\gradle\caches\transforms-3\22edee19d30180518200ba8d5b2c02c3\transformed\material-1.12.0\res\values-af
2024-08-03T10:22:54.281+0700 [DEBUG] [org.gradle.internal.watch.vfs.impl.WatchingVirtualFileSystem] Handling VFS change REMOVED D:\AndroidStudioProjects\CoordinateProject\gradle\caches\transforms-3\22edee19d30180518200ba8d5b2c02c3\transformed\material-1.12.0\res\values-fa\values-fa.xml
2024-08-03T10:22:54.281+0700 [DEBUG] [org.gradle.internal.watch.vfs.impl.WatchingVirtualFileSystem] Handling VFS change REMOVED D:\AndroidStudioProjects\CoordinateProject\gradle\caches\transforms-3\22edee19d30180518200ba8d5b2c02c3\transformed\material-1.12.0\res\values-as
2024-08-03T10:22:54.282+0700 [DEBUG] [org.gradle.internal.watch.vfs.impl.WatchingVirtualFileSystem] Handling VFS change REMOVED D:\AndroidStudioProjects\CoordinateProject\gradle\caches\transforms-3\22edee19d30180518200ba8d5b2c02c3\transformed\material-1.12.0\res\values-sk\values-sk.xml
2024-08-03T10:22:54.282+0700 [DEBUG] [org.gradle.internal.watch.vfs.impl.WatchingVirtualFileSystem] Handling VFS change REMOVED D:\AndroidStudioProjects\CoordinateProject\gradle\caches\transforms-3\22edee19d30180518200ba8d5b2c02c3\transformed\material-1.12.0\res\values-fa
2024-08-03T10:22:54.282+0700 [DEBUG] [org.gradle.internal.watch.vfs.impl.WatchingVirtualFileSystem] Handling VFS change REMOVED D:\AndroidStudioProjects\CoordinateProject\gradle\caches\transforms-3\22edee19d30180518200ba8d5b2c02c3\transformed\material-1.12.0\res\values-sw600dp-v13\values-sw600dp-v13.xml
2024-08-03T10:22:54.282+0700 [DEBUG] [org.gradle.internal.watch.vfs.impl.WatchingVirtualFileSystem] Handling VFS change REMOVED D:\AndroidStudioProjects\CoordinateProject\gradle\caches\transforms-3\22edee19d30180518200ba8d5b2c02c3\transformed\material-1.12.0\res\values-sk
2024-08-03T10:22:54.282+0700 [DEBUG] [org.gradle.internal.watch.vfs.impl.WatchingVirtualFileSystem] Handling VFS change REMOVED D:\AndroidStudioProjects\CoordinateProject\gradle\caches\transforms-3\22edee19d30180518200ba8d5b2c02c3\transformed\material-1.12.0\res\values-v24\values-v24.xml
2024-08-03T10:22:54.283+0700 [DEBUG] [org.gradle.internal.watch.vfs.impl.WatchingVirtualFileSystem] Handling VFS change REMOVED D:\AndroidStudioProjects\CoordinateProject\gradle\caches\transforms-3\22edee19d30180518200ba8d5b2c02c3\transformed\material-1.12.0\res\values-sw600dp-v13
2024-08-03T10:22:54.283+0700 [DEBUG] [org.gradle.internal.watch.vfs.impl.WatchingVirtualFileSystem] Handling VFS change REMOVED D:\AndroidStudioProjects\CoordinateProject\gradle\caches\transforms-3\22edee19d30180518200ba8d5b2c02c3\transformed\material-1.12.0\res\values-zh-rHK\values-zh-rHK.xml
2024-08-03T10:22:54.283+0700 [DEBUG] [org.gradle.internal.watch.vfs.impl.WatchingVirtualFileSystem] Handling VFS change REMOVED D:\AndroidStudioProjects\CoordinateProject\gradle\caches\transforms-3\22edee19d30180518200ba8d5b2c02c3\transformed\material-1.12.0\res\values-v24
2024-08-03T10:22:54.283+0700 [DEBUG] [org.gradle.internal.watch.vfs.impl.WatchingVirtualFileSystem] Handling VFS change REMOVED D:\AndroidStudioProjects\CoordinateProject\gradle\caches\transforms-3\22edee19d30180518200ba8d5b2c02c3\transformed\material-1.12.0\res\values-zh-rTW\values-zh-rTW.xml
2024-08-03T10:22:54.283+0700 [DEBUG] [org.gradle.internal.watch.vfs.impl.WatchingVirtualFileSystem] Handling VFS change REMOVED D:\AndroidStudioProjects\CoordinateProject\gradle\caches\transforms-3\22edee19d30180518200ba8d5b2c02c3\transformed\material-1.12.0\res\values-zh-rHK
2024-08-03T10:22:54.284+0700 [DEBUG] [org.gradle.internal.watch.vfs.impl.WatchingVirtualFileSystem] Handling VFS change REMOVED D:\AndroidStudioProjects\CoordinateProject\gradle\caches\transforms-3\22edee19d30180518200ba8d5b2c02c3\transformed\material-1.12.0\res\values-zh-rTW
2024-08-03T10:22:54.284+0700 [DEBUG] [org.gradle.internal.watch.vfs.impl.WatchingVirtualFileSystem] Handling VFS change REMOVED D:\AndroidStudioProjects\CoordinateProject\gradle\caches\transforms-3\24c5001da679a24e28a9bd83c1cbeff1\results.bin
2024-08-03T10:22:54.285+0700 [DEBUG] [org.gradle.internal.watch.vfs.impl.WatchingVirtualFileSystem] Handling VFS change REMOVED D:\AndroidStudioProjects\CoordinateProject\gradle\caches\transforms-3\24c5001da679a24e28a9bd83c1cbeff1\transformed\resourceinspection-annotation-1_0_1_jar-snapshot.bin
2024-08-03T10:22:54.285+0700 [DEBUG] [org.gradle.internal.watch.vfs.impl.WatchingVirtualFileSystem] Handling VFS change REMOVED D:\AndroidStudioProjects\CoordinateProject\gradle\caches\transforms-3\24ed59cebd599ae996bea603700944fe\transformed\lifecycle-livedata-2.6.2-runtime.jar
2024-08-03T10:22:54.285+0700 [DEBUG] [org.gradle.internal.watch.vfs.impl.WatchingVirtualFileSystem] Handling VFS change REMOVED D:\AndroidStudioProjects\CoordinateProject\gradle\caches\transforms-3\24c5001da679a24e28a9bd83c1cbeff1\transformed
2024-08-03T10:22:54.286+0700 [DEBUG] [org.gradle.internal.watch.vfs.impl.WatchingVirtualFileSystem] Handling VFS change REMOVED D:\AndroidStudioProjects\CoordinateProject\gradle\caches\transforms-3\24c5001da679a24e28a9bd83c1cbeff1
2024-08-03T10:22:54.286+0700 [DEBUG] [org.gradle.internal.watch.vfs.impl.WatchingVirtualFileSystem] Handling VFS change REMOVED D:\AndroidStudioProjects\CoordinateProject\gradle\caches\transforms-3\26f4e9203acf745fc5eef993b79925a1\results.bin
2024-08-03T10:22:54.286+0700 [DEBUG] [org.gradle.internal.watch.vfs.impl.WatchingVirtualFileSystem] Handling VFS change REMOVED D:\AndroidStudioProjects\CoordinateProject\gradle\caches\transforms-3\24ed59cebd599ae996bea603700944fe\transformed
2024-08-03T10:22:54.286+0700 [DEBUG] [org.gradle.internal.watch.vfs.impl.WatchingVirtualFileSystem] Handling VFS change REMOVED D:\AndroidStudioProjects\CoordinateProject\gradle\caches\transforms-3\26f4e9203acf745fc5eef993b79925a1\transformed\lifecycle-livedata-2_6_2-api_jar-snapshot.bin
2024-08-03T10:22:54.287+0700 [DEBUG] [org.gradle.internal.watch.vfs.impl.WatchingVirtualFileSystem] Handling VFS change REMOVED D:\AndroidStudioProjects\CoordinateProject\gradle\caches\transforms-3\26f4e9203acf745fc5eef993b79925a1\transformed
2024-08-03T10:22:54.287+0700 [DEBUG] [org.gradle.internal.watch.vfs.impl.WatchingVirtualFileSystem] Handling VFS change REMOVED D:\AndroidStudioProjects\CoordinateProject\gradle\caches\transforms-3\26f4e9203acf745fc5eef993b79925a1
2024-08-03T10:22:54.287+0700 [DEBUG] [org.gradle.internal.watch.vfs.impl.WatchingVirtualFileSystem] Handling VFS change REMOVED D:\AndroidStudioProjects\CoordinateProject\gradle\caches\transforms-3\27cd125f68b824de47b421949ad7d4f6\results.bin
2024-08-03T10:22:54.288+0700 [DEBUG] [org.gradle.internal.watch.vfs.impl.WatchingVirtualFileSystem] Handling VFS change REMOVED D:\AndroidStudioProjects\CoordinateProject\gradle\caches\transforms-3\27cd125f68b824de47b421949ad7d4f6\transformed\core-lambda-stubs_jar-snapshot.bin
2024-08-03T10:22:54.288+0700 [DEBUG] [org.gradle.internal.watch.vfs.impl.WatchingVirtualFileSystem] Handling VFS change REMOVED D:\AndroidStudioProjects\CoordinateProject\gradle\caches\transforms-3\27d5d65878c2afe4243b8a9fcab5640d\results.bin
2024-08-03T10:22:54.288+0700 [DEBUG] [org.gradle.internal.watch.vfs.impl.WatchingVirtualFileSystem] Handling VFS change REMOVED D:\AndroidStudioProjects\CoordinateProject\gradle\caches\transforms-3\27cd125f68b824de47b421949ad7d4f6\transformed
2024-08-03T10:22:54.288+0700 [DEBUG] [org.gradle.internal.watch.vfs.impl.WatchingVirtualFileSystem] Handling VFS change REMOVED D:\AndroidStudioProjects\CoordinateProject\gradle\caches\transforms-3\27cd125f68b824de47b421949ad7d4f6
2024-08-03T10:22:54.289+0700 [DEBUG] [org.gradle.internal.watch.vfs.impl.WatchingVirtualFileSystem] Handling VFS change REMOVED D:\AndroidStudioProjects\CoordinateProject\gradle\caches\transforms-3\27d5d65878c2afe4243b8a9fcab5640d\transformed\lifecycle-runtime-2_6_2-api_jar-snapshot.bin
2024-08-03T10:22:54.289+0700 [DEBUG] [org.gradle.internal.watch.vfs.impl.WatchingVirtualFileSystem] Handling VFS change REMOVED D:\AndroidStudioProjects\CoordinateProject\gradle\caches\transforms-3\284e59d1054c27436ff9fccee68fbe02\transformed\tracing-1.0.0\AndroidManifest.xml
2024-08-03T10:22:54.289+0700 [DEBUG] [org.gradle.internal.watch.vfs.impl.WatchingVirtualFileSystem] Handling VFS change REMOVED D:\AndroidStudioProjects\CoordinateProject\gradle\caches\transforms-3\27d5d65878c2afe4243b8a9fcab5640d\transformed
2024-08-03T10:22:54.289+0700 [DEBUG] [org.gradle.internal.watch.vfs.impl.WatchingVirtualFileSystem] Handling VFS change REMOVED D:\AndroidStudioProjects\CoordinateProject\gradle\caches\transforms-3\27d5d65878c2afe4243b8a9fcab5640d
2024-08-03T10:22:54.289+0700 [DEBUG] [org.gradle.internal.watch.vfs.impl.WatchingVirtualFileSystem] Handling VFS change REMOVED D:\AndroidStudioProjects\CoordinateProject\gradle\caches\transforms-3\285987b4d133f8612d07239d3c16552d\results.bin
2024-08-03T10:22:54.290+0700 [DEBUG] [org.gradle.internal.watch.vfs.impl.WatchingVirtualFileSystem] Handling VFS change REMOVED D:\AndroidStudioProjects\CoordinateProject\gradle\caches\transforms-3\2b9557879fc7c092d7d3476da069250a\results.bin
2024-08-03T10:22:54.291+0700 [DEBUG] [org.gradle.internal.watch.vfs.impl.WatchingVirtualFileSystem] Handling VFS change REMOVED D:\AndroidStudioProjects\CoordinateProject\gradle\caches\transforms-3\2c24872ba2cc0f3eeaf292b011f7efcf\results.bin
2024-08-03T10:22:54.292+0700 [DEBUG] [org.gradle.internal.watch.vfs.impl.WatchingVirtualFileSystem] Handling VFS change REMOVED D:\AndroidStudioProjects\CoordinateProject\gradle\caches\transforms-3\2cdee095aa7e8e35d9e76280b454af3f\results.bin
2024-08-03T10:22:54.293+0700 [DEBUG] [org.gradle.internal.watch.vfs.impl.WatchingVirtualFileSystem] Handling VFS change REMOVED D:\AndroidStudioProjects\CoordinateProject\gradle\caches\transforms-3\2d565e22cdad3359dfff47c09421a0a3\results.bin
2024-08-03T10:22:54.293+0700 [DEBUG] [org.gradle.internal.watch.vfs.impl.WatchingVirtualFileSystem] Handling VFS change REMOVED D:\AndroidStudioProjects\CoordinateProject\gradle\caches\transforms-3\2d75ca97cc437ee8344645a596c48c25\results.bin
2024-08-03T10:22:54.293+0700 [DEBUG] [org.gradle.internal.watch.vfs.impl.WatchingVirtualFileSystem] Handling VFS change REMOVED D:\AndroidStudioProjects\CoordinateProject\gradle\caches\transforms-3\2d75ca97cc437ee8344645a596c48c25\transformed\lifecycle-service-2_6_2-api_jar-snapshot.bin
2024-08-03T10:22:54.294+0700 [DEBUG] [org.gradle.internal.watch.vfs.impl.WatchingVirtualFileSystem] Handling VFS change REMOVED D:\AndroidStudioProjects\CoordinateProject\gradle\caches\transforms-3\2d75ca97cc437ee8344645a596c48c25\transformed
2024-08-03T10:22:54.294+0700 [DEBUG] [org.gradle.internal.watch.vfs.impl.WatchingVirtualFileSystem] Handling VFS change REMOVED D:\AndroidStudioProjects\CoordinateProject\gradle\caches\transforms-3\2d75ca97cc437ee8344645a596c48c25
2024-08-03T10:22:54.294+0700 [DEBUG] [org.gradle.internal.watch.vfs.impl.WatchingVirtualFileSystem] Handling VFS change REMOVED D:\AndroidStudioProjects\CoordinateProject\gradle\caches\transforms-3\2e2742eea8d13f91f0bdf0b60c99f6aa\results.bin
2024-08-03T10:22:54.295+0700 [DEBUG] [org.gradle.internal.watch.vfs.impl.WatchingVirtualFileSystem] Handling VFS change REMOVED D:\AndroidStudioProjects\CoordinateProject\gradle\caches\transforms-3\2e2742eea8d13f91f0bdf0b60c99f6aa\transformed\cardview-1_0_0-api_jar-snapshot.bin
2024-08-03T10:22:54.295+0700 [DEBUG] [org.gradle.internal.watch.vfs.impl.WatchingVirtualFileSystem] Handling VFS change REMOVED D:\AndroidStudioProjects\CoordinateProject\gradle\caches\transforms-3\2e697abbb9871275ea8c53a20dc56d98\transformed\viewpager2-1.1.0-beta02-runtime
2024-08-03T10:22:54.295+0700 [DEBUG] [org.gradle.internal.watch.vfs.impl.WatchingVirtualFileSystem] Handling VFS change REMOVED D:\AndroidStudioProjects\CoordinateProject\gradle\caches\transforms-3\2e2742eea8d13f91f0bdf0b60c99f6aa\transformed
2024-08-03T10:22:54.295+0700 [DEBUG] [org.gradle.internal.watch.vfs.impl.WatchingVirtualFileSystem] Handling VFS change REMOVED D:\AndroidStudioProjects\CoordinateProject\gradle\caches\transforms-3\2e2742eea8d13f91f0bdf0b60c99f6aa
2024-08-03T10:22:54.296+0700 [DEBUG] [org.gradle.internal.watch.vfs.impl.WatchingVirtualFileSystem] Handling VFS change REMOVED D:\AndroidStudioProjects\CoordinateProject\gradle\caches\transforms-3\2e697abbb9871275ea8c53a20dc56d98\transformed
2024-08-03T10:22:54.297+0700 [DEBUG] [org.gradle.internal.watch.vfs.impl.WatchingVirtualFileSystem] Handling VFS change REMOVED D:\AndroidStudioProjects\CoordinateProject\gradle\caches\transforms-3\2ec7d2519d9e9e9a26afc4c8299dd804\results.bin
2024-08-03T10:22:54.298+0700 [DEBUG] [org.gradle.internal.watch.vfs.impl.WatchingVirtualFileSystem] Handling VFS change REMOVED D:\AndroidStudioProjects\CoordinateProject\gradle\caches\transforms-3\2ef7a419da5eb95e7f3b52bb4a3d6d2e\results.bin
2024-08-03T10:22:54.298+0700 [DEBUG] [org.gradle.internal.watch.vfs.impl.WatchingVirtualFileSystem] Handling VFS change REMOVED D:\AndroidStudioProjects\CoordinateProject\gradle\caches\transforms-3\2eff42b462863c6194f452c3fb30e673\results.bin
2024-08-03T10:22:54.298+0700 [DEBUG] [org.gradle.internal.watch.vfs.impl.WatchingVirtualFileSystem] Handling VFS change REMOVED D:\AndroidStudioProjects\CoordinateProject\gradle\caches\transforms-3\2eff42b462863c6194f452c3fb30e673\transformed\savedstate-ktx-1_2_1-api_jar-snapshot.bin
2024-08-03T10:22:54.299+0700 [DEBUG] [org.gradle.internal.watch.vfs.impl.WatchingVirtualFileSystem] Handling VFS change REMOVED D:\AndroidStudioProjects\CoordinateProject\gradle\caches\transforms-3\2eff42b462863c6194f452c3fb30e673\transformed
2024-08-03T10:22:54.299+0700 [DEBUG] [org.gradle.internal.watch.vfs.impl.WatchingVirtualFileSystem] Handling VFS change REMOVED D:\AndroidStudioProjects\CoordinateProject\gradle\caches\transforms-3\2eff42b462863c6194f452c3fb30e673
2024-08-03T10:22:54.301+0700 [DEBUG] [org.gradle.internal.watch.vfs.impl.WatchingVirtualFileSystem] Handling VFS change REMOVED D:\AndroidStudioProjects\CoordinateProject\gradle\caches\transforms-3\315d35fb1e305e78ee2dac19d2ebbdb8\transformed\play-services-base-18.5.0\proguard.txt
2024-08-03T10:22:54.301+0700 [DEBUG] [org.gradle.internal.watch.vfs.impl.WatchingVirtualFileSystem] Handling VFS change REMOVED D:\AndroidStudioProjects\CoordinateProject\gradle\caches\transforms-3\315d35fb1e305e78ee2dac19d2ebbdb8\transformed\play-services-base-18.5.0\res\color\common_google_signin_btn_text_dark.xml
2024-08-03T10:22:54.301+0700 [DEBUG] [org.gradle.internal.watch.vfs.impl.WatchingVirtualFileSystem] Handling VFS change REMOVED D:\AndroidStudioProjects\CoordinateProject\gradle\caches\transforms-3\315d35fb1e305e78ee2dac19d2ebbdb8\transformed\play-services-base-18.5.0\res\drawable-mdpi-v4\common_google_signin_btn_icon_dark_normal_background.9.png
2024-08-03T10:22:54.302+0700 [DEBUG] [org.gradle.internal.watch.vfs.impl.WatchingVirtualFileSystem] Handling VFS change REMOVED D:\AndroidStudioProjects\CoordinateProject\gradle\caches\transforms-3\315d35fb1e305e78ee2dac19d2ebbdb8\transformed\play-services-base-18.5.0\res\drawable-xhdpi-v4\common_google_signin_btn_text_dark_normal_background.9.png
2024-08-03T10:22:54.302+0700 [DEBUG] [org.gradle.internal.watch.vfs.impl.WatchingVirtualFileSystem] Handling VFS change REMOVED D:\AndroidStudioProjects\CoordinateProject\gradle\caches\transforms-3\315d35fb1e305e78ee2dac19d2ebbdb8\transformed\play-services-base-18.5.0\res\drawable-xhdpi-v4\googleg_disabled_color_18.png
2024-08-03T10:22:54.316+0700 [DEBUG] [org.gradle.internal.watch.vfs.impl.WatchingVirtualFileSystem] Handling VFS change REMOVED D:\AndroidStudioProjects\CoordinateProject\gradle\caches\transforms-3\315d35fb1e305e78ee2dac19d2ebbdb8\transformed\play-services-base-18.5.0\res\drawable-xxhdpi-v4\googleg_disabled_color_18.png
2024-08-03T10:22:54.317+0700 [DEBUG] [org.gradle.internal.watch.vfs.impl.WatchingVirtualFileSystem] Handling VFS change REMOVED D:\AndroidStudioProjects\CoordinateProject\gradle\caches\transforms-3\315d35fb1e305e78ee2dac19d2ebbdb8\transformed\play-services-base-18.5.0\res\drawable\common_google_signin_btn_icon_dark.xml
2024-08-03T10:22:54.317+0700 [DEBUG] [org.gradle.internal.watch.vfs.impl.WatchingVirtualFileSystem] Handling VFS change REMOVED D:\AndroidStudioProjects\CoordinateProject\gradle\caches\transforms-3\315d35fb1e305e78ee2dac19d2ebbdb8\transformed\play-services-base-18.5.0\res\drawable\common_google_signin_btn_icon_dark_focused.xml
2024-08-03T10:22:54.317+0700 [DEBUG] [org.gradle.internal.watch.vfs.impl.WatchingVirtualFileSystem] Handling VFS change REMOVED D:\AndroidStudioProjects\CoordinateProject\gradle\caches\transforms-3\315d35fb1e305e78ee2dac19d2ebbdb8\transformed\play-services-base-18.5.0\res\values-cs\values.xml
2024-08-03T10:22:54.318+0700 [DEBUG] [org.gradle.internal.watch.vfs.impl.WatchingVirtualFileSystem] Handling VFS change REMOVED D:\AndroidStudioProjects\CoordinateProject\gradle\caches\transforms-3\315d35fb1e305e78ee2dac19d2ebbdb8\transformed\play-services-base-18.5.0\res\values-da\values.xml
2024-08-03T10:22:54.318+0700 [DEBUG] [org.gradle.internal.watch.vfs.impl.WatchingVirtualFileSystem] Handling VFS change REMOVED D:\AndroidStudioProjects\CoordinateProject\gradle\caches\transforms-3\315d35fb1e305e78ee2dac19d2ebbdb8\transformed\play-services-base-18.5.0\res\values-cs
2024-08-03T10:22:54.318+0700 [DEBUG] [org.gradle.internal.watch.vfs.impl.WatchingVirtualFileSystem] Handling VFS change REMOVED D:\AndroidStudioProjects\CoordinateProject\gradle\caches\transforms-3\315d35fb1e305e78ee2dac19d2ebbdb8\transformed\play-services-base-18.5.0\res\values-eu\values.xml
2024-08-03T10:22:54.318+0700 [DEBUG] [org.gradle.internal.watch.vfs.impl.WatchingVirtualFileSystem] Handling VFS change REMOVED D:\AndroidStudioProjects\CoordinateProject\gradle\caches\transforms-3\315d35fb1e305e78ee2dac19d2ebbdb8\transformed\play-services-base-18.5.0\res\values-da
2024-08-03T10:22:54.318+0700 [DEBUG] [org.gradle.internal.watch.vfs.impl.WatchingVirtualFileSystem] Handling VFS change REMOVED D:\AndroidStudioProjects\CoordinateProject\gradle\caches\transforms-3\315d35fb1e305e78ee2dac19d2ebbdb8\transformed\play-services-base-18.5.0\res\values-fa\values.xml
2024-08-03T10:22:54.319+0700 [DEBUG] [org.gradle.internal.watch.vfs.impl.WatchingVirtualFileSystem] Handling VFS change REMOVED D:\AndroidStudioProjects\CoordinateProject\gradle\caches\transforms-3\315d35fb1e305e78ee2dac19d2ebbdb8\transformed\play-services-base-18.5.0\res\values-eu
2024-08-03T10:22:54.319+0700 [DEBUG] [org.gradle.internal.watch.vfs.impl.WatchingVirtualFileSystem] Handling VFS change REMOVED D:\AndroidStudioProjects\CoordinateProject\gradle\caches\transforms-3\315d35fb1e305e78ee2dac19d2ebbdb8\transformed\play-services-base-18.5.0\res\values-fi\values.xml
2024-08-03T10:22:54.319+0700 [DEBUG] [org.gradle.internal.watch.vfs.impl.WatchingVirtualFileSystem] Handling VFS change REMOVED D:\AndroidStudioProjects\CoordinateProject\gradle\caches\transforms-3\315d35fb1e305e78ee2dac19d2ebbdb8\transformed\play-services-base-18.5.0\res\values-fa
2024-08-03T10:22:54.325+0700 [DEBUG] [org.gradle.internal.watch.vfs.impl.WatchingVirtualFileSystem] Handling VFS change REMOVED D:\AndroidStudioProjects\CoordinateProject\gradle\caches\transforms-3\315d35fb1e305e78ee2dac19d2ebbdb8\transformed\play-services-base-18.5.0\res\values-hu\values.xml
2024-08-03T10:22:54.325+0700 [DEBUG] [org.gradle.internal.watch.vfs.impl.WatchingVirtualFileSystem] Handling VFS change REMOVED D:\AndroidStudioProjects\CoordinateProject\gradle\caches\transforms-3\315d35fb1e305e78ee2dac19d2ebbdb8\transformed\play-services-base-18.5.0\res\values-fi
2024-08-03T10:22:54.326+0700 [DEBUG] [org.gradle.internal.watch.vfs.impl.WatchingVirtualFileSystem] Handling VFS change REMOVED D:\AndroidStudioProjects\CoordinateProject\gradle\caches\transforms-3\315d35fb1e305e78ee2dac19d2ebbdb8\transformed\play-services-base-18.5.0\res\values-kk\values.xml
2024-08-03T10:22:54.326+0700 [DEBUG] [org.gradle.internal.watch.vfs.impl.WatchingVirtualFileSystem] Handling VFS change REMOVED D:\AndroidStudioProjects\CoordinateProject\gradle\caches\transforms-3\315d35fb1e305e78ee2dac19d2ebbdb8\transformed\play-services-base-18.5.0\res\values-hu
2024-08-03T10:22:54.326+0700 [DEBUG] [org.gradle.internal.watch.vfs.impl.WatchingVirtualFileSystem] Handling VFS change REMOVED D:\AndroidStudioProjects\CoordinateProject\gradle\caches\transforms-3\315d35fb1e305e78ee2dac19d2ebbdb8\transformed\play-services-base-18.5.0\res\values-lt\values.xml
2024-08-03T10:22:54.326+0700 [DEBUG] [org.gradle.internal.watch.vfs.impl.WatchingVirtualFileSystem] Handling VFS change REMOVED D:\AndroidStudioProjects\CoordinateProject\gradle\caches\transforms-3\315d35fb1e305e78ee2dac19d2ebbdb8\transformed\play-services-base-18.5.0\res\values-kk
2024-08-03T10:22:54.326+0700 [DEBUG] [org.gradle.internal.watch.vfs.impl.WatchingVirtualFileSystem] Handling VFS change REMOVED D:\AndroidStudioProjects\CoordinateProject\gradle\caches\transforms-3\315d35fb1e305e78ee2dac19d2ebbdb8\transformed\play-services-base-18.5.0\res\values-sk\values.xml
2024-08-03T10:22:54.327+0700 [DEBUG] [org.gradle.internal.watch.vfs.impl.WatchingVirtualFileSystem] Handling VFS change REMOVED D:\AndroidStudioProjects\CoordinateProject\gradle\caches\transforms-3\315d35fb1e305e78ee2dac19d2ebbdb8\transformed\play-services-base-18.5.0\res\values-lt
2024-08-03T10:22:54.327+0700 [DEBUG] [org.gradle.internal.watch.vfs.impl.WatchingVirtualFileSystem] Handling VFS change REMOVED D:\AndroidStudioProjects\CoordinateProject\gradle\caches\transforms-3\315d35fb1e305e78ee2dac19d2ebbdb8\transformed\play-services-base-18.5.0\res\values-tl\values.xml
2024-08-03T10:22:54.327+0700 [DEBUG] [org.gradle.internal.watch.vfs.impl.WatchingVirtualFileSystem] Handling VFS change REMOVED D:\AndroidStudioProjects\CoordinateProject\gradle\caches\transforms-3\315d35fb1e305e78ee2dac19d2ebbdb8\transformed\play-services-base-18.5.0\res\values-sk
2024-08-03T10:22:54.327+0700 [DEBUG] [org.gradle.internal.watch.vfs.impl.WatchingVirtualFileSystem] Handling VFS change REMOVED D:\AndroidStudioProjects\CoordinateProject\gradle\caches\transforms-3\315d35fb1e305e78ee2dac19d2ebbdb8\transformed\play-services-base-18.5.0\res\values-zu\values.xml
2024-08-03T10:22:54.327+0700 [DEBUG] [org.gradle.internal.watch.vfs.impl.WatchingVirtualFileSystem] Handling VFS change REMOVED D:\AndroidStudioProjects\CoordinateProject\gradle\caches\transforms-3\315d35fb1e305e78ee2dac19d2ebbdb8\transformed\play-services-base-18.5.0\res\values-tl
2024-08-03T10:22:54.328+0700 [DEBUG] [org.gradle.internal.watch.vfs.impl.WatchingVirtualFileSystem] Handling VFS change REMOVED D:\AndroidStudioProjects\CoordinateProject\gradle\caches\transforms-3\315d35fb1e305e78ee2dac19d2ebbdb8\transformed\play-services-base-18.5.0\res\values-zu
2024-08-03T10:22:54.328+0700 [DEBUG] [org.gradle.internal.watch.vfs.impl.WatchingVirtualFileSystem] Handling VFS change REMOVED D:\AndroidStudioProjects\CoordinateProject\gradle\caches\transforms-3\32819e4955524440ba085fddf6ce04dd\results.bin
2024-08-03T10:22:54.329+0700 [DEBUG] [org.gradle.internal.watch.vfs.impl.WatchingVirtualFileSystem] Handling VFS change REMOVED D:\AndroidStudioProjects\CoordinateProject\gradle\caches\transforms-3\32f33b63b63e147fc5b99cada44cc480\transformed\lifecycle-runtime-2.6.2-api.jar
2024-08-03T10:22:54.330+0700 [DEBUG] [org.gradle.internal.watch.vfs.impl.WatchingVirtualFileSystem] Handling VFS change REMOVED D:\AndroidStudioProjects\CoordinateProject\gradle\caches\transforms-3\32f33b63b63e147fc5b99cada44cc480\transformed
2024-08-03T10:22:54.330+0700 [DEBUG] [org.gradle.internal.watch.vfs.impl.WatchingVirtualFileSystem] Handling VFS change REMOVED D:\AndroidStudioProjects\CoordinateProject\gradle\caches\transforms-3\35729e2b7e9608b0ed29b8d3d27e52a8\results.bin
2024-08-03T10:22:54.331+0700 [DEBUG] [org.gradle.internal.watch.vfs.impl.WatchingVirtualFileSystem] Handling VFS change REMOVED D:\AndroidStudioProjects\CoordinateProject\gradle\caches\transforms-3\363fd330daf1374270192bf6fe8926d8\results.bin
2024-08-03T10:22:54.333+0700 [DEBUG] [org.gradle.internal.watch.vfs.impl.WatchingVirtualFileSystem] Handling VFS change REMOVED D:\AndroidStudioProjects\CoordinateProject\gradle\caches\transforms-3\381444f84533fcbd0dfa1f3811837f40\results.bin
2024-08-03T10:22:54.333+0700 [DEBUG] [org.gradle.internal.watch.vfs.impl.WatchingVirtualFileSystem] Handling VFS change REMOVED D:\AndroidStudioProjects\CoordinateProject\gradle\caches\transforms-3\389f9eefb191b0362de8c4f246b9a1e0\transformed\com.google.maps.android\drawable_amu_bubble_mask.9.png.flat
2024-08-03T10:22:54.335+0700 [DEBUG] [org.gradle.internal.watch.vfs.impl.WatchingVirtualFileSystem] Handling VFS change REMOVED D:\AndroidStudioProjects\CoordinateProject\gradle\caches\transforms-3\39ba8e3947c9874a14081ef55318111c\results.bin
2024-08-03T10:22:54.337+0700 [DEBUG] [org.gradle.internal.watch.vfs.impl.WatchingVirtualFileSystem] Handling VFS change REMOVED D:\AndroidStudioProjects\CoordinateProject\gradle\caches\transforms-3\3baf7e1aff4e161511a80d1c5a93f5f0\results.bin
2024-08-03T10:22:54.337+0700 [DEBUG] [org.gradle.internal.watch.vfs.impl.WatchingVirtualFileSystem] Handling VFS change REMOVED D:\AndroidStudioProjects\CoordinateProject\gradle\caches\transforms-3\3baf7e1aff4e161511a80d1c5a93f5f0\transformed\lifecycle-common-2_6_2_jar-snapshot.bin
2024-08-03T10:22:54.338+0700 [DEBUG] [org.gradle.internal.watch.vfs.impl.WatchingVirtualFileSystem] Handling VFS change REMOVED D:\AndroidStudioProjects\CoordinateProject\gradle\caches\transforms-3\3baf7e1aff4e161511a80d1c5a93f5f0\transformed
2024-08-03T10:22:54.338+0700 [DEBUG] [org.gradle.internal.watch.vfs.impl.WatchingVirtualFileSystem] Handling VFS change REMOVED D:\AndroidStudioProjects\CoordinateProject\gradle\caches\transforms-3\3baf7e1aff4e161511a80d1c5a93f5f0
2024-08-03T10:22:54.338+0700 [DEBUG] [org.gradle.internal.watch.vfs.impl.WatchingVirtualFileSystem] Handling VFS change REMOVED D:\AndroidStudioProjects\CoordinateProject\gradle\caches\transforms-3\3ce9574a5bc99564e1ed17dee6121dfc\results.bin
2024-08-03T10:22:54.339+0700 [DEBUG] [org.gradle.internal.watch.vfs.impl.WatchingVirtualFileSystem] Handling VFS change REMOVED D:\AndroidStudioProjects\CoordinateProject\gradle\caches\transforms-3\3cf71572c9deeda32bbee9348d6b42b4\results.bin
2024-08-03T10:22:54.340+0700 [DEBUG] [org.gradle.internal.watch.vfs.impl.WatchingVirtualFileSystem] Handling VFS change REMOVED D:\AndroidStudioProjects\CoordinateProject\gradle\caches\transforms-3\3cf71572c9deeda32bbee9348d6b42b4\transformed\kotlin-stdlib-1_8_22_jar-snapshot.bin
2024-08-03T10:22:54.340+0700 [DEBUG] [org.gradle.internal.watch.vfs.impl.WatchingVirtualFileSystem] Handling VFS change REMOVED D:\AndroidStudioProjects\CoordinateProject\gradle\caches\transforms-3\3d32af55642e0c95e1c18a2e005d1b72\results.bin
2024-08-03T10:22:54.340+0700 [DEBUG] [org.gradle.internal.watch.vfs.impl.WatchingVirtualFileSystem] Handling VFS change REMOVED D:\AndroidStudioProjects\CoordinateProject\gradle\caches\transforms-3\3cf71572c9deeda32bbee9348d6b42b4\transformed
2024-08-03T10:22:54.340+0700 [DEBUG] [org.gradle.internal.watch.vfs.impl.WatchingVirtualFileSystem] Handling VFS change REMOVED D:\AndroidStudioProjects\CoordinateProject\gradle\caches\transforms-3\3cf71572c9deeda32bbee9348d6b42b4
2024-08-03T10:22:54.341+0700 [DEBUG] [org.gradle.internal.watch.vfs.impl.WatchingVirtualFileSystem] Handling VFS change REMOVED D:\AndroidStudioProjects\CoordinateProject\gradle\caches\transforms-3\3eb32283a13b5045d6307d6bb96ae504\results.bin
2024-08-03T10:22:54.342+0700 [DEBUG] [org.gradle.internal.watch.vfs.impl.WatchingVirtualFileSystem] Handling VFS change REMOVED D:\AndroidStudioProjects\CoordinateProject\gradle\caches\transforms-3\3eb32283a13b5045d6307d6bb96ae504\transformed\profileinstaller-1.3.1-runtime
2024-08-03T10:22:54.342+0700 [DEBUG] [org.gradle.internal.watch.vfs.impl.WatchingVirtualFileSystem] Handling VFS change REMOVED D:\AndroidStudioProjects\CoordinateProject\gradle\caches\transforms-3\3f0941057ac420662ba495164eeee068\results.bin
2024-08-03T10:22:54.342+0700 [DEBUG] [org.gradle.internal.watch.vfs.impl.WatchingVirtualFileSystem] Handling VFS change REMOVED D:\AndroidStudioProjects\CoordinateProject\gradle\caches\transforms-3\3eb32283a13b5045d6307d6bb96ae504\transformed
2024-08-03T10:22:54.342+0700 [DEBUG] [org.gradle.internal.watch.vfs.impl.WatchingVirtualFileSystem] Handling VFS change REMOVED D:\AndroidStudioProjects\CoordinateProject\gradle\caches\transforms-3\3eb32283a13b5045d6307d6bb96ae504
2024-08-03T10:22:54.342+0700 [DEBUG] [org.gradle.internal.watch.vfs.impl.WatchingVirtualFileSystem] Handling VFS change REMOVED D:\AndroidStudioProjects\CoordinateProject\gradle\caches\transforms-3\3f0941057ac420662ba495164eeee068\transformed\databinding-common-8_0_1_jar-snapshot.bin
2024-08-03T10:22:54.343+0700 [DEBUG] [org.gradle.internal.watch.vfs.impl.WatchingVirtualFileSystem] Handling VFS change REMOVED D:\AndroidStudioProjects\CoordinateProject\gradle\caches\transforms-3\3f0941057ac420662ba495164eeee068\transformed
2024-08-03T10:22:54.343+0700 [DEBUG] [org.gradle.internal.watch.vfs.impl.WatchingVirtualFileSystem] Handling VFS change REMOVED D:\AndroidStudioProjects\CoordinateProject\gradle\caches\transforms-3\3f0941057ac420662ba495164eeee068
2024-08-03T10:22:54.344+0700 [DEBUG] [org.gradle.internal.watch.vfs.impl.WatchingVirtualFileSystem] Handling VFS change REMOVED D:\AndroidStudioProjects\CoordinateProject\gradle\caches\transforms-3\3fde26d86423ae3c183cd3121a6af7b3\results.bin
2024-08-03T10:22:54.344+0700 [DEBUG] [org.gradle.internal.watch.vfs.impl.WatchingVirtualFileSystem] Handling VFS change REMOVED D:\AndroidStudioProjects\CoordinateProject\gradle\caches\transforms-3\3fde26d86423ae3c183cd3121a6af7b3\transformed\dynamicanimation-1_0_0-api_jar-snapshot.bin
2024-08-03T10:22:54.344+0700 [DEBUG] [org.gradle.internal.watch.vfs.impl.WatchingVirtualFileSystem] Handling VFS change REMOVED D:\AndroidStudioProjects\CoordinateProject\gradle\caches\transforms-3\3fde26d86423ae3c183cd3121a6af7b3\transformed
2024-08-03T10:22:54.345+0700 [DEBUG] [org.gradle.internal.watch.vfs.impl.WatchingVirtualFileSystem] Handling VFS change REMOVED D:\AndroidStudioProjects\CoordinateProject\gradle\caches\transforms-3\3fde26d86423ae3c183cd3121a6af7b3
2024-08-03T10:22:54.345+0700 [DEBUG] [org.gradle.internal.watch.vfs.impl.WatchingVirtualFileSystem] Handling VFS change REMOVED D:\AndroidStudioProjects\CoordinateProject\gradle\caches\transforms-3\4187b71edd4369d80dda073b310111c9\results.bin
2024-08-03T10:22:54.345+0700 [DEBUG] [org.gradle.internal.watch.vfs.impl.WatchingVirtualFileSystem] Handling VFS change REMOVED D:\AndroidStudioProjects\CoordinateProject\gradle\caches\transforms-3\41c5f89ab8e71e1b5d073e4efb95cfa8\results.bin
2024-08-03T10:22:54.345+0700 [DEBUG] [org.gradle.internal.watch.vfs.impl.WatchingVirtualFileSystem] Handling VFS change REMOVED D:\AndroidStudioProjects\CoordinateProject\gradle\caches\transforms-3\41c5f89ab8e71e1b5d073e4efb95cfa8\transformed\documentfile-1_0_0-api_jar-snapshot.bin
2024-08-03T10:22:54.346+0700 [DEBUG] [org.gradle.internal.watch.vfs.impl.WatchingVirtualFileSystem] Handling VFS change REMOVED D:\AndroidStudioProjects\CoordinateProject\gradle\caches\transforms-3\41cb35d03c2b0bed963424af7a622be0\results.bin
2024-08-03T10:22:54.346+0700 [DEBUG] [org.gradle.internal.watch.vfs.impl.WatchingVirtualFileSystem] Handling VFS change REMOVED D:\AndroidStudioProjects\CoordinateProject\gradle\caches\transforms-3\41c5f89ab8e71e1b5d073e4efb95cfa8\transformed
2024-08-03T10:22:54.346+0700 [DEBUG] [org.gradle.internal.watch.vfs.impl.WatchingVirtualFileSystem] Handling VFS change REMOVED D:\AndroidStudioProjects\CoordinateProject\gradle\caches\transforms-3\41c5f89ab8e71e1b5d073e4efb95cfa8
2024-08-03T10:22:54.347+0700 [DEBUG] [org.gradle.internal.watch.vfs.impl.WatchingVirtualFileSystem] Handling VFS change REMOVED D:\AndroidStudioProjects\CoordinateProject\gradle\caches\transforms-3\42b25f4c7c509c41e0af5eb542b3b681\results.bin
2024-08-03T10:22:54.348+0700 [DEBUG] [org.gradle.internal.watch.vfs.impl.WatchingVirtualFileSystem] Handling VFS change REMOVED D:\AndroidStudioProjects\CoordinateProject\gradle\caches\transforms-3\42d306f75e862903d52bf3f890ca4ea4\transformed\com.google.android.gms.base\drawable-hdpi-v4_common_google_signin_btn_icon_light_normal_background.9.png.flat
2024-08-03T10:22:54.348+0700 [DEBUG] [org.gradle.internal.watch.vfs.impl.WatchingVirtualFileSystem] Handling VFS change REMOVED D:\AndroidStudioProjects\CoordinateProject\gradle\caches\transforms-3\42d306f75e862903d52bf3f890ca4ea4\transformed\com.google.android.gms.base\drawable-mdpi-v4_googleg_standard_color_18.png.flat
2024-08-03T10:22:54.348+0700 [DEBUG] [org.gradle.internal.watch.vfs.impl.WatchingVirtualFileSystem] Handling VFS change REMOVED D:\AndroidStudioProjects\CoordinateProject\gradle\caches\transforms-3\42d306f75e862903d52bf3f890ca4ea4\transformed\com.google.android.gms.base\drawable_common_google_signin_btn_icon_dark.xml.flat
2024-08-03T10:22:54.349+0700 [DEBUG] [org.gradle.internal.watch.vfs.impl.WatchingVirtualFileSystem] Handling VFS change REMOVED D:\AndroidStudioProjects\CoordinateProject\gradle\caches\transforms-3\42d306f75e862903d52bf3f890ca4ea4\transformed\com.google.android.gms.base\drawable_common_google_signin_btn_icon_dark_normal.xml.flat
2024-08-03T10:22:54.349+0700 [DEBUG] [org.gradle.internal.watch.vfs.impl.WatchingVirtualFileSystem] Handling VFS change REMOVED D:\AndroidStudioProjects\CoordinateProject\gradle\caches\transforms-3\42d306f75e862903d52bf3f890ca4ea4\transformed\com.google.android.gms.base\drawable_common_google_signin_btn_icon_light.xml.flat
2024-08-03T10:22:54.349+0700 [DEBUG] [org.gradle.internal.watch.vfs.impl.WatchingVirtualFileSystem] Handling VFS change REMOVED D:\AndroidStudioProjects\CoordinateProject\gradle\caches\transforms-3\42d306f75e862903d52bf3f890ca4ea4\transformed\com.google.android.gms.base\drawable_common_google_signin_btn_icon_light_focused.xml.flat
2024-08-03T10:22:54.349+0700 [DEBUG] [org.gradle.internal.watch.vfs.impl.WatchingVirtualFileSystem] Handling VFS change REMOVED D:\AndroidStudioProjects\CoordinateProject\gradle\caches\transforms-3\438bde8dc1e61af0f33e9726e64e2316\results.bin
2024-08-03T10:22:54.350+0700 [DEBUG] [org.gradle.internal.watch.vfs.impl.WatchingVirtualFileSystem] Handling VFS change REMOVED D:\AndroidStudioProjects\CoordinateProject\gradle\caches\transforms-3\43d14f656e5802ba9ad3748e97715204\results.bin
2024-08-03T10:22:54.350+0700 [DEBUG] [org.gradle.internal.watch.vfs.impl.WatchingVirtualFileSystem] Handling VFS change REMOVED D:\AndroidStudioProjects\CoordinateProject\gradle\caches\transforms-3\43d14f656e5802ba9ad3748e97715204\transformed\startup-runtime-1_1_1-api_jar-snapshot.bin
2024-08-03T10:22:54.351+0700 [DEBUG] [org.gradle.internal.watch.vfs.impl.WatchingVirtualFileSystem] Handling VFS change REMOVED D:\AndroidStudioProjects\CoordinateProject\gradle\caches\transforms-3\43e00e1f632d167a34883a39aa423cf3\results.bin
2024-08-03T10:22:54.351+0700 [DEBUG] [org.gradle.internal.watch.vfs.impl.WatchingVirtualFileSystem] Handling VFS change REMOVED D:\AndroidStudioProjects\CoordinateProject\gradle\caches\transforms-3\43d14f656e5802ba9ad3748e97715204\transformed
2024-08-03T10:22:54.351+0700 [DEBUG] [org.gradle.internal.watch.vfs.impl.WatchingVirtualFileSystem] Handling VFS change REMOVED D:\AndroidStudioProjects\CoordinateProject\gradle\caches\transforms-3\43d14f656e5802ba9ad3748e97715204
2024-08-03T10:22:54.351+0700 [DEBUG] [org.gradle.internal.watch.vfs.impl.WatchingVirtualFileSystem] Handling VFS change REMOVED D:\AndroidStudioProjects\CoordinateProject\gradle\caches\transforms-3\43e00e1f632d167a34883a39aa423cf3\transformed\legacy-support-core-utils-1_0_0-api_jar-snapshot.bin
2024-08-03T10:22:54.351+0700 [DEBUG] [org.gradle.internal.watch.vfs.impl.WatchingVirtualFileSystem] Handling VFS change REMOVED D:\AndroidStudioProjects\CoordinateProject\gradle\caches\transforms-3\43ee4a4c2db70d094bd1dca20807d593\results.bin
2024-08-03T10:22:54.352+0700 [DEBUG] [org.gradle.internal.watch.vfs.impl.WatchingVirtualFileSystem] Handling VFS change REMOVED D:\AndroidStudioProjects\CoordinateProject\gradle\caches\transforms-3\43e00e1f632d167a34883a39aa423cf3\transformed
2024-08-03T10:22:54.352+0700 [DEBUG] [org.gradle.internal.watch.vfs.impl.WatchingVirtualFileSystem] Handling VFS change REMOVED D:\AndroidStudioProjects\CoordinateProject\gradle\caches\transforms-3\43e00e1f632d167a34883a39aa423cf3
2024-08-03T10:22:54.352+0700 [DEBUG] [org.gradle.internal.watch.vfs.impl.WatchingVirtualFileSystem] Handling VFS change REMOVED D:\AndroidStudioProjects\CoordinateProject\gradle\caches\transforms-3\44b59f8d3dc2cb48f69acaad005ea9fe\results.bin
2024-08-03T10:22:54.352+0700 [DEBUG] [org.gradle.internal.watch.vfs.impl.WatchingVirtualFileSystem] Handling VFS change REMOVED D:\AndroidStudioProjects\CoordinateProject\gradle\caches\transforms-3\44b59f8d3dc2cb48f69acaad005ea9fe\transformed\core-common-2_2_0_jar-snapshot.bin
2024-08-03T10:22:54.353+0700 [DEBUG] [org.gradle.internal.watch.vfs.impl.WatchingVirtualFileSystem] Handling VFS change REMOVED D:\AndroidStudioProjects\CoordinateProject\gradle\caches\transforms-3\44b59f8d3dc2cb48f69acaad005ea9fe\transformed
2024-08-03T10:22:54.353+0700 [DEBUG] [org.gradle.internal.watch.vfs.impl.WatchingVirtualFileSystem] Handling VFS change REMOVED D:\AndroidStudioProjects\CoordinateProject\gradle\caches\transforms-3\44b59f8d3dc2cb48f69acaad005ea9fe
2024-08-03T10:22:54.354+0700 [DEBUG] [org.gradle.internal.watch.vfs.impl.WatchingVirtualFileSystem] Handling VFS change REMOVED D:\AndroidStudioProjects\CoordinateProject\gradle\caches\transforms-3\44e56f1eae9f978a553db4ac38c4a183\results.bin
2024-08-03T10:22:54.354+0700 [DEBUG] [org.gradle.internal.watch.vfs.impl.WatchingVirtualFileSystem] Handling VFS change REMOVED D:\AndroidStudioProjects\CoordinateProject\gradle\caches\transforms-3\44e56f1eae9f978a553db4ac38c4a183\transformed\transition-1_5_0-api_jar-snapshot.bin
2024-08-03T10:22:54.355+0700 [DEBUG] [org.gradle.internal.watch.vfs.impl.WatchingVirtualFileSystem] Handling VFS change REMOVED D:\AndroidStudioProjects\CoordinateProject\gradle\caches\transforms-3\44e56f1eae9f978a553db4ac38c4a183\transformed
2024-08-03T10:22:54.355+0700 [DEBUG] [org.gradle.internal.watch.vfs.impl.WatchingVirtualFileSystem] Handling VFS change REMOVED D:\AndroidStudioProjects\CoordinateProject\gradle\caches\transforms-3\44e56f1eae9f978a553db4ac38c4a183
2024-08-03T10:22:54.355+0700 [DEBUG] [org.gradle.internal.watch.vfs.impl.WatchingVirtualFileSystem] Handling VFS change REMOVED D:\AndroidStudioProjects\CoordinateProject\gradle\caches\transforms-3\452b29bc898e885f662582771450f8f0\results.bin
2024-08-03T10:22:54.355+0700 [DEBUG] [org.gradle.internal.watch.vfs.impl.WatchingVirtualFileSystem] Handling VFS change REMOVED D:\AndroidStudioProjects\CoordinateProject\gradle\caches\transforms-3\452b29bc898e885f662582771450f8f0\transformed\R.txt
2024-08-03T10:22:54.356+0700 [DEBUG] [org.gradle.internal.watch.vfs.impl.WatchingVirtualFileSystem] Handling VFS change REMOVED D:\AndroidStudioProjects\CoordinateProject\gradle\caches\transforms-3\45612b3390e17d3f130c223911167603\results.bin
2024-08-03T10:22:54.356+0700 [DEBUG] [org.gradle.internal.watch.vfs.impl.WatchingVirtualFileSystem] Handling VFS change REMOVED D:\AndroidStudioProjects\CoordinateProject\gradle\caches\transforms-3\452b29bc898e885f662582771450f8f0\transformed
2024-08-03T10:22:54.356+0700 [DEBUG] [org.gradle.internal.watch.vfs.impl.WatchingVirtualFileSystem] Handling VFS change REMOVED D:\AndroidStudioProjects\CoordinateProject\gradle\caches\transforms-3\452b29bc898e885f662582771450f8f0
2024-08-03T10:22:54.356+0700 [DEBUG] [org.gradle.internal.watch.vfs.impl.WatchingVirtualFileSystem] Handling VFS change REMOVED D:\AndroidStudioProjects\CoordinateProject\gradle\caches\transforms-3\45c33a686cb81e53bf083bc7cc84c5a6\results.bin
2024-08-03T10:22:54.357+0700 [DEBUG] [org.gradle.internal.watch.vfs.impl.WatchingVirtualFileSystem] Handling VFS change REMOVED D:\AndroidStudioProjects\CoordinateProject\gradle\caches\transforms-3\45ea26990f6e3fcd81d5c49130d4cac5\transformed\viewpager2-1.1.0-beta02\public.txt
2024-08-03T10:22:54.358+0700 [DEBUG] [org.gradle.internal.watch.vfs.impl.WatchingVirtualFileSystem] Handling VFS change REMOVED D:\AndroidStudioProjects\CoordinateProject\gradle\caches\transforms-3\45eeb68b246f788542c14798cf11d91a\results.bin
2024-08-03T10:22:54.358+0700 [DEBUG] [org.gradle.internal.watch.vfs.impl.WatchingVirtualFileSystem] Handling VFS change REMOVED D:\AndroidStudioProjects\CoordinateProject\gradle\caches\transforms-3\45eeb68b246f788542c14798cf11d91a\transformed\lifecycle-viewmodel-ktx-2_6_2-api_jar-snapshot.bin
2024-08-03T10:22:54.358+0700 [DEBUG] [org.gradle.internal.watch.vfs.impl.WatchingVirtualFileSystem] Handling VFS change REMOVED D:\AndroidStudioProjects\CoordinateProject\gradle\caches\transforms-3\45eeb68b246f788542c14798cf11d91a\transformed
2024-08-03T10:22:54.359+0700 [DEBUG] [org.gradle.internal.watch.vfs.impl.WatchingVirtualFileSystem] Handling VFS change REMOVED D:\AndroidStudioProjects\CoordinateProject\gradle\caches\transforms-3\45eeb68b246f788542c14798cf11d91a
2024-08-03T10:22:54.359+0700 [DEBUG] [org.gradle.internal.watch.vfs.impl.WatchingVirtualFileSystem] Handling VFS change REMOVED D:\AndroidStudioProjects\CoordinateProject\gradle\caches\transforms-3\46f2879ccd329b3df0f55e683b0e96bf\results.bin
2024-08-03T10:22:54.359+0700 [DEBUG] [org.gradle.internal.watch.vfs.impl.WatchingVirtualFileSystem] Handling VFS change REMOVED D:\AndroidStudioProjects\CoordinateProject\gradle\caches\transforms-3\46f2879ccd329b3df0f55e683b0e96bf\transformed\tracing-1_0_0-api_jar-snapshot.bin
2024-08-03T10:22:54.360+0700 [DEBUG] [org.gradle.internal.watch.vfs.impl.WatchingVirtualFileSystem] Handling VFS change REMOVED D:\AndroidStudioProjects\CoordinateProject\gradle\caches\transforms-3\46f2879ccd329b3df0f55e683b0e96bf\transformed
2024-08-03T10:22:54.360+0700 [DEBUG] [org.gradle.internal.watch.vfs.impl.WatchingVirtualFileSystem] Handling VFS change REMOVED D:\AndroidStudioProjects\CoordinateProject\gradle\caches\transforms-3\46f2879ccd329b3df0f55e683b0e96bf
2024-08-03T10:22:54.360+0700 [DEBUG] [org.gradle.internal.watch.vfs.impl.WatchingVirtualFileSystem] Handling VFS change REMOVED D:\AndroidStudioProjects\CoordinateProject\gradle\caches\transforms-3\4740cdbc59bbf97b317b6ff22baca850\results.bin
2024-08-03T10:22:54.361+0700 [DEBUG] [org.gradle.internal.watch.vfs.impl.WatchingVirtualFileSystem] Handling VFS change REMOVED D:\AndroidStudioProjects\CoordinateProject\gradle\caches\transforms-3\4740cdbc59bbf97b317b6ff22baca850\transformed\viewbinding-8_0_1-api_jar-snapshot.bin
2024-08-03T10:22:54.361+0700 [DEBUG] [org.gradle.internal.watch.vfs.impl.WatchingVirtualFileSystem] Handling VFS change REMOVED D:\AndroidStudioProjects\CoordinateProject\gradle\caches\transforms-3\4740cdbc59bbf97b317b6ff22baca850\transformed
2024-08-03T10:22:54.361+0700 [DEBUG] [org.gradle.internal.watch.vfs.impl.WatchingVirtualFileSystem] Handling VFS change REMOVED D:\AndroidStudioProjects\CoordinateProject\gradle\caches\transforms-3\4740cdbc59bbf97b317b6ff22baca850
2024-08-03T10:22:54.362+0700 [DEBUG] [org.gradle.internal.watch.vfs.impl.WatchingVirtualFileSystem] Handling VFS change REMOVED D:\AndroidStudioProjects\CoordinateProject\gradle\caches\transforms-3\476dee0de67b023a2198b6f2dfa1a962\results.bin
2024-08-03T10:22:54.363+0700 [DEBUG] [org.gradle.internal.watch.vfs.impl.WatchingVirtualFileSystem] Handling VFS change REMOVED D:\AndroidStudioProjects\CoordinateProject\gradle\caches\transforms-3\4891a6153015349d3389d089a16db09f\results.bin
2024-08-03T10:22:54.364+0700 [DEBUG] [org.gradle.internal.watch.vfs.impl.WatchingVirtualFileSystem] Handling VFS change REMOVED D:\AndroidStudioProjects\CoordinateProject\gradle\caches\transforms-3\4905600640113b71a15af4a67bd0a7e7\results.bin
2024-08-03T10:22:54.365+0700 [DEBUG] [org.gradle.internal.watch.vfs.impl.WatchingVirtualFileSystem] Handling VFS change REMOVED D:\AndroidStudioProjects\CoordinateProject\gradle\caches\transforms-3\4905600640113b71a15af4a67bd0a7e7\transformed\kotlin-stdlib-jdk8-1_8_22_jar-snapshot.bin
2024-08-03T10:22:54.365+0700 [DEBUG] [org.gradle.internal.watch.vfs.impl.WatchingVirtualFileSystem] Handling VFS change REMOVED D:\AndroidStudioProjects\CoordinateProject\gradle\caches\transforms-3\4905600640113b71a15af4a67bd0a7e7\transformed
2024-08-03T10:22:54.366+0700 [DEBUG] [org.gradle.internal.watch.vfs.impl.WatchingVirtualFileSystem] Handling VFS change REMOVED D:\AndroidStudioProjects\CoordinateProject\gradle\caches\transforms-3\4905600640113b71a15af4a67bd0a7e7
2024-08-03T10:22:54.366+0700 [DEBUG] [org.gradle.internal.watch.vfs.impl.WatchingVirtualFileSystem] Handling VFS change REMOVED D:\AndroidStudioProjects\CoordinateProject\gradle\caches\transforms-3\49ef838b516561a67424e8952bc54e95\results.bin
2024-08-03T10:22:54.367+0700 [DEBUG] [org.gradle.internal.watch.vfs.impl.WatchingVirtualFileSystem] Handling VFS change REMOVED D:\AndroidStudioProjects\CoordinateProject\gradle\caches\transforms-3\49f2899644cc1bb116243e13fc0d8d78\results.bin
2024-08-03T10:22:54.367+0700 [DEBUG] [org.gradle.internal.watch.vfs.impl.WatchingVirtualFileSystem] Handling VFS change REMOVED D:\AndroidStudioProjects\CoordinateProject\gradle\caches\transforms-3\49f2e75497f48301b5cf91349665d36c\results.bin
2024-08-03T10:22:54.369+0700 [DEBUG] [org.gradle.internal.watch.vfs.impl.WatchingVirtualFileSystem] Handling VFS change REMOVED D:\AndroidStudioProjects\CoordinateProject\gradle\caches\transforms-3\4be4a1ce77c3aaf65d31a08b59eb14bf\results.bin
2024-08-03T10:22:54.370+0700 [DEBUG] [org.gradle.internal.watch.vfs.impl.WatchingVirtualFileSystem] Handling VFS change REMOVED D:\AndroidStudioProjects\CoordinateProject\gradle\caches\transforms-3\4c7d54990402c4fe9422ae10d0dabcbe\results.bin
2024-08-03T10:22:54.373+0700 [DEBUG] [org.gradle.internal.watch.vfs.impl.WatchingVirtualFileSystem] Handling VFS change REMOVED D:\AndroidStudioProjects\CoordinateProject\gradle\caches\transforms-3\4e3f876b9d5017bad17891c10b5378f1\transformed\constraintlayout-core-1.0.4
2024-08-03T10:22:54.373+0700 [DEBUG] [org.gradle.internal.watch.vfs.impl.WatchingVirtualFileSystem] Handling VFS change REMOVED D:\AndroidStudioProjects\CoordinateProject\gradle\caches\transforms-3\4e3f876b9d5017bad17891c10b5378f1\transformed
2024-08-03T10:22:54.374+0700 [DEBUG] [org.gradle.internal.watch.vfs.impl.WatchingVirtualFileSystem] Handling VFS change REMOVED D:\AndroidStudioProjects\CoordinateProject\gradle\caches\transforms-3\4f21c6eb558f832a57be28e001c13ad2\results.bin
2024-08-03T10:22:54.374+0700 [DEBUG] [org.gradle.internal.watch.vfs.impl.WatchingVirtualFileSystem] Handling VFS change REMOVED D:\AndroidStudioProjects\CoordinateProject\gradle\caches\transforms-3\4f21c6eb558f832a57be28e001c13ad2\transformed\annotation-1_0_1-api_jar-snapshot.bin
2024-08-03T10:22:54.374+0700 [DEBUG] [org.gradle.internal.watch.vfs.impl.WatchingVirtualFileSystem] Handling VFS change REMOVED D:\AndroidStudioProjects\CoordinateProject\gradle\caches\transforms-3\4f21c6eb558f832a57be28e001c13ad2\transformed
2024-08-03T10:22:54.374+0700 [DEBUG] [org.gradle.internal.watch.vfs.impl.WatchingVirtualFileSystem] Handling VFS change REMOVED D:\AndroidStudioProjects\CoordinateProject\gradle\caches\transforms-3\4f21c6eb558f832a57be28e001c13ad2
2024-08-03T10:22:54.375+0700 [DEBUG] [org.gradle.internal.watch.vfs.impl.WatchingVirtualFileSystem] Handling VFS change REMOVED D:\AndroidStudioProjects\CoordinateProject\gradle\caches\transforms-3\503ce2655851c139cb5361b7c77cd35f\transformed\core-1.13.1\annotations.zip
2024-08-03T10:22:54.375+0700 [DEBUG] [org.gradle.internal.watch.vfs.impl.WatchingVirtualFileSystem] Handling VFS change REMOVED D:\AndroidStudioProjects\CoordinateProject\gradle\caches\transforms-3\503ce2655851c139cb5361b7c77cd35f\transformed\core-1.13.1\res\drawable-anydpi-v21\ic_call_answer_low.xml
2024-08-03T10:22:54.375+0700 [DEBUG] [org.gradle.internal.watch.vfs.impl.WatchingVirtualFileSystem] Handling VFS change REMOVED D:\AndroidStudioProjects\CoordinateProject\gradle\caches\transforms-3\503ce2655851c139cb5361b7c77cd35f\transformed\core-1.13.1\res\drawable-hdpi-v4\ic_call_answer_video_low.png
2024-08-03T10:22:54.376+0700 [DEBUG] [org.gradle.internal.watch.vfs.impl.WatchingVirtualFileSystem] Handling VFS change REMOVED D:\AndroidStudioProjects\CoordinateProject\gradle\caches\transforms-3\503ce2655851c139cb5361b7c77cd35f\transformed\core-1.13.1\res\drawable-hdpi-v4\ic_call_decline_low.png
2024-08-03T10:22:54.376+0700 [DEBUG] [org.gradle.internal.watch.vfs.impl.WatchingVirtualFileSystem] Handling VFS change REMOVED D:\AndroidStudioProjects\CoordinateProject\gradle\caches\transforms-3\503ce2655851c139cb5361b7c77cd35f\transformed\core-1.13.1\res\drawable-ldpi-v4\ic_call_answer_video_low.png
2024-08-03T10:22:54.376+0700 [DEBUG] [org.gradle.internal.watch.vfs.impl.WatchingVirtualFileSystem] Handling VFS change REMOVED D:\AndroidStudioProjects\CoordinateProject\gradle\caches\transforms-3\503ce2655851c139cb5361b7c77cd35f\transformed\core-1.13.1\res\drawable-mdpi-v4\ic_call_answer_low.png
2024-08-03T10:22:54.377+0700 [DEBUG] [org.gradle.internal.watch.vfs.impl.WatchingVirtualFileSystem] Handling VFS change REMOVED D:\AndroidStudioProjects\CoordinateProject\gradle\caches\transforms-3\503ce2655851c139cb5361b7c77cd35f\transformed\core-1.13.1\res\drawable-mdpi-v4\notify_panel_notification_icon_bg.png
2024-08-03T10:22:54.377+0700 [DEBUG] [org.gradle.internal.watch.vfs.impl.WatchingVirtualFileSystem] Handling VFS change REMOVED D:\AndroidStudioProjects\CoordinateProject\gradle\caches\transforms-3\503ce2655851c139cb5361b7c77cd35f\transformed\core-1.13.1\res\drawable-v21\notification_action_background.xml
2024-08-03T10:22:54.377+0700 [DEBUG] [org.gradle.internal.watch.vfs.impl.WatchingVirtualFileSystem] Handling VFS change REMOVED D:\AndroidStudioProjects\CoordinateProject\gradle\caches\transforms-3\503ce2655851c139cb5361b7c77cd35f\transformed\core-1.13.1\res\drawable-xhdpi-v4\ic_call_decline.png
2024-08-03T10:22:54.378+0700 [DEBUG] [org.gradle.internal.watch.vfs.impl.WatchingVirtualFileSystem] Handling VFS change REMOVED D:\AndroidStudioProjects\CoordinateProject\gradle\caches\transforms-3\503ce2655851c139cb5361b7c77cd35f\transformed\core-1.13.1\res\drawable-v21
2024-08-03T10:22:54.378+0700 [DEBUG] [org.gradle.internal.watch.vfs.impl.WatchingVirtualFileSystem] Handling VFS change REMOVED D:\AndroidStudioProjects\CoordinateProject\gradle\caches\transforms-3\503ce2655851c139cb5361b7c77cd35f\transformed\core-1.13.1\res\drawable-xxhdpi-v4\ic_call_answer_low.png
2024-08-03T10:22:54.378+0700 [DEBUG] [org.gradle.internal.watch.vfs.impl.WatchingVirtualFileSystem] Handling VFS change REMOVED D:\AndroidStudioProjects\CoordinateProject\gradle\caches\transforms-3\503ce2655851c139cb5361b7c77cd35f\transformed\core-1.13.1\res\drawable-xxxhdpi-v4\ic_call_answer.png
2024-08-03T10:22:54.379+0700 [DEBUG] [org.gradle.internal.watch.vfs.impl.WatchingVirtualFileSystem] Handling VFS change REMOVED D:\AndroidStudioProjects\CoordinateProject\gradle\caches\transforms-3\503ce2655851c139cb5361b7c77cd35f\transformed\core-1.13.1\res\layout\ime_secondary_split_test_activity.xml
2024-08-03T10:22:54.379+0700 [DEBUG] [org.gradle.internal.watch.vfs.impl.WatchingVirtualFileSystem] Handling VFS change REMOVED D:\AndroidStudioProjects\CoordinateProject\gradle\caches\transforms-3\503ce2655851c139cb5361b7c77cd35f\transformed\core-1.13.1\res\values-af\values-af.xml
2024-08-03T10:22:54.379+0700 [DEBUG] [org.gradle.internal.watch.vfs.impl.WatchingVirtualFileSystem] Handling VFS change REMOVED D:\AndroidStudioProjects\CoordinateProject\gradle\caches\transforms-3\503ce2655851c139cb5361b7c77cd35f\transformed\core-1.13.1\res\values-am\values-am.xml
2024-08-03T10:22:54.379+0700 [DEBUG] [org.gradle.internal.watch.vfs.impl.WatchingVirtualFileSystem] Handling VFS change REMOVED D:\AndroidStudioProjects\CoordinateProject\gradle\caches\transforms-3\503ce2655851c139cb5361b7c77cd35f\transformed\core-1.13.1\res\values-af
2024-08-03T10:22:54.380+0700 [DEBUG] [org.gradle.internal.watch.vfs.impl.WatchingVirtualFileSystem] Handling VFS change REMOVED D:\AndroidStudioProjects\CoordinateProject\gradle\caches\transforms-3\503ce2655851c139cb5361b7c77cd35f\transformed\core-1.13.1\res\values-az\values-az.xml
2024-08-03T10:22:54.380+0700 [DEBUG] [org.gradle.internal.watch.vfs.impl.WatchingVirtualFileSystem] Handling VFS change REMOVED D:\AndroidStudioProjects\CoordinateProject\gradle\caches\transforms-3\503ce2655851c139cb5361b7c77cd35f\transformed\core-1.13.1\res\values-am
2024-08-03T10:22:54.380+0700 [DEBUG] [org.gradle.internal.watch.vfs.impl.WatchingVirtualFileSystem] Handling VFS change REMOVED D:\AndroidStudioProjects\CoordinateProject\gradle\caches\transforms-3\503ce2655851c139cb5361b7c77cd35f\transformed\core-1.13.1\res\values-be\values-be.xml
2024-08-03T10:22:54.380+0700 [DEBUG] [org.gradle.internal.watch.vfs.impl.WatchingVirtualFileSystem] Handling VFS change REMOVED D:\AndroidStudioProjects\CoordinateProject\gradle\caches\transforms-3\503ce2655851c139cb5361b7c77cd35f\transformed\core-1.13.1\res\values-az
2024-08-03T10:22:54.381+0700 [DEBUG] [org.gradle.internal.watch.vfs.impl.WatchingVirtualFileSystem] Handling VFS change REMOVED D:\AndroidStudioProjects\CoordinateProject\gradle\caches\transforms-3\503ce2655851c139cb5361b7c77cd35f\transformed\core-1.13.1\res\values-ca\values-ca.xml
2024-08-03T10:22:54.381+0700 [DEBUG] [org.gradle.internal.watch.vfs.impl.WatchingVirtualFileSystem] Handling VFS change REMOVED D:\AndroidStudioProjects\CoordinateProject\gradle\caches\transforms-3\503ce2655851c139cb5361b7c77cd35f\transformed\core-1.13.1\res\values-be
2024-08-03T10:22:54.381+0700 [DEBUG] [org.gradle.internal.watch.vfs.impl.WatchingVirtualFileSystem] Handling VFS change REMOVED D:\AndroidStudioProjects\CoordinateProject\gradle\caches\transforms-3\503ce2655851c139cb5361b7c77cd35f\transformed\core-1.13.1\res\values-el\values-el.xml
2024-08-03T10:22:54.381+0700 [DEBUG] [org.gradle.internal.watch.vfs.impl.WatchingVirtualFileSystem] Handling VFS change REMOVED D:\AndroidStudioProjects\CoordinateProject\gradle\caches\transforms-3\503ce2655851c139cb5361b7c77cd35f\transformed\core-1.13.1\res\values-ca
2024-08-03T10:22:54.381+0700 [DEBUG] [org.gradle.internal.watch.vfs.impl.WatchingVirtualFileSystem] Handling VFS change REMOVED D:\AndroidStudioProjects\CoordinateProject\gradle\caches\transforms-3\503ce2655851c139cb5361b7c77cd35f\transformed\core-1.13.1\res\values-fr\values-fr.xml
2024-08-03T10:22:54.381+0700 [DEBUG] [org.gradle.internal.watch.vfs.impl.WatchingVirtualFileSystem] Handling VFS change REMOVED D:\AndroidStudioProjects\CoordinateProject\gradle\caches\transforms-3\503ce2655851c139cb5361b7c77cd35f\transformed\core-1.13.1\res\values-el
2024-08-03T10:22:54.382+0700 [DEBUG] [org.gradle.internal.watch.vfs.impl.WatchingVirtualFileSystem] Handling VFS change REMOVED D:\AndroidStudioProjects\CoordinateProject\gradle\caches\transforms-3\503ce2655851c139cb5361b7c77cd35f\transformed\core-1.13.1\res\values-hi\values-hi.xml
2024-08-03T10:22:54.382+0700 [DEBUG] [org.gradle.internal.watch.vfs.impl.WatchingVirtualFileSystem] Handling VFS change REMOVED D:\AndroidStudioProjects\CoordinateProject\gradle\caches\transforms-3\503ce2655851c139cb5361b7c77cd35f\transformed\core-1.13.1\res\values-fr
2024-08-03T10:22:54.382+0700 [DEBUG] [org.gradle.internal.watch.vfs.impl.WatchingVirtualFileSystem] Handling VFS change REMOVED D:\AndroidStudioProjects\CoordinateProject\gradle\caches\transforms-3\503ce2655851c139cb5361b7c77cd35f\transformed\core-1.13.1\res\values-lo\values-lo.xml
2024-08-03T10:22:54.382+0700 [DEBUG] [org.gradle.internal.watch.vfs.impl.WatchingVirtualFileSystem] Handling VFS change REMOVED D:\AndroidStudioProjects\CoordinateProject\gradle\caches\transforms-3\503ce2655851c139cb5361b7c77cd35f\transformed\core-1.13.1\res\values-hi
2024-08-03T10:22:54.383+0700 [DEBUG] [org.gradle.internal.watch.vfs.impl.WatchingVirtualFileSystem] Handling VFS change REMOVED D:\AndroidStudioProjects\CoordinateProject\gradle\caches\transforms-3\503ce2655851c139cb5361b7c77cd35f\transformed\core-1.13.1\res\values-mn\values-mn.xml
2024-08-03T10:22:54.383+0700 [DEBUG] [org.gradle.internal.watch.vfs.impl.WatchingVirtualFileSystem] Handling VFS change REMOVED D:\AndroidStudioProjects\CoordinateProject\gradle\caches\transforms-3\503ce2655851c139cb5361b7c77cd35f\transformed\core-1.13.1\res\values-lo
2024-08-03T10:22:54.383+0700 [DEBUG] [org.gradle.internal.watch.vfs.impl.WatchingVirtualFileSystem] Handling VFS change REMOVED D:\AndroidStudioProjects\CoordinateProject\gradle\caches\transforms-3\503ce2655851c139cb5361b7c77cd35f\transformed\core-1.13.1\res\values-pa\values-pa.xml
2024-08-03T10:22:54.383+0700 [DEBUG] [org.gradle.internal.watch.vfs.impl.WatchingVirtualFileSystem] Handling VFS change REMOVED D:\AndroidStudioProjects\CoordinateProject\gradle\caches\transforms-3\503ce2655851c139cb5361b7c77cd35f\transformed\core-1.13.1\res\values-mn
2024-08-03T10:22:54.383+0700 [DEBUG] [org.gradle.internal.watch.vfs.impl.WatchingVirtualFileSystem] Handling VFS change REMOVED D:\AndroidStudioProjects\CoordinateProject\gradle\caches\transforms-3\503ce2655851c139cb5361b7c77cd35f\transformed\core-1.13.1\res\values-sr\values-sr.xml
2024-08-03T10:22:54.384+0700 [DEBUG] [org.gradle.internal.watch.vfs.impl.WatchingVirtualFileSystem] Handling VFS change REMOVED D:\AndroidStudioProjects\CoordinateProject\gradle\caches\transforms-3\503ce2655851c139cb5361b7c77cd35f\transformed\core-1.13.1\res\values-pa
2024-08-03T10:22:54.384+0700 [DEBUG] [org.gradle.internal.watch.vfs.impl.WatchingVirtualFileSystem] Handling VFS change REMOVED D:\AndroidStudioProjects\CoordinateProject\gradle\caches\transforms-3\503ce2655851c139cb5361b7c77cd35f\transformed\core-1.13.1\res\values-zh-rHK\values-zh-rHK.xml
2024-08-03T10:22:54.384+0700 [DEBUG] [org.gradle.internal.watch.vfs.impl.WatchingVirtualFileSystem] Handling VFS change REMOVED D:\AndroidStudioProjects\CoordinateProject\gradle\caches\transforms-3\503ce2655851c139cb5361b7c77cd35f\transformed\core-1.13.1\res\values-sr
2024-08-03T10:22:54.384+0700 [DEBUG] [org.gradle.internal.watch.vfs.impl.WatchingVirtualFileSystem] Handling VFS change REMOVED D:\AndroidStudioProjects\CoordinateProject\gradle\caches\transforms-3\505a69e80506feeb3072ace646bcf678\results.bin
2024-08-03T10:22:54.384+0700 [DEBUG] [org.gradle.internal.watch.vfs.impl.WatchingVirtualFileSystem] Handling VFS change REMOVED D:\AndroidStudioProjects\CoordinateProject\gradle\caches\transforms-3\503ce2655851c139cb5361b7c77cd35f\transformed\core-1.13.1\res\values-zh-rHK
2024-08-03T10:22:54.385+0700 [DEBUG] [org.gradle.internal.watch.vfs.impl.WatchingVirtualFileSystem] Handling VFS change REMOVED D:\AndroidStudioProjects\CoordinateProject\gradle\caches\transforms-3\511c3344e56131dc42e949fcd29fd51c\results.bin
2024-08-03T10:22:54.386+0700 [DEBUG] [org.gradle.internal.watch.vfs.impl.WatchingVirtualFileSystem] Handling VFS change REMOVED D:\AndroidStudioProjects\CoordinateProject\gradle\caches\transforms-3\536b6197fa5ec5a01cf2a69c6af63f12\results.bin
2024-08-03T10:22:54.387+0700 [DEBUG] [org.gradle.internal.watch.vfs.impl.WatchingVirtualFileSystem] Handling VFS change REMOVED D:\AndroidStudioProjects\CoordinateProject\gradle\caches\transforms-3\54fa0d09cc5958f5cee754da7e40a2b1\results.bin
2024-08-03T10:22:54.388+0700 [DEBUG] [org.gradle.internal.watch.vfs.impl.WatchingVirtualFileSystem] Handling VFS change REMOVED D:\AndroidStudioProjects\CoordinateProject\gradle\caches\transforms-3\55571fa623878ff2ed1a1dfe17511f78\transformed\lifecycle-runtime-2.6.2\R.txt
2024-08-03T10:22:54.389+0700 [DEBUG] [org.gradle.internal.watch.vfs.impl.WatchingVirtualFileSystem] Handling VFS change REMOVED D:\AndroidStudioProjects\CoordinateProject\gradle\caches\transforms-3\55571fa623878ff2ed1a1dfe17511f78\transformed\lifecycle-runtime-2.6.2\jars\classes.jar
2024-08-03T10:22:54.389+0700 [DEBUG] [org.gradle.internal.watch.vfs.impl.WatchingVirtualFileSystem] Handling VFS change REMOVED D:\AndroidStudioProjects\CoordinateProject\gradle\caches\transforms-3\55571fa623878ff2ed1a1dfe17511f78\transformed\lifecycle-runtime-2.6.2\jars
2024-08-03T10:22:54.390+0700 [DEBUG] [org.gradle.internal.watch.vfs.impl.WatchingVirtualFileSystem] Handling VFS change REMOVED D:\AndroidStudioProjects\CoordinateProject\gradle\caches\transforms-3\56bd12f4f9059a0f113c82884bd0bbe7\transformed\databinding-common-8.0.1\classes.dex
2024-08-03T10:22:54.391+0700 [DEBUG] [org.gradle.internal.watch.vfs.impl.WatchingVirtualFileSystem] Handling VFS change REMOVED D:\AndroidStudioProjects\CoordinateProject\gradle\caches\transforms-3\56c40e638b678a476cffc64bef4f429d\results.bin
2024-08-03T10:22:54.391+0700 [DEBUG] [org.gradle.internal.watch.vfs.impl.WatchingVirtualFileSystem] Handling VFS change REMOVED D:\AndroidStudioProjects\CoordinateProject\gradle\caches\transforms-3\56bd12f4f9059a0f113c82884bd0bbe7\transformed\databinding-common-8.0.1
2024-08-03T10:22:54.391+0700 [DEBUG] [org.gradle.internal.watch.vfs.impl.WatchingVirtualFileSystem] Handling VFS change REMOVED D:\AndroidStudioProjects\CoordinateProject\gradle\caches\transforms-3\56bd12f4f9059a0f113c82884bd0bbe7\transformed
2024-08-03T10:22:54.391+0700 [DEBUG] [org.gradle.internal.watch.vfs.impl.WatchingVirtualFileSystem] Handling VFS change REMOVED D:\AndroidStudioProjects\CoordinateProject\gradle\caches\transforms-3\56c40e638b678a476cffc64bef4f429d\transformed\lifecycle-viewmodel-2_6_2-api_jar-snapshot.bin
2024-08-03T10:22:54.392+0700 [DEBUG] [org.gradle.internal.watch.vfs.impl.WatchingVirtualFileSystem] Handling VFS change REMOVED D:\AndroidStudioProjects\CoordinateProject\gradle\caches\transforms-3\58373a792ed7eea9b7ee2948a3c0f510\results.bin
2024-08-03T10:22:54.392+0700 [DEBUG] [org.gradle.internal.watch.vfs.impl.WatchingVirtualFileSystem] Handling VFS change REMOVED D:\AndroidStudioProjects\CoordinateProject\gradle\caches\transforms-3\56c40e638b678a476cffc64bef4f429d\transformed
2024-08-03T10:22:54.392+0700 [DEBUG] [org.gradle.internal.watch.vfs.impl.WatchingVirtualFileSystem] Handling VFS change REMOVED D:\AndroidStudioProjects\CoordinateProject\gradle\caches\transforms-3\56c40e638b678a476cffc64bef4f429d
2024-08-03T10:22:54.393+0700 [DEBUG] [org.gradle.internal.watch.vfs.impl.WatchingVirtualFileSystem] Handling VFS change REMOVED D:\AndroidStudioProjects\CoordinateProject\gradle\caches\transforms-3\597d6c65bc74fb9efbc68c9dc78263b3\results.bin
2024-08-03T10:22:54.394+0700 [DEBUG] [org.gradle.internal.watch.vfs.impl.WatchingVirtualFileSystem] Handling VFS change REMOVED D:\AndroidStudioProjects\CoordinateProject\gradle\caches\transforms-3\5a7bca83fce761203ee0b6adea666ee7\results.bin
2024-08-03T10:22:54.396+0700 [DEBUG] [org.gradle.internal.watch.vfs.impl.WatchingVirtualFileSystem] Handling VFS change REMOVED D:\AndroidStudioProjects\CoordinateProject\gradle\caches\transforms-3\5bffa48df6a4dd3f592adc51c424f065\results.bin
2024-08-03T10:22:54.396+0700 [DEBUG] [org.gradle.internal.watch.vfs.impl.WatchingVirtualFileSystem] Handling VFS change REMOVED D:\AndroidStudioProjects\CoordinateProject\gradle\caches\transforms-3\5c2f475ffc00ca71c61ea107df3a4013\results.bin
2024-08-03T10:22:54.397+0700 [DEBUG] [org.gradle.internal.watch.vfs.impl.WatchingVirtualFileSystem] Handling VFS change REMOVED D:\AndroidStudioProjects\CoordinateProject\gradle\caches\transforms-3\5c64c9330493d9805e1fd121e968c129\results.bin
2024-08-03T10:22:54.399+0700 [DEBUG] [org.gradle.internal.watch.vfs.impl.WatchingVirtualFileSystem] Handling VFS change REMOVED D:\AndroidStudioProjects\CoordinateProject\gradle\caches\transforms-3\5e5b16f19b6426c6d9016af3d3b6a682\results.bin
2024-08-03T10:22:54.399+0700 [DEBUG] [org.gradle.internal.watch.vfs.impl.WatchingVirtualFileSystem] Handling VFS change REMOVED D:\AndroidStudioProjects\CoordinateProject\gradle\caches\transforms-3\5e5b16f19b6426c6d9016af3d3b6a682\transformed\viewpager2-1_1_0-beta02-api_jar-snapshot.bin
2024-08-03T10:22:54.399+0700 [DEBUG] [org.gradle.internal.watch.vfs.impl.WatchingVirtualFileSystem] Handling VFS change REMOVED D:\AndroidStudioProjects\CoordinateProject\gradle\caches\transforms-3\5e965448f77ab3fdd09cf3ec21ea026c\results.bin
2024-08-03T10:22:54.400+0700 [DEBUG] [org.gradle.internal.watch.vfs.impl.WatchingVirtualFileSystem] Handling VFS change REMOVED D:\AndroidStudioProjects\CoordinateProject\gradle\caches\transforms-3\5e5b16f19b6426c6d9016af3d3b6a682\transformed
2024-08-03T10:22:54.400+0700 [DEBUG] [org.gradle.internal.watch.vfs.impl.WatchingVirtualFileSystem] Handling VFS change REMOVED D:\AndroidStudioProjects\CoordinateProject\gradle\caches\transforms-3\5e5b16f19b6426c6d9016af3d3b6a682
2024-08-03T10:22:54.400+0700 [DEBUG] [org.gradle.internal.watch.vfs.impl.WatchingVirtualFileSystem] Handling VFS change REMOVED D:\AndroidStudioProjects\CoordinateProject\gradle\caches\transforms-3\5f512bfd46704125895a5118db2f5e0b\results.bin
2024-08-03T10:22:54.401+0700 [DEBUG] [org.gradle.internal.watch.vfs.impl.WatchingVirtualFileSystem] Handling VFS change REMOVED D:\AndroidStudioProjects\CoordinateProject\gradle\caches\transforms-3\61d5ebd32214fe4d520676169fe69dff\results.bin
2024-08-03T10:22:54.402+0700 [DEBUG] [org.gradle.internal.watch.vfs.impl.WatchingVirtualFileSystem] Handling VFS change REMOVED D:\AndroidStudioProjects\CoordinateProject\gradle\caches\transforms-3\62fa2d31825a25fcf901a530f751dc04\results.bin
2024-08-03T10:22:54.403+0700 [DEBUG] [org.gradle.internal.watch.vfs.impl.WatchingVirtualFileSystem] Handling VFS change REMOVED D:\AndroidStudioProjects\CoordinateProject\gradle\caches\transforms-3\6320f1bfa7cd385d8ff1164bfaf3be43\results.bin
2024-08-03T10:22:54.404+0700 [DEBUG] [org.gradle.internal.watch.vfs.impl.WatchingVirtualFileSystem] Handling VFS change REMOVED D:\AndroidStudioProjects\CoordinateProject\gradle\caches\transforms-3\6337e565b3579cf32d1a7f92ccd0d166\results.bin
2024-08-03T10:22:54.405+0700 [DEBUG] [org.gradle.internal.watch.vfs.impl.WatchingVirtualFileSystem] Handling VFS change REMOVED D:\AndroidStudioProjects\CoordinateProject\gradle\caches\transforms-3\6465e9d5b1459404e0fcb74c4fccebb5\results.bin
2024-08-03T10:22:54.405+0700 [DEBUG] [org.gradle.internal.watch.vfs.impl.WatchingVirtualFileSystem] Handling VFS change REMOVED D:\AndroidStudioProjects\CoordinateProject\gradle\caches\transforms-3\6465e9d5b1459404e0fcb74c4fccebb5\transformed\retrofit-2_9_0_jar-snapshot.bin
2024-08-03T10:22:54.405+0700 [DEBUG] [org.gradle.internal.watch.vfs.impl.WatchingVirtualFileSystem] Handling VFS change REMOVED D:\AndroidStudioProjects\CoordinateProject\gradle\caches\transforms-3\64e8a920fe031b6707f375e3ce5f9a5d\results.bin
2024-08-03T10:22:54.406+0700 [DEBUG] [org.gradle.internal.watch.vfs.impl.WatchingVirtualFileSystem] Handling VFS change REMOVED D:\AndroidStudioProjects\CoordinateProject\gradle\caches\transforms-3\6465e9d5b1459404e0fcb74c4fccebb5\transformed
2024-08-03T10:22:54.406+0700 [DEBUG] [org.gradle.internal.watch.vfs.impl.WatchingVirtualFileSystem] Handling VFS change REMOVED D:\AndroidStudioProjects\CoordinateProject\gradle\caches\transforms-3\6465e9d5b1459404e0fcb74c4fccebb5
2024-08-03T10:22:54.406+0700 [DEBUG] [org.gradle.internal.watch.vfs.impl.WatchingVirtualFileSystem] Handling VFS change REMOVED D:\AndroidStudioProjects\CoordinateProject\gradle\caches\transforms-3\64e8a920fe031b6707f375e3ce5f9a5d\transformed\core-runtime-2_2_0-api_jar-snapshot.bin
2024-08-03T10:22:54.406+0700 [DEBUG] [org.gradle.internal.watch.vfs.impl.WatchingVirtualFileSystem] Handling VFS change REMOVED D:\AndroidStudioProjects\CoordinateProject\gradle\caches\transforms-3\64e8a920fe031b6707f375e3ce5f9a5d\transformed
2024-08-03T10:22:54.406+0700 [DEBUG] [org.gradle.internal.watch.vfs.impl.WatchingVirtualFileSystem] Handling VFS change REMOVED D:\AndroidStudioProjects\CoordinateProject\gradle\caches\transforms-3\64e8a920fe031b6707f375e3ce5f9a5d
2024-08-03T10:22:54.407+0700 [DEBUG] [org.gradle.internal.watch.vfs.impl.WatchingVirtualFileSystem] Handling VFS change REMOVED D:\AndroidStudioProjects\CoordinateProject\gradle\caches\transforms-3\6547beb82560f9068d9df729b779483a\transformed\lifecycle-viewmodel-savedstate-2.6.2\proguard.txt
2024-08-03T10:22:54.408+0700 [DEBUG] [org.gradle.internal.watch.vfs.impl.WatchingVirtualFileSystem] Handling VFS change REMOVED D:\AndroidStudioProjects\CoordinateProject\gradle\caches\transforms-3\66d80b9b9c171ce1fb7d6f82e586a75e\results.bin
2024-08-03T10:22:54.409+0700 [DEBUG] [org.gradle.internal.watch.vfs.impl.WatchingVirtualFileSystem] Handling VFS change REMOVED D:\AndroidStudioProjects\CoordinateProject\gradle\caches\transforms-3\66ea0e6ee23438f1bb5548bfda2aeead\transformed\androidx.core-r.txt
2024-08-03T10:22:54.409+0700 [DEBUG] [org.gradle.internal.watch.vfs.impl.WatchingVirtualFileSystem] Handling VFS change REMOVED D:\AndroidStudioProjects\CoordinateProject\gradle\caches\transforms-3\6747d0040295541fbbaad39806c498e7\results.bin
2024-08-03T10:22:54.409+0700 [DEBUG] [org.gradle.internal.watch.vfs.impl.WatchingVirtualFileSystem] Handling VFS change REMOVED D:\AndroidStudioProjects\CoordinateProject\gradle\caches\transforms-3\66ea0e6ee23438f1bb5548bfda2aeead\transformed
2024-08-03T10:22:54.410+0700 [DEBUG] [org.gradle.internal.watch.vfs.impl.WatchingVirtualFileSystem] Handling VFS change REMOVED D:\AndroidStudioProjects\CoordinateProject\gradle\caches\transforms-3\680a896e91dd49c3f0b245d275ff9929\transformed\core-ktx-1.13.1-runtime.jar
2024-08-03T10:22:54.410+0700 [DEBUG] [org.gradle.internal.watch.vfs.impl.WatchingVirtualFileSystem] Handling VFS change REMOVED D:\AndroidStudioProjects\CoordinateProject\gradle\caches\transforms-3\681409064f5429713c7cb649166793d4\results.bin
2024-08-03T10:22:54.410+0700 [DEBUG] [org.gradle.internal.watch.vfs.impl.WatchingVirtualFileSystem] Handling VFS change REMOVED D:\AndroidStudioProjects\CoordinateProject\gradle\caches\transforms-3\680a896e91dd49c3f0b245d275ff9929\transformed
2024-08-03T10:22:54.411+0700 [DEBUG] [org.gradle.internal.watch.vfs.impl.WatchingVirtualFileSystem] Handling VFS change REMOVED D:\AndroidStudioProjects\CoordinateProject\gradle\caches\transforms-3\681409064f5429713c7cb649166793d4\transformed\databinding-adapters-8_0_1-api_jar-snapshot.bin
2024-08-03T10:22:54.411+0700 [DEBUG] [org.gradle.internal.watch.vfs.impl.WatchingVirtualFileSystem] Handling VFS change REMOVED D:\AndroidStudioProjects\CoordinateProject\gradle\caches\transforms-3\681409064f5429713c7cb649166793d4\transformed
2024-08-03T10:22:54.411+0700 [DEBUG] [org.gradle.internal.watch.vfs.impl.WatchingVirtualFileSystem] Handling VFS change REMOVED D:\AndroidStudioProjects\CoordinateProject\gradle\caches\transforms-3\681409064f5429713c7cb649166793d4
2024-08-03T10:22:54.412+0700 [DEBUG] [org.gradle.internal.watch.vfs.impl.WatchingVirtualFileSystem] Handling VFS change REMOVED D:\AndroidStudioProjects\CoordinateProject\gradle\caches\transforms-3\68c14188912ae1cc4c9d2dad3630cb32\results.bin
2024-08-03T10:22:54.412+0700 [DEBUG] [org.gradle.internal.watch.vfs.impl.WatchingVirtualFileSystem] Handling VFS change REMOVED D:\AndroidStudioProjects\CoordinateProject\gradle\caches\transforms-3\68c14188912ae1cc4c9d2dad3630cb32\transformed\lifecycle-viewmodel-savedstate-2_6_2-api_jar-snapshot.bin
2024-08-03T10:22:54.412+0700 [DEBUG] [org.gradle.internal.watch.vfs.impl.WatchingVirtualFileSystem] Handling VFS change REMOVED D:\AndroidStudioProjects\CoordinateProject\gradle\caches\transforms-3\6995d6de4617f950c61d36f365cec767\results.bin
2024-08-03T10:22:54.412+0700 [DEBUG] [org.gradle.internal.watch.vfs.impl.WatchingVirtualFileSystem] Handling VFS change REMOVED D:\AndroidStudioProjects\CoordinateProject\gradle\caches\transforms-3\68c14188912ae1cc4c9d2dad3630cb32\transformed
2024-08-03T10:22:54.412+0700 [DEBUG] [org.gradle.internal.watch.vfs.impl.WatchingVirtualFileSystem] Handling VFS change REMOVED D:\AndroidStudioProjects\CoordinateProject\gradle\caches\transforms-3\68c14188912ae1cc4c9d2dad3630cb32
2024-08-03T10:22:54.413+0700 [DEBUG] [org.gradle.internal.watch.vfs.impl.WatchingVirtualFileSystem] Handling VFS change REMOVED D:\AndroidStudioProjects\CoordinateProject\gradle\caches\transforms-3\6995d6de4617f950c61d36f365cec767\transformed\recyclerview-1_3_2-api_jar-snapshot.bin
2024-08-03T10:22:54.413+0700 [DEBUG] [org.gradle.internal.watch.vfs.impl.WatchingVirtualFileSystem] Handling VFS change REMOVED D:\AndroidStudioProjects\CoordinateProject\gradle\caches\transforms-3\6a2dae71d096c9727b12ada528cbab58\results.bin
2024-08-03T10:22:54.413+0700 [DEBUG] [org.gradle.internal.watch.vfs.impl.WatchingVirtualFileSystem] Handling VFS change REMOVED D:\AndroidStudioProjects\CoordinateProject\gradle\caches\transforms-3\6995d6de4617f950c61d36f365cec767\transformed
2024-08-03T10:22:54.413+0700 [DEBUG] [org.gradle.internal.watch.vfs.impl.WatchingVirtualFileSystem] Handling VFS change REMOVED D:\AndroidStudioProjects\CoordinateProject\gradle\caches\transforms-3\6995d6de4617f950c61d36f365cec767
2024-08-03T10:22:54.413+0700 [DEBUG] [org.gradle.internal.watch.vfs.impl.WatchingVirtualFileSystem] Handling VFS change REMOVED D:\AndroidStudioProjects\CoordinateProject\gradle\caches\transforms-3\6b39d11d8e8356013ea94e2ef960d7bf\results.bin
2024-08-03T10:22:54.414+0700 [DEBUG] [org.gradle.internal.watch.vfs.impl.WatchingVirtualFileSystem] Handling VFS change REMOVED D:\AndroidStudioProjects\CoordinateProject\gradle\caches\transforms-3\6b5a2f7f914fdbd4eafb7d5c73d30831\transformed\coordinatorlayout-1.1.0-runtime\classes.dex
2024-08-03T10:22:54.414+0700 [DEBUG] [org.gradle.internal.watch.vfs.impl.WatchingVirtualFileSystem] Handling VFS change REMOVED D:\AndroidStudioProjects\CoordinateProject\gradle\caches\transforms-3\6bc7a8357d83e4ecae55763e251e8625\results.bin
2024-08-03T10:22:54.414+0700 [DEBUG] [org.gradle.internal.watch.vfs.impl.WatchingVirtualFileSystem] Handling VFS change REMOVED D:\AndroidStudioProjects\CoordinateProject\gradle\caches\transforms-3\6b5a2f7f914fdbd4eafb7d5c73d30831\transformed\coordinatorlayout-1.1.0-runtime
2024-08-03T10:22:54.414+0700 [DEBUG] [org.gradle.internal.watch.vfs.impl.WatchingVirtualFileSystem] Handling VFS change REMOVED D:\AndroidStudioProjects\CoordinateProject\gradle\caches\transforms-3\6b5a2f7f914fdbd4eafb7d5c73d30831\transformed
2024-08-03T10:22:54.415+0700 [DEBUG] [org.gradle.internal.watch.vfs.impl.WatchingVirtualFileSystem] Handling VFS change REMOVED D:\AndroidStudioProjects\CoordinateProject\gradle\caches\transforms-3\6bc7a8357d83e4ecae55763e251e8625\transformed\appcompat-resources-1_6_1-api_jar-snapshot.bin
2024-08-03T10:22:54.415+0700 [DEBUG] [org.gradle.internal.watch.vfs.impl.WatchingVirtualFileSystem] Handling VFS change REMOVED D:\AndroidStudioProjects\CoordinateProject\gradle\caches\transforms-3\6bf6e6c7f60c35f0b9b1d8c9c577c9c7\results.bin
2024-08-03T10:22:54.415+0700 [DEBUG] [org.gradle.internal.watch.vfs.impl.WatchingVirtualFileSystem] Handling VFS change REMOVED D:\AndroidStudioProjects\CoordinateProject\gradle\caches\transforms-3\6bc7a8357d83e4ecae55763e251e8625\transformed
2024-08-03T10:22:54.415+0700 [DEBUG] [org.gradle.internal.watch.vfs.impl.WatchingVirtualFileSystem] Handling VFS change REMOVED D:\AndroidStudioProjects\CoordinateProject\gradle\caches\transforms-3\6bc7a8357d83e4ecae55763e251e8625
2024-08-03T10:22:54.416+0700 [DEBUG] [org.gradle.internal.watch.vfs.impl.WatchingVirtualFileSystem] Handling VFS change REMOVED D:\AndroidStudioProjects\CoordinateProject\gradle\caches\transforms-3\6c33dc775e5f4bc95483922fabd429aa\transformed\play-services-tasks-18.2.0\AndroidManifest.xml
2024-08-03T10:22:54.416+0700 [DEBUG] [org.gradle.internal.watch.vfs.impl.WatchingVirtualFileSystem] Handling VFS change REMOVED D:\AndroidStudioProjects\CoordinateProject\gradle\caches\transforms-3\6cf01e0b2be5c45a13c885422dad0c32\results.bin
2024-08-03T10:22:54.418+0700 [DEBUG] [org.gradle.internal.watch.vfs.impl.WatchingVirtualFileSystem] Handling VFS change REMOVED D:\AndroidStudioProjects\CoordinateProject\gradle\caches\transforms-3\6dd66bc0e1c7a4d4e04e3d54a0a73dc3\transformed\lifecycle-livedata-core-2.6.2\AndroidManifest.xml
2024-08-03T10:22:54.418+0700 [DEBUG] [org.gradle.internal.watch.vfs.impl.WatchingVirtualFileSystem] Handling VFS change REMOVED D:\AndroidStudioProjects\CoordinateProject\gradle\caches\transforms-3\6dd66bc0e1c7a4d4e04e3d54a0a73dc3\transformed\lifecycle-livedata-core-2.6.2\res\values\values.xml
2024-08-03T10:22:54.418+0700 [DEBUG] [org.gradle.internal.watch.vfs.impl.WatchingVirtualFileSystem] Handling VFS change REMOVED D:\AndroidStudioProjects\CoordinateProject\gradle\caches\transforms-3\6dea3fad2266166c1d068408a8dfc35c\results.bin
2024-08-03T10:22:54.418+0700 [DEBUG] [org.gradle.internal.watch.vfs.impl.WatchingVirtualFileSystem] Handling VFS change REMOVED D:\AndroidStudioProjects\CoordinateProject\gradle\caches\transforms-3\6dd66bc0e1c7a4d4e04e3d54a0a73dc3\transformed\lifecycle-livedata-core-2.6.2\res\values
2024-08-03T10:22:54.419+0700 [DEBUG] [org.gradle.internal.watch.vfs.impl.WatchingVirtualFileSystem] Handling VFS change REMOVED D:\AndroidStudioProjects\CoordinateProject\gradle\caches\transforms-3\6dd66bc0e1c7a4d4e04e3d54a0a73dc3\transformed\lifecycle-livedata-core-2.6.2\res
2024-08-03T10:22:54.419+0700 [DEBUG] [org.gradle.internal.watch.vfs.impl.WatchingVirtualFileSystem] Handling VFS change REMOVED D:\AndroidStudioProjects\CoordinateProject\gradle\caches\transforms-3\6dea3fad2266166c1d068408a8dfc35c\transformed\maps-ktx-3_2_1-api_jar-snapshot.bin
2024-08-03T10:22:54.419+0700 [DEBUG] [org.gradle.internal.watch.vfs.impl.WatchingVirtualFileSystem] Handling VFS change REMOVED D:\AndroidStudioProjects\CoordinateProject\gradle\caches\transforms-3\6dea3fad2266166c1d068408a8dfc35c\transformed
2024-08-03T10:22:54.419+0700 [DEBUG] [org.gradle.internal.watch.vfs.impl.WatchingVirtualFileSystem] Handling VFS change REMOVED D:\AndroidStudioProjects\CoordinateProject\gradle\caches\transforms-3\6dea3fad2266166c1d068408a8dfc35c
2024-08-03T10:22:54.420+0700 [DEBUG] [org.gradle.internal.watch.vfs.impl.WatchingVirtualFileSystem] Handling VFS change REMOVED D:\AndroidStudioProjects\CoordinateProject\gradle\caches\transforms-3\6e6d6c86389c467cf5fc6ac0f5330c02\results.bin
2024-08-03T10:22:54.421+0700 [DEBUG] [org.gradle.internal.watch.vfs.impl.WatchingVirtualFileSystem] Handling VFS change REMOVED D:\AndroidStudioProjects\CoordinateProject\gradle\caches\transforms-3\6f80c28079d1b365130ee1634493d426\results.bin
2024-08-03T10:22:54.422+0700 [DEBUG] [org.gradle.internal.watch.vfs.impl.WatchingVirtualFileSystem] Handling VFS change REMOVED D:\AndroidStudioProjects\CoordinateProject\gradle\caches\transforms-3\6f8a415735cdaa2163a2e23e343e0653\results.bin
2024-08-03T10:22:54.422+0700 [DEBUG] [org.gradle.internal.watch.vfs.impl.WatchingVirtualFileSystem] Handling VFS change REMOVED D:\AndroidStudioProjects\CoordinateProject\gradle\caches\transforms-3\6f8a415735cdaa2163a2e23e343e0653\transformed\cursoradapter-1_0_0-api_jar-snapshot.bin
2024-08-03T10:22:54.422+0700 [DEBUG] [org.gradle.internal.watch.vfs.impl.WatchingVirtualFileSystem] Handling VFS change REMOVED D:\AndroidStudioProjects\CoordinateProject\gradle\caches\transforms-3\6fc1e71651cc527cf6ad1ffa16e14b45\results.bin
2024-08-03T10:22:54.422+0700 [DEBUG] [org.gradle.internal.watch.vfs.impl.WatchingVirtualFileSystem] Handling VFS change REMOVED D:\AndroidStudioProjects\CoordinateProject\gradle\caches\transforms-3\6f8a415735cdaa2163a2e23e343e0653\transformed
2024-08-03T10:22:54.422+0700 [DEBUG] [org.gradle.internal.watch.vfs.impl.WatchingVirtualFileSystem] Handling VFS change REMOVED D:\AndroidStudioProjects\CoordinateProject\gradle\caches\transforms-3\6f8a415735cdaa2163a2e23e343e0653
2024-08-03T10:22:54.423+0700 [DEBUG] [org.gradle.internal.watch.vfs.impl.WatchingVirtualFileSystem] Handling VFS change REMOVED D:\AndroidStudioProjects\CoordinateProject\gradle\caches\transforms-3\70e75672d964a261d5406ccf67b8662c\results.bin
2024-08-03T10:22:54.423+0700 [DEBUG] [org.gradle.internal.watch.vfs.impl.WatchingVirtualFileSystem] Handling VFS change REMOVED D:\AndroidStudioProjects\CoordinateProject\gradle\caches\transforms-3\70e75672d964a261d5406ccf67b8662c\transformed\activity-1.8.1-api.jar
2024-08-03T10:22:54.423+0700 [DEBUG] [org.gradle.internal.watch.vfs.impl.WatchingVirtualFileSystem] Handling VFS change REMOVED D:\AndroidStudioProjects\CoordinateProject\gradle\caches\transforms-3\711095e033131879f02a4d7d6dccb697\results.bin
2024-08-03T10:22:54.423+0700 [DEBUG] [org.gradle.internal.watch.vfs.impl.WatchingVirtualFileSystem] Handling VFS change REMOVED D:\AndroidStudioProjects\CoordinateProject\gradle\caches\transforms-3\70e75672d964a261d5406ccf67b8662c\transformed
2024-08-03T10:22:54.424+0700 [DEBUG] [org.gradle.internal.watch.vfs.impl.WatchingVirtualFileSystem] Handling VFS change REMOVED D:\AndroidStudioProjects\CoordinateProject\gradle\caches\transforms-3\70e75672d964a261d5406ccf67b8662c
2024-08-03T10:22:54.424+0700 [DEBUG] [org.gradle.internal.watch.vfs.impl.WatchingVirtualFileSystem] Handling VFS change REMOVED D:\AndroidStudioProjects\CoordinateProject\gradle\caches\transforms-3\711095e033131879f02a4d7d6dccb697\transformed\localbroadcastmanager-1_0_0-api_jar-snapshot.bin
2024-08-03T10:22:54.424+0700 [DEBUG] [org.gradle.internal.watch.vfs.impl.WatchingVirtualFileSystem] Handling VFS change REMOVED D:\AndroidStudioProjects\CoordinateProject\gradle\caches\transforms-3\7144a3c4cfc74ea4787d8a66e8360b83\results.bin
2024-08-03T10:22:54.424+0700 [DEBUG] [org.gradle.internal.watch.vfs.impl.WatchingVirtualFileSystem] Handling VFS change REMOVED D:\AndroidStudioProjects\CoordinateProject\gradle\caches\transforms-3\711095e033131879f02a4d7d6dccb697\transformed
2024-08-03T10:22:54.424+0700 [DEBUG] [org.gradle.internal.watch.vfs.impl.WatchingVirtualFileSystem] Handling VFS change REMOVED D:\AndroidStudioProjects\CoordinateProject\gradle\caches\transforms-3\711095e033131879f02a4d7d6dccb697
2024-08-03T10:22:54.425+0700 [DEBUG] [org.gradle.internal.watch.vfs.impl.WatchingVirtualFileSystem] Handling VFS change REMOVED D:\AndroidStudioProjects\CoordinateProject\gradle\caches\transforms-3\71f1319feb64f7ca9261facc7aba02e0\results.bin
2024-08-03T10:22:54.425+0700 [DEBUG] [org.gradle.internal.watch.vfs.impl.WatchingVirtualFileSystem] Handling VFS change REMOVED D:\AndroidStudioProjects\CoordinateProject\gradle\caches\transforms-3\72900c692987a330e618cb149fb14544\results.bin
2024-08-03T10:22:54.425+0700 [DEBUG] [org.gradle.internal.watch.vfs.impl.WatchingVirtualFileSystem] Handling VFS change REMOVED D:\AndroidStudioProjects\CoordinateProject\gradle\caches\transforms-3\72900c692987a330e618cb149fb14544\transformed\material-1_12_0-api_jar-snapshot.bin
2024-08-03T10:22:54.426+0700 [DEBUG] [org.gradle.internal.watch.vfs.impl.WatchingVirtualFileSystem] Handling VFS change REMOVED D:\AndroidStudioProjects\CoordinateProject\gradle\caches\transforms-3\72bd1467c83667a1e4d607453552bebc\transformed\androidx.lifecycle.runtime-r.txt
2024-08-03T10:22:54.426+0700 [DEBUG] [org.gradle.internal.watch.vfs.impl.WatchingVirtualFileSystem] Handling VFS change REMOVED D:\AndroidStudioProjects\CoordinateProject\gradle\caches\transforms-3\72900c692987a330e618cb149fb14544\transformed
2024-08-03T10:22:54.426+0700 [DEBUG] [org.gradle.internal.watch.vfs.impl.WatchingVirtualFileSystem] Handling VFS change REMOVED D:\AndroidStudioProjects\CoordinateProject\gradle\caches\transforms-3\72900c692987a330e618cb149fb14544
2024-08-03T10:22:54.426+0700 [DEBUG] [org.gradle.internal.watch.vfs.impl.WatchingVirtualFileSystem] Handling VFS change REMOVED D:\AndroidStudioProjects\CoordinateProject\gradle\caches\transforms-3\72e3c18cfa087b2e93ff02c50da0a5d8\results.bin
2024-08-03T10:22:54.427+0700 [DEBUG] [org.gradle.internal.watch.vfs.impl.WatchingVirtualFileSystem] Handling VFS change REMOVED D:\AndroidStudioProjects\CoordinateProject\gradle\caches\transforms-3\72bd1467c83667a1e4d607453552bebc\transformed
2024-08-03T10:22:54.427+0700 [DEBUG] [org.gradle.internal.watch.vfs.impl.WatchingVirtualFileSystem] Handling VFS change REMOVED D:\AndroidStudioProjects\CoordinateProject\gradle\caches\transforms-3\72e3c18cfa087b2e93ff02c50da0a5d8\transformed\activity-ktx-1.8.1\AndroidManifest.xml
2024-08-03T10:22:54.427+0700 [DEBUG] [org.gradle.internal.watch.vfs.impl.WatchingVirtualFileSystem] Handling VFS change REMOVED D:\AndroidStudioProjects\CoordinateProject\gradle\caches\transforms-3\72e3c18cfa087b2e93ff02c50da0a5d8\transformed\activity-ktx-1.8.1\META-INF\com\android\build\gradle\aar-metadata.properties
2024-08-03T10:22:54.427+0700 [DEBUG] [org.gradle.internal.watch.vfs.impl.WatchingVirtualFileSystem] Handling VFS change REMOVED D:\AndroidStudioProjects\CoordinateProject\gradle\caches\transforms-3\72e3dafdbd734d9a7a7ff28c9c3933d4\results.bin
2024-08-03T10:22:54.428+0700 [DEBUG] [org.gradle.internal.watch.vfs.impl.WatchingVirtualFileSystem] Handling VFS change REMOVED D:\AndroidStudioProjects\CoordinateProject\gradle\caches\transforms-3\72e3c18cfa087b2e93ff02c50da0a5d8\transformed\activity-ktx-1.8.1\META-INF\com\android\build\gradle
2024-08-03T10:22:54.428+0700 [DEBUG] [org.gradle.internal.watch.vfs.impl.WatchingVirtualFileSystem] Handling VFS change REMOVED D:\AndroidStudioProjects\CoordinateProject\gradle\caches\transforms-3\72e3c18cfa087b2e93ff02c50da0a5d8\transformed\activity-ktx-1.8.1\META-INF\com\android\build
2024-08-03T10:22:54.428+0700 [DEBUG] [org.gradle.internal.watch.vfs.impl.WatchingVirtualFileSystem] Handling VFS change REMOVED D:\AndroidStudioProjects\CoordinateProject\gradle\caches\transforms-3\72e3c18cfa087b2e93ff02c50da0a5d8\transformed\activity-ktx-1.8.1\META-INF\com\android
2024-08-03T10:22:54.428+0700 [DEBUG] [org.gradle.internal.watch.vfs.impl.WatchingVirtualFileSystem] Handling VFS change REMOVED D:\AndroidStudioProjects\CoordinateProject\gradle\caches\transforms-3\72e3c18cfa087b2e93ff02c50da0a5d8\transformed\activity-ktx-1.8.1\META-INF\com
2024-08-03T10:22:54.428+0700 [DEBUG] [org.gradle.internal.watch.vfs.impl.WatchingVirtualFileSystem] Handling VFS change REMOVED D:\AndroidStudioProjects\CoordinateProject\gradle\caches\transforms-3\72e3c18cfa087b2e93ff02c50da0a5d8\transformed\activity-ktx-1.8.1\META-INF
2024-08-03T10:22:54.429+0700 [DEBUG] [org.gradle.internal.watch.vfs.impl.WatchingVirtualFileSystem] Handling VFS change REMOVED D:\AndroidStudioProjects\CoordinateProject\gradle\caches\transforms-3\72e3dafdbd734d9a7a7ff28c9c3933d4\transformed\monitor-1_6_1-api_jar-snapshot.bin
2024-08-03T10:22:54.429+0700 [DEBUG] [org.gradle.internal.watch.vfs.impl.WatchingVirtualFileSystem] Handling VFS change REMOVED D:\AndroidStudioProjects\CoordinateProject\gradle\caches\transforms-3\73c1ebda0dedbb19b47f698c21c98f2d\results.bin
2024-08-03T10:22:54.429+0700 [DEBUG] [org.gradle.internal.watch.vfs.impl.WatchingVirtualFileSystem] Handling VFS change REMOVED D:\AndroidStudioProjects\CoordinateProject\gradle\caches\transforms-3\72e3dafdbd734d9a7a7ff28c9c3933d4\transformed
2024-08-03T10:22:54.429+0700 [DEBUG] [org.gradle.internal.watch.vfs.impl.WatchingVirtualFileSystem] Handling VFS change REMOVED D:\AndroidStudioProjects\CoordinateProject\gradle\caches\transforms-3\72e3dafdbd734d9a7a7ff28c9c3933d4
2024-08-03T10:22:54.432+0700 [DEBUG] [org.gradle.internal.watch.vfs.impl.WatchingVirtualFileSystem] Handling VFS change REMOVED D:\AndroidStudioProjects\CoordinateProject\gradle\caches\transforms-3\76e6cb33a0cd934c760a508851eca5fb\results.bin
2024-08-03T10:22:54.433+0700 [DEBUG] [org.gradle.internal.watch.vfs.impl.WatchingVirtualFileSystem] Handling VFS change REMOVED D:\AndroidStudioProjects\CoordinateProject\gradle\caches\transforms-3\771282049614fb80cefc9aa479a573e8\results.bin
2024-08-03T10:22:54.433+0700 [DEBUG] [org.gradle.internal.watch.vfs.impl.WatchingVirtualFileSystem] Handling VFS change REMOVED D:\AndroidStudioProjects\CoordinateProject\gradle\caches\transforms-3\777b28d7e6c8d57f1997edf37d87a4c8\results.bin
2024-08-03T10:22:54.434+0700 [DEBUG] [org.gradle.internal.watch.vfs.impl.WatchingVirtualFileSystem] Handling VFS change REMOVED D:\AndroidStudioProjects\CoordinateProject\gradle\caches\transforms-3\77f9641d1213f769f62d4ca16d38e235\results.bin
2024-08-03T10:22:54.434+0700 [DEBUG] [org.gradle.internal.watch.vfs.impl.WatchingVirtualFileSystem] Handling VFS change REMOVED D:\AndroidStudioProjects\CoordinateProject\gradle\caches\transforms-3\77f9641d1213f769f62d4ca16d38e235\transformed\okhttp-4_9_3_jar-snapshot.bin
2024-08-03T10:22:54.434+0700 [DEBUG] [org.gradle.internal.watch.vfs.impl.WatchingVirtualFileSystem] Handling VFS change REMOVED D:\AndroidStudioProjects\CoordinateProject\gradle\caches\transforms-3\781ae6eca9f433ef92477231b4ae1608\results.bin
2024-08-03T10:22:54.435+0700 [DEBUG] [org.gradle.internal.watch.vfs.impl.WatchingVirtualFileSystem] Handling VFS change REMOVED D:\AndroidStudioProjects\CoordinateProject\gradle\caches\transforms-3\77f9641d1213f769f62d4ca16d38e235\transformed
2024-08-03T10:22:54.435+0700 [DEBUG] [org.gradle.internal.watch.vfs.impl.WatchingVirtualFileSystem] Handling VFS change REMOVED D:\AndroidStudioProjects\CoordinateProject\gradle\caches\transforms-3\77f9641d1213f769f62d4ca16d38e235
2024-08-03T10:22:54.436+0700 [DEBUG] [org.gradle.internal.watch.vfs.impl.WatchingVirtualFileSystem] Handling VFS change REMOVED D:\AndroidStudioProjects\CoordinateProject\gradle\caches\transforms-3\78dbda352628d37dca49392cd84e2803\results.bin
2024-08-03T10:22:54.437+0700 [DEBUG] [org.gradle.internal.watch.vfs.impl.WatchingVirtualFileSystem] Handling VFS change REMOVED D:\AndroidStudioProjects\CoordinateProject\gradle\caches\transforms-3\7a32a13bc833fe6c1d2a816d470251aa\transformed\appcompat-1.6.1\jars\classes.jar
2024-08-03T10:22:54.438+0700 [DEBUG] [org.gradle.internal.watch.vfs.impl.WatchingVirtualFileSystem] Handling VFS change REMOVED D:\AndroidStudioProjects\CoordinateProject\gradle\caches\transforms-3\7a32a13bc833fe6c1d2a816d470251aa\transformed\appcompat-1.6.1\res\anim\btn_checkbox_to_unchecked_icon_null_animation.xml
2024-08-03T10:22:54.439+0700 [DEBUG] [org.gradle.internal.watch.vfs.impl.WatchingVirtualFileSystem] Handling VFS change REMOVED D:\AndroidStudioProjects\CoordinateProject\gradle\caches\transforms-3\7a32a13bc833fe6c1d2a816d470251aa\transformed\appcompat-1.6.1\res\anim\btn_radio_to_on_mtrl_ring_outer_animation.xml
2024-08-03T10:22:54.439+0700 [DEBUG] [org.gradle.internal.watch.vfs.impl.WatchingVirtualFileSystem] Handling VFS change REMOVED D:\AndroidStudioProjects\CoordinateProject\gradle\caches\transforms-3\7a32a13bc833fe6c1d2a816d470251aa\transformed\appcompat-1.6.1\res\color-v23\abc_tint_edittext.xml
2024-08-03T10:22:54.439+0700 [DEBUG] [org.gradle.internal.watch.vfs.impl.WatchingVirtualFileSystem] Handling VFS change REMOVED D:\AndroidStudioProjects\CoordinateProject\gradle\caches\transforms-3\7a32a13bc833fe6c1d2a816d470251aa\transformed\appcompat-1.6.1\res\color\abc_btn_colored_borderless_text_material.xml
2024-08-03T10:22:54.440+0700 [DEBUG] [org.gradle.internal.watch.vfs.impl.WatchingVirtualFileSystem] Handling VFS change REMOVED D:\AndroidStudioProjects\CoordinateProject\gradle\caches\transforms-3\7a32a13bc833fe6c1d2a816d470251aa\transformed\appcompat-1.6.1\res\color\abc_tint_btn_checkable.xml
2024-08-03T10:22:54.440+0700 [DEBUG] [org.gradle.internal.watch.vfs.impl.WatchingVirtualFileSystem] Handling VFS change REMOVED D:\AndroidStudioProjects\CoordinateProject\gradle\caches\transforms-3\7a32a13bc833fe6c1d2a816d470251aa\transformed\appcompat-1.6.1\res\color\switch_thumb_material_light.xml
2024-08-03T10:22:54.440+0700 [DEBUG] [org.gradle.internal.watch.vfs.impl.WatchingVirtualFileSystem] Handling VFS change REMOVED D:\AndroidStudioProjects\CoordinateProject\gradle\caches\transforms-3\7a32a13bc833fe6c1d2a816d470251aa\transformed\appcompat-1.6.1\res\drawable-hdpi-v4\abc_btn_radio_to_on_mtrl_000.png
2024-08-03T10:22:54.441+0700 [DEBUG] [org.gradle.internal.watch.vfs.impl.WatchingVirtualFileSystem] Handling VFS change REMOVED D:\AndroidStudioProjects\CoordinateProject\gradle\caches\transforms-3\7a32a13bc833fe6c1d2a816d470251aa\transformed\appcompat-1.6.1\res\drawable-hdpi-v4\abc_list_pressed_holo_light.9.png
2024-08-03T10:22:54.441+0700 [DEBUG] [org.gradle.internal.watch.vfs.impl.WatchingVirtualFileSystem] Handling VFS change REMOVED D:\AndroidStudioProjects\CoordinateProject\gradle\caches\transforms-3\7a32a13bc833fe6c1d2a816d470251aa\transformed\appcompat-1.6.1\res\drawable-hdpi-v4\abc_scrubber_control_to_pressed_mtrl_005.png
2024-08-03T10:22:54.441+0700 [DEBUG] [org.gradle.internal.watch.vfs.impl.WatchingVirtualFileSystem] Handling VFS change REMOVED D:\AndroidStudioProjects\CoordinateProject\gradle\caches\transforms-3\7a32a13bc833fe6c1d2a816d470251aa\transformed\appcompat-1.6.1\res\drawable-hdpi-v4\abc_scrubber_track_mtrl_alpha.9.png
2024-08-03T10:22:54.442+0700 [DEBUG] [org.gradle.internal.watch.vfs.impl.WatchingVirtualFileSystem] Handling VFS change REMOVED D:\AndroidStudioProjects\CoordinateProject\gradle\caches\transforms-3\7a32a13bc833fe6c1d2a816d470251aa\transformed\appcompat-1.6.1\res\drawable-hdpi-v4\abc_spinner_mtrl_am_alpha.9.png
2024-08-03T10:22:54.442+0700 [DEBUG] [org.gradle.internal.watch.vfs.impl.WatchingVirtualFileSystem] Handling VFS change REMOVED D:\AndroidStudioProjects\CoordinateProject\gradle\caches\transforms-3\7a32a13bc833fe6c1d2a816d470251aa\transformed\appcompat-1.6.1\res\drawable-mdpi-v4\abc_text_select_handle_left_mtrl.png
2024-08-03T10:22:54.442+0700 [DEBUG] [org.gradle.internal.watch.vfs.impl.WatchingVirtualFileSystem] Handling VFS change REMOVED D:\AndroidStudioProjects\CoordinateProject\gradle\caches\transforms-3\7a32a13bc833fe6c1d2a816d470251aa\transformed\appcompat-1.6.1\res\drawable-mdpi-v4\abc_textfield_search_default_mtrl_alpha.9.png
2024-08-03T10:22:54.443+0700 [DEBUG] [org.gradle.internal.watch.vfs.impl.WatchingVirtualFileSystem] Handling VFS change REMOVED D:\AndroidStudioProjects\CoordinateProject\gradle\caches\transforms-3\7a32a13bc833fe6c1d2a816d470251aa\transformed\appcompat-1.6.1\res\drawable-watch-v20\abc_dialog_material_background.xml
2024-08-03T10:22:54.443+0700 [DEBUG] [org.gradle.internal.watch.vfs.impl.WatchingVirtualFileSystem] Handling VFS change REMOVED D:\AndroidStudioProjects\CoordinateProject\gradle\caches\transforms-3\7a32a13bc833fe6c1d2a816d470251aa\transformed\appcompat-1.6.1\res\drawable-xhdpi-v4\abc_btn_check_to_on_mtrl_000.png
2024-08-03T10:22:54.443+0700 [DEBUG] [org.gradle.internal.watch.vfs.impl.WatchingVirtualFileSystem] Handling VFS change REMOVED D:\AndroidStudioProjects\CoordinateProject\gradle\caches\transforms-3\7a32a13bc833fe6c1d2a816d470251aa\transformed\appcompat-1.6.1\res\drawable-watch-v20
2024-08-03T10:22:54.444+0700 [DEBUG] [org.gradle.internal.watch.vfs.impl.WatchingVirtualFileSystem] Handling VFS change REMOVED D:\AndroidStudioProjects\CoordinateProject\gradle\caches\transforms-3\7a32a13bc833fe6c1d2a816d470251aa\transformed\appcompat-1.6.1\res\drawable-xhdpi-v4\abc_ic_commit_search_api_mtrl_alpha.png
2024-08-03T10:22:54.444+0700 [DEBUG] [org.gradle.internal.watch.vfs.impl.WatchingVirtualFileSystem] Handling VFS change REMOVED D:\AndroidStudioProjects\CoordinateProject\gradle\caches\transforms-3\7a32a13bc833fe6c1d2a816d470251aa\transformed\appcompat-1.6.1\res\drawable-xhdpi-v4\abc_list_divider_mtrl_alpha.9.png
2024-08-03T10:22:54.444+0700 [DEBUG] [org.gradle.internal.watch.vfs.impl.WatchingVirtualFileSystem] Handling VFS change REMOVED D:\AndroidStudioProjects\CoordinateProject\gradle\caches\transforms-3\7a32a13bc833fe6c1d2a816d470251aa\transformed\appcompat-1.6.1\res\drawable-xhdpi-v4\abc_spinner_mtrl_am_alpha.9.png
2024-08-03T10:22:54.445+0700 [DEBUG] [org.gradle.internal.watch.vfs.impl.WatchingVirtualFileSystem] Handling VFS change REMOVED D:\AndroidStudioProjects\CoordinateProject\gradle\caches\transforms-3\7a32a13bc833fe6c1d2a816d470251aa\transformed\appcompat-1.6.1\res\drawable-xxhdpi-v4\abc_btn_radio_to_on_mtrl_015.png
2024-08-03T10:22:54.445+0700 [DEBUG] [org.gradle.internal.watch.vfs.impl.WatchingVirtualFileSystem] Handling VFS change REMOVED D:\AndroidStudioProjects\CoordinateProject\gradle\caches\transforms-3\7a32a13bc833fe6c1d2a816d470251aa\transformed\appcompat-1.6.1\res\drawable-xxhdpi-v4\abc_switch_track_mtrl_alpha.9.png
2024-08-03T10:22:54.445+0700 [DEBUG] [org.gradle.internal.watch.vfs.impl.WatchingVirtualFileSystem] Handling VFS change REMOVED D:\AndroidStudioProjects\CoordinateProject\gradle\caches\transforms-3\7a32a13bc833fe6c1d2a816d470251aa\transformed\appcompat-1.6.1\res\drawable-xxhdpi-v4\abc_text_select_handle_right_mtrl.png
2024-08-03T10:22:54.445+0700 [DEBUG] [org.gradle.internal.watch.vfs.impl.WatchingVirtualFileSystem] Handling VFS change REMOVED D:\AndroidStudioProjects\CoordinateProject\gradle\caches\transforms-3\7a32a13bc833fe6c1d2a816d470251aa\transformed\appcompat-1.6.1\res\drawable-xxhdpi-v4\abc_textfield_activated_mtrl_alpha.9.png
2024-08-03T10:22:54.446+0700 [DEBUG] [org.gradle.internal.watch.vfs.impl.WatchingVirtualFileSystem] Handling VFS change REMOVED D:\AndroidStudioProjects\CoordinateProject\gradle\caches\transforms-3\7a32a13bc833fe6c1d2a816d470251aa\transformed\appcompat-1.6.1\res\drawable-xxxhdpi-v4\abc_scrubber_control_to_pressed_mtrl_005.png
2024-08-03T10:22:54.446+0700 [DEBUG] [org.gradle.internal.watch.vfs.impl.WatchingVirtualFileSystem] Handling VFS change REMOVED D:\AndroidStudioProjects\CoordinateProject\gradle\caches\transforms-3\7a32a13bc833fe6c1d2a816d470251aa\transformed\appcompat-1.6.1\res\drawable-xxxhdpi-v4\abc_spinner_mtrl_am_alpha.9.png
2024-08-03T10:22:54.447+0700 [DEBUG] [org.gradle.internal.watch.vfs.impl.WatchingVirtualFileSystem] Handling VFS change REMOVED D:\AndroidStudioProjects\CoordinateProject\gradle\caches\transforms-3\7a32a13bc833fe6c1d2a816d470251aa\transformed\appcompat-1.6.1\res\drawable\abc_btn_check_material.xml
2024-08-03T10:22:54.447+0700 [DEBUG] [org.gradle.internal.watch.vfs.impl.WatchingVirtualFileSystem] Handling VFS change REMOVED D:\AndroidStudioProjects\CoordinateProject\gradle\caches\transforms-3\7a32a13bc833fe6c1d2a816d470251aa\transformed\appcompat-1.6.1\res\drawable\abc_btn_colored_material.xml
2024-08-03T10:22:54.447+0700 [DEBUG] [org.gradle.internal.watch.vfs.impl.WatchingVirtualFileSystem] Handling VFS change REMOVED D:\AndroidStudioProjects\CoordinateProject\gradle\caches\transforms-3\7a32a13bc833fe6c1d2a816d470251aa\transformed\appcompat-1.6.1\res\drawable\abc_btn_default_mtrl_shape.xml
2024-08-03T10:22:54.447+0700 [DEBUG] [org.gradle.internal.watch.vfs.impl.WatchingVirtualFileSystem] Handling VFS change REMOVED D:\AndroidStudioProjects\CoordinateProject\gradle\caches\transforms-3\7a32a13bc833fe6c1d2a816d470251aa\transformed\appcompat-1.6.1\res\drawable\abc_cab_background_internal_bg.xml
2024-08-03T10:22:54.448+0700 [DEBUG] [org.gradle.internal.watch.vfs.impl.WatchingVirtualFileSystem] Handling VFS change REMOVED D:\AndroidStudioProjects\CoordinateProject\gradle\caches\transforms-3\7a32a13bc833fe6c1d2a816d470251aa\transformed\appcompat-1.6.1\res\drawable\abc_ic_ab_back_material.xml
2024-08-03T10:22:54.448+0700 [DEBUG] [org.gradle.internal.watch.vfs.impl.WatchingVirtualFileSystem] Handling VFS change REMOVED D:\AndroidStudioProjects\CoordinateProject\gradle\caches\transforms-3\7a32a13bc833fe6c1d2a816d470251aa\transformed\appcompat-1.6.1\res\drawable\abc_ratingbar_indicator_material.xml
2024-08-03T10:22:54.448+0700 [DEBUG] [org.gradle.internal.watch.vfs.impl.WatchingVirtualFileSystem] Handling VFS change REMOVED D:\AndroidStudioProjects\CoordinateProject\gradle\caches\transforms-3\7a32a13bc833fe6c1d2a816d470251aa\transformed\appcompat-1.6.1\res\drawable\abc_seekbar_tick_mark_material.xml
2024-08-03T10:22:54.449+0700 [DEBUG] [org.gradle.internal.watch.vfs.impl.WatchingVirtualFileSystem] Handling VFS change REMOVED D:\AndroidStudioProjects\CoordinateProject\gradle\caches\transforms-3\7a32a13bc833fe6c1d2a816d470251aa\transformed\appcompat-1.6.1\res\drawable\abc_star_black_48dp.xml
2024-08-03T10:22:54.449+0700 [DEBUG] [org.gradle.internal.watch.vfs.impl.WatchingVirtualFileSystem] Handling VFS change REMOVED D:\AndroidStudioProjects\CoordinateProject\gradle\caches\transforms-3\7a32a13bc833fe6c1d2a816d470251aa\transformed\appcompat-1.6.1\res\layout\abc_action_bar_title_item.xml
2024-08-03T10:22:54.449+0700 [DEBUG] [org.gradle.internal.watch.vfs.impl.WatchingVirtualFileSystem] Handling VFS change REMOVED D:\AndroidStudioProjects\CoordinateProject\gradle\caches\transforms-3\7a32a13bc833fe6c1d2a816d470251aa\transformed\appcompat-1.6.1\res\layout\abc_popup_menu_item_layout.xml
2024-08-03T10:22:54.450+0700 [DEBUG] [org.gradle.internal.watch.vfs.impl.WatchingVirtualFileSystem] Handling VFS change REMOVED D:\AndroidStudioProjects\CoordinateProject\gradle\caches\transforms-3\7a32a13bc833fe6c1d2a816d470251aa\transformed\appcompat-1.6.1\res\layout\abc_screen_simple_overlay_action_mode.xml
2024-08-03T10:22:54.450+0700 [DEBUG] [org.gradle.internal.watch.vfs.impl.WatchingVirtualFileSystem] Handling VFS change REMOVED D:\AndroidStudioProjects\CoordinateProject\gradle\caches\transforms-3\7a32a13bc833fe6c1d2a816d470251aa\transformed\appcompat-1.6.1\res\layout\abc_screen_toolbar.xml
2024-08-03T10:22:54.450+0700 [DEBUG] [org.gradle.internal.watch.vfs.impl.WatchingVirtualFileSystem] Handling VFS change REMOVED D:\AndroidStudioProjects\CoordinateProject\gradle\caches\transforms-3\7a32a13bc833fe6c1d2a816d470251aa\transformed\appcompat-1.6.1\res\values-af\values-af.xml
2024-08-03T10:22:54.450+0700 [DEBUG] [org.gradle.internal.watch.vfs.impl.WatchingVirtualFileSystem] Handling VFS change REMOVED D:\AndroidStudioProjects\CoordinateProject\gradle\caches\transforms-3\7a32a13bc833fe6c1d2a816d470251aa\transformed\appcompat-1.6.1\res\values-as\values-as.xml
2024-08-03T10:22:54.451+0700 [DEBUG] [org.gradle.internal.watch.vfs.impl.WatchingVirtualFileSystem] Handling VFS change REMOVED D:\AndroidStudioProjects\CoordinateProject\gradle\caches\transforms-3\7a32a13bc833fe6c1d2a816d470251aa\transformed\appcompat-1.6.1\res\values-af
2024-08-03T10:22:54.451+0700 [DEBUG] [org.gradle.internal.watch.vfs.impl.WatchingVirtualFileSystem] Handling VFS change REMOVED D:\AndroidStudioProjects\CoordinateProject\gradle\caches\transforms-3\7a32a13bc833fe6c1d2a816d470251aa\transformed\appcompat-1.6.1\res\values-be\values-be.xml
2024-08-03T10:22:54.451+0700 [DEBUG] [org.gradle.internal.watch.vfs.impl.WatchingVirtualFileSystem] Handling VFS change REMOVED D:\AndroidStudioProjects\CoordinateProject\gradle\caches\transforms-3\7a32a13bc833fe6c1d2a816d470251aa\transformed\appcompat-1.6.1\res\values-as
2024-08-03T10:22:54.451+0700 [DEBUG] [org.gradle.internal.watch.vfs.impl.WatchingVirtualFileSystem] Handling VFS change REMOVED D:\AndroidStudioProjects\CoordinateProject\gradle\caches\transforms-3\7a32a13bc833fe6c1d2a816d470251aa\transformed\appcompat-1.6.1\res\values-el\values-el.xml
2024-08-03T10:22:54.452+0700 [DEBUG] [org.gradle.internal.watch.vfs.impl.WatchingVirtualFileSystem] Handling VFS change REMOVED D:\AndroidStudioProjects\CoordinateProject\gradle\caches\transforms-3\7a32a13bc833fe6c1d2a816d470251aa\transformed\appcompat-1.6.1\res\values-be
2024-08-03T10:22:54.452+0700 [DEBUG] [org.gradle.internal.watch.vfs.impl.WatchingVirtualFileSystem] Handling VFS change REMOVED D:\AndroidStudioProjects\CoordinateProject\gradle\caches\transforms-3\7a32a13bc833fe6c1d2a816d470251aa\transformed\appcompat-1.6.1\res\values-en-rCA\values-en-rCA.xml
2024-08-03T10:22:54.452+0700 [DEBUG] [org.gradle.internal.watch.vfs.impl.WatchingVirtualFileSystem] Handling VFS change REMOVED D:\AndroidStudioProjects\CoordinateProject\gradle\caches\transforms-3\7a32a13bc833fe6c1d2a816d470251aa\transformed\appcompat-1.6.1\res\values-el
2024-08-03T10:22:54.452+0700 [DEBUG] [org.gradle.internal.watch.vfs.impl.WatchingVirtualFileSystem] Handling VFS change REMOVED D:\AndroidStudioProjects\CoordinateProject\gradle\caches\transforms-3\7a32a13bc833fe6c1d2a816d470251aa\transformed\appcompat-1.6.1\res\values-hy\values-hy.xml
2024-08-03T10:22:54.453+0700 [DEBUG] [org.gradle.internal.watch.vfs.impl.WatchingVirtualFileSystem] Handling VFS change REMOVED D:\AndroidStudioProjects\CoordinateProject\gradle\caches\transforms-3\7a32a13bc833fe6c1d2a816d470251aa\transformed\appcompat-1.6.1\res\values-en-rCA
2024-08-03T10:22:54.453+0700 [DEBUG] [org.gradle.internal.watch.vfs.impl.WatchingVirtualFileSystem] Handling VFS change REMOVED D:\AndroidStudioProjects\CoordinateProject\gradle\caches\transforms-3\7a32a13bc833fe6c1d2a816d470251aa\transformed\appcompat-1.6.1\res\values-in\values-in.xml
2024-08-03T10:22:54.453+0700 [DEBUG] [org.gradle.internal.watch.vfs.impl.WatchingVirtualFileSystem] Handling VFS change REMOVED D:\AndroidStudioProjects\CoordinateProject\gradle\caches\transforms-3\7a32a13bc833fe6c1d2a816d470251aa\transformed\appcompat-1.6.1\res\values-hy
2024-08-03T10:22:54.453+0700 [DEBUG] [org.gradle.internal.watch.vfs.impl.WatchingVirtualFileSystem] Handling VFS change REMOVED D:\AndroidStudioProjects\CoordinateProject\gradle\caches\transforms-3\7a32a13bc833fe6c1d2a816d470251aa\transformed\appcompat-1.6.1\res\values-ldltr-v21\values-ldltr-v21.xml
2024-08-03T10:22:54.454+0700 [DEBUG] [org.gradle.internal.watch.vfs.impl.WatchingVirtualFileSystem] Handling VFS change REMOVED D:\AndroidStudioProjects\CoordinateProject\gradle\caches\transforms-3\7a32a13bc833fe6c1d2a816d470251aa\transformed\appcompat-1.6.1\res\values-in
2024-08-03T10:22:54.454+0700 [DEBUG] [org.gradle.internal.watch.vfs.impl.WatchingVirtualFileSystem] Handling VFS change REMOVED D:\AndroidStudioProjects\CoordinateProject\gradle\caches\transforms-3\7a32a13bc833fe6c1d2a816d470251aa\transformed\appcompat-1.6.1\res\values-or\values-or.xml
2024-08-03T10:22:54.454+0700 [DEBUG] [org.gradle.internal.watch.vfs.impl.WatchingVirtualFileSystem] Handling VFS change REMOVED D:\AndroidStudioProjects\CoordinateProject\gradle\caches\transforms-3\7a32a13bc833fe6c1d2a816d470251aa\transformed\appcompat-1.6.1\res\values-ldltr-v21
2024-08-03T10:22:54.454+0700 [DEBUG] [org.gradle.internal.watch.vfs.impl.WatchingVirtualFileSystem] Handling VFS change REMOVED D:\AndroidStudioProjects\CoordinateProject\gradle\caches\transforms-3\7a32a13bc833fe6c1d2a816d470251aa\transformed\appcompat-1.6.1\res\values-pt-rBR\values-pt-rBR.xml
2024-08-03T10:22:54.454+0700 [DEBUG] [org.gradle.internal.watch.vfs.impl.WatchingVirtualFileSystem] Handling VFS change REMOVED D:\AndroidStudioProjects\CoordinateProject\gradle\caches\transforms-3\7a32a13bc833fe6c1d2a816d470251aa\transformed\appcompat-1.6.1\res\values-or
2024-08-03T10:22:54.455+0700 [DEBUG] [org.gradle.internal.watch.vfs.impl.WatchingVirtualFileSystem] Handling VFS change REMOVED D:\AndroidStudioProjects\CoordinateProject\gradle\caches\transforms-3\7a32a13bc833fe6c1d2a816d470251aa\transformed\appcompat-1.6.1\res\values-ro\values-ro.xml
2024-08-03T10:22:54.455+0700 [DEBUG] [org.gradle.internal.watch.vfs.impl.WatchingVirtualFileSystem] Handling VFS change REMOVED D:\AndroidStudioProjects\CoordinateProject\gradle\caches\transforms-3\7a32a13bc833fe6c1d2a816d470251aa\transformed\appcompat-1.6.1\res\values-pt-rBR
2024-08-03T10:22:54.455+0700 [DEBUG] [org.gradle.internal.watch.vfs.impl.WatchingVirtualFileSystem] Handling VFS change REMOVED D:\AndroidStudioProjects\CoordinateProject\gradle\caches\transforms-3\7a32a13bc833fe6c1d2a816d470251aa\transformed\appcompat-1.6.1\res\values-v21\values-v21.xml
2024-08-03T10:22:54.455+0700 [DEBUG] [org.gradle.internal.watch.vfs.impl.WatchingVirtualFileSystem] Handling VFS change REMOVED D:\AndroidStudioProjects\CoordinateProject\gradle\caches\transforms-3\7a32a13bc833fe6c1d2a816d470251aa\transformed\appcompat-1.6.1\res\values-ro
2024-08-03T10:22:54.456+0700 [DEBUG] [org.gradle.internal.watch.vfs.impl.WatchingVirtualFileSystem] Handling VFS change REMOVED D:\AndroidStudioProjects\CoordinateProject\gradle\caches\transforms-3\7a32a13bc833fe6c1d2a816d470251aa\transformed\appcompat-1.6.1\res\values-v28\values-v28.xml
2024-08-03T10:22:54.456+0700 [DEBUG] [org.gradle.internal.watch.vfs.impl.WatchingVirtualFileSystem] Handling VFS change REMOVED D:\AndroidStudioProjects\CoordinateProject\gradle\caches\transforms-3\7a32a13bc833fe6c1d2a816d470251aa\transformed\appcompat-1.6.1\res\values-v21
2024-08-03T10:22:54.456+0700 [DEBUG] [org.gradle.internal.watch.vfs.impl.WatchingVirtualFileSystem] Handling VFS change REMOVED D:\AndroidStudioProjects\CoordinateProject\gradle\caches\transforms-3\7a32a13bc833fe6c1d2a816d470251aa\transformed\appcompat-1.6.1\res\values-v28
2024-08-03T10:22:54.458+0700 [DEBUG] [org.gradle.internal.watch.vfs.impl.WatchingVirtualFileSystem] Handling VFS change REMOVED D:\AndroidStudioProjects\CoordinateProject\gradle\caches\transforms-3\7ce4e5b721ffc55ecb1b911058ceeabc\results.bin
2024-08-03T10:22:54.459+0700 [DEBUG] [org.gradle.internal.watch.vfs.impl.WatchingVirtualFileSystem] Handling VFS change REMOVED D:\AndroidStudioProjects\CoordinateProject\gradle\caches\transforms-3\7d8b7f60c4d94112d723a2d7380787f0\results.bin
2024-08-03T10:22:54.460+0700 [DEBUG] [org.gradle.internal.watch.vfs.impl.WatchingVirtualFileSystem] Handling VFS change REMOVED D:\AndroidStudioProjects\CoordinateProject\gradle\caches\transforms-3\7e5de10433d21262556e84aa45d6bdd7\results.bin
2024-08-03T10:22:54.461+0700 [DEBUG] [org.gradle.internal.watch.vfs.impl.WatchingVirtualFileSystem] Handling VFS change REMOVED D:\AndroidStudioProjects\CoordinateProject\gradle\caches\transforms-3\7e5de10433d21262556e84aa45d6bdd7\transformed\viewpager-1_0_0-api_jar-snapshot.bin
2024-08-03T10:22:54.461+0700 [DEBUG] [org.gradle.internal.watch.vfs.impl.WatchingVirtualFileSystem] Handling VFS change REMOVED D:\AndroidStudioProjects\CoordinateProject\gradle\caches\transforms-3\7e5de10433d21262556e84aa45d6bdd7\transformed
2024-08-03T10:22:54.461+0700 [DEBUG] [org.gradle.internal.watch.vfs.impl.WatchingVirtualFileSystem] Handling VFS change REMOVED D:\AndroidStudioProjects\CoordinateProject\gradle\caches\transforms-3\7e5de10433d21262556e84aa45d6bdd7
2024-08-03T10:22:54.463+0700 [DEBUG] [org.gradle.internal.watch.vfs.impl.WatchingVirtualFileSystem] Handling VFS change REMOVED D:\AndroidStudioProjects\CoordinateProject\gradle\caches\transforms-3\80efe6611d0bd25d5ef1b9f15e68961c\results.bin
2024-08-03T10:22:54.464+0700 [DEBUG] [org.gradle.internal.watch.vfs.impl.WatchingVirtualFileSystem] Handling VFS change REMOVED D:\AndroidStudioProjects\CoordinateProject\gradle\caches\transforms-3\819f22397eae4c37a9455ea62cf327a1\results.bin
2024-08-03T10:22:54.464+0700 [DEBUG] [org.gradle.internal.watch.vfs.impl.WatchingVirtualFileSystem] Handling VFS change REMOVED D:\AndroidStudioProjects\CoordinateProject\gradle\caches\transforms-3\82a7044b6f95bd4a38eae5d4c61bd711\results.bin
2024-08-03T10:22:54.465+0700 [DEBUG] [org.gradle.internal.watch.vfs.impl.WatchingVirtualFileSystem] Handling VFS change REMOVED D:\AndroidStudioProjects\CoordinateProject\gradle\caches\transforms-3\82a8e90ad9a1fe40ff7d547e53b46d0d\results.bin
2024-08-03T10:22:54.465+0700 [DEBUG] [org.gradle.internal.watch.vfs.impl.WatchingVirtualFileSystem] Handling VFS change REMOVED D:\AndroidStudioProjects\CoordinateProject\gradle\caches\transforms-3\82a8e90ad9a1fe40ff7d547e53b46d0d\transformed\vectordrawable-animated-1_1_0-api_jar-snapshot.bin
2024-08-03T10:22:54.465+0700 [DEBUG] [org.gradle.internal.watch.vfs.impl.WatchingVirtualFileSystem] Handling VFS change REMOVED D:\AndroidStudioProjects\CoordinateProject\gradle\caches\transforms-3\82a8e90ad9a1fe40ff7d547e53b46d0d\transformed
2024-08-03T10:22:54.466+0700 [DEBUG] [org.gradle.internal.watch.vfs.impl.WatchingVirtualFileSystem] Handling VFS change REMOVED D:\AndroidStudioProjects\CoordinateProject\gradle\caches\transforms-3\82a8e90ad9a1fe40ff7d547e53b46d0d
2024-08-03T10:22:54.466+0700 [DEBUG] [org.gradle.internal.watch.vfs.impl.WatchingVirtualFileSystem] Handling VFS change REMOVED D:\AndroidStudioProjects\CoordinateProject\gradle\caches\transforms-3\84534957d0cfbdcc43faeaf612ff84cf\results.bin
2024-08-03T10:22:54.466+0700 [DEBUG] [org.gradle.internal.watch.vfs.impl.WatchingVirtualFileSystem] Handling VFS change REMOVED D:\AndroidStudioProjects\CoordinateProject\gradle\caches\transforms-3\84d121ab4b6e1923ef0a7efe78f2c1f9\results.bin
2024-08-03T10:22:54.467+0700 [DEBUG] [org.gradle.internal.watch.vfs.impl.WatchingVirtualFileSystem] Handling VFS change REMOVED D:\AndroidStudioProjects\CoordinateProject\gradle\caches\transforms-3\8553cda3588efafb30e19fe163d8f6f2\results.bin
2024-08-03T10:22:54.467+0700 [DEBUG] [org.gradle.internal.watch.vfs.impl.WatchingVirtualFileSystem] Handling VFS change REMOVED D:\AndroidStudioProjects\CoordinateProject\gradle\caches\transforms-3\8553cda3588efafb30e19fe163d8f6f2\transformed\constraintlayout-2_1_4-api_jar-snapshot.bin
2024-08-03T10:22:54.467+0700 [DEBUG] [org.gradle.internal.watch.vfs.impl.WatchingVirtualFileSystem] Handling VFS change REMOVED D:\AndroidStudioProjects\CoordinateProject\gradle\caches\transforms-3\8644bd2e237ad295bc86c6c5029c8fe0\results.bin
2024-08-03T10:22:54.467+0700 [DEBUG] [org.gradle.internal.watch.vfs.impl.WatchingVirtualFileSystem] Handling VFS change REMOVED D:\AndroidStudioProjects\CoordinateProject\gradle\caches\transforms-3\8553cda3588efafb30e19fe163d8f6f2\transformed
2024-08-03T10:22:54.468+0700 [DEBUG] [org.gradle.internal.watch.vfs.impl.WatchingVirtualFileSystem] Handling VFS change REMOVED D:\AndroidStudioProjects\CoordinateProject\gradle\caches\transforms-3\8553cda3588efafb30e19fe163d8f6f2
2024-08-03T10:22:54.468+0700 [DEBUG] [org.gradle.internal.watch.vfs.impl.WatchingVirtualFileSystem] Handling VFS change REMOVED D:\AndroidStudioProjects\CoordinateProject\gradle\caches\transforms-3\86952ea598b78e42dff9c113c45037b5\results.bin
2024-08-03T10:22:54.468+0700 [DEBUG] [org.gradle.internal.watch.vfs.impl.WatchingVirtualFileSystem] Handling VFS change REMOVED D:\AndroidStudioProjects\CoordinateProject\gradle\caches\transforms-3\884c9f5262d3bbb87171c86b70fd5a12\results.bin
2024-08-03T10:22:54.469+0700 [DEBUG] [org.gradle.internal.watch.vfs.impl.WatchingVirtualFileSystem] Handling VFS change REMOVED D:\AndroidStudioProjects\CoordinateProject\gradle\caches\transforms-3\895b35720babf1470ed17a8648e97cae\results.bin
2024-08-03T10:22:54.471+0700 [DEBUG] [org.gradle.internal.watch.vfs.impl.WatchingVirtualFileSystem] Handling VFS change REMOVED D:\AndroidStudioProjects\CoordinateProject\gradle\caches\transforms-3\8be24a4ba2f2b5ee389f188edbd62439\transformed\customview-poolingcontainer-1.0.0-runtime\classes.dex
2024-08-03T10:22:54.472+0700 [DEBUG] [org.gradle.internal.watch.vfs.impl.WatchingVirtualFileSystem] Handling VFS change REMOVED D:\AndroidStudioProjects\CoordinateProject\gradle\caches\transforms-3\8bee81110fd34f4f1566c2917ed1716f\results.bin
2024-08-03T10:22:54.472+0700 [DEBUG] [org.gradle.internal.watch.vfs.impl.WatchingVirtualFileSystem] Handling VFS change REMOVED D:\AndroidStudioProjects\CoordinateProject\gradle\caches\transforms-3\8be24a4ba2f2b5ee389f188edbd62439\transformed\customview-poolingcontainer-1.0.0-runtime
2024-08-03T10:22:54.472+0700 [DEBUG] [org.gradle.internal.watch.vfs.impl.WatchingVirtualFileSystem] Handling VFS change REMOVED D:\AndroidStudioProjects\CoordinateProject\gradle\caches\transforms-3\8be24a4ba2f2b5ee389f188edbd62439\transformed
2024-08-03T10:22:54.473+0700 [DEBUG] [org.gradle.internal.watch.vfs.impl.WatchingVirtualFileSystem] Handling VFS change REMOVED D:\AndroidStudioProjects\CoordinateProject\gradle\caches\transforms-3\8bee81110fd34f4f1566c2917ed1716f\transformed\activity-1_8_1-api_jar-snapshot.bin
2024-08-03T10:22:54.473+0700 [DEBUG] [org.gradle.internal.watch.vfs.impl.WatchingVirtualFileSystem] Handling VFS change REMOVED D:\AndroidStudioProjects\CoordinateProject\gradle\caches\transforms-3\8c739d23ab1261b29b40539d13ffaea7\results.bin
2024-08-03T10:22:54.473+0700 [DEBUG] [org.gradle.internal.watch.vfs.impl.WatchingVirtualFileSystem] Handling VFS change REMOVED D:\AndroidStudioProjects\CoordinateProject\gradle\caches\transforms-3\8bee81110fd34f4f1566c2917ed1716f\transformed
2024-08-03T10:22:54.473+0700 [DEBUG] [org.gradle.internal.watch.vfs.impl.WatchingVirtualFileSystem] Handling VFS change REMOVED D:\AndroidStudioProjects\CoordinateProject\gradle\caches\transforms-3\8bee81110fd34f4f1566c2917ed1716f
2024-08-03T10:22:54.473+0700 [DEBUG] [org.gradle.internal.watch.vfs.impl.WatchingVirtualFileSystem] Handling VFS change REMOVED D:\AndroidStudioProjects\CoordinateProject\gradle\caches\transforms-3\8c739d23ab1261b29b40539d13ffaea7\transformed\gson-2_8_5_jar-snapshot.bin
2024-08-03T10:22:54.474+0700 [DEBUG] [org.gradle.internal.watch.vfs.impl.WatchingVirtualFileSystem] Handling VFS change REMOVED D:\AndroidStudioProjects\CoordinateProject\gradle\caches\transforms-3\8c739d23ab1261b29b40539d13ffaea7\transformed
2024-08-03T10:22:54.474+0700 [DEBUG] [org.gradle.internal.watch.vfs.impl.WatchingVirtualFileSystem] Handling VFS change REMOVED D:\AndroidStudioProjects\CoordinateProject\gradle\caches\transforms-3\8c739d23ab1261b29b40539d13ffaea7
2024-08-03T10:22:54.474+0700 [DEBUG] [org.gradle.internal.watch.vfs.impl.WatchingVirtualFileSystem] Handling VFS change REMOVED D:\AndroidStudioProjects\CoordinateProject\gradle\caches\transforms-3\8e800f3b4b4d8086a8b90a2cf6bdcae5\transformed\lifecycle-livedata-core-ktx-2.6.2-api.jar
2024-08-03T10:22:54.475+0700 [DEBUG] [org.gradle.internal.watch.vfs.impl.WatchingVirtualFileSystem] Handling VFS change REMOVED D:\AndroidStudioProjects\CoordinateProject\gradle\caches\transforms-3\8e800f3b4b4d8086a8b90a2cf6bdcae5\transformed
2024-08-03T10:22:54.475+0700 [DEBUG] [org.gradle.internal.watch.vfs.impl.WatchingVirtualFileSystem] Handling VFS change REMOVED D:\AndroidStudioProjects\CoordinateProject\gradle\caches\transforms-3\8fd3e14bfe1f8d64f52f08c987adddec\results.bin
2024-08-03T10:22:54.476+0700 [DEBUG] [org.gradle.internal.watch.vfs.impl.WatchingVirtualFileSystem] Handling VFS change REMOVED D:\AndroidStudioProjects\CoordinateProject\gradle\caches\transforms-3\903be4268b5e16f37f46e4e39ff6ba43\results.bin
2024-08-03T10:22:54.477+0700 [DEBUG] [org.gradle.internal.watch.vfs.impl.WatchingVirtualFileSystem] Handling VFS change REMOVED D:\AndroidStudioProjects\CoordinateProject\gradle\caches\transforms-3\91031f8c9f6ae9a166410afc4b694883\transformed\vectordrawable-animated-1.1.0-runtime\classes.dex
2024-08-03T10:22:54.477+0700 [DEBUG] [org.gradle.internal.watch.vfs.impl.WatchingVirtualFileSystem] Handling VFS change REMOVED D:\AndroidStudioProjects\CoordinateProject\gradle\caches\transforms-3\910424ccedc594c59635613a8b745ddb\results.bin
2024-08-03T10:22:54.477+0700 [DEBUG] [org.gradle.internal.watch.vfs.impl.WatchingVirtualFileSystem] Handling VFS change REMOVED D:\AndroidStudioProjects\CoordinateProject\gradle\caches\transforms-3\91031f8c9f6ae9a166410afc4b694883\transformed\vectordrawable-animated-1.1.0-runtime
2024-08-03T10:22:54.477+0700 [DEBUG] [org.gradle.internal.watch.vfs.impl.WatchingVirtualFileSystem] Handling VFS change REMOVED D:\AndroidStudioProjects\CoordinateProject\gradle\caches\transforms-3\91031f8c9f6ae9a166410afc4b694883\transformed
2024-08-03T10:22:54.478+0700 [DEBUG] [org.gradle.internal.watch.vfs.impl.WatchingVirtualFileSystem] Handling VFS change REMOVED D:\AndroidStudioProjects\CoordinateProject\gradle\caches\transforms-3\91311746525274c9edd507c52151880b\transformed\recyclerview-selection-1.1.0-runtime\classes.dex
2024-08-03T10:22:54.478+0700 [DEBUG] [org.gradle.internal.watch.vfs.impl.WatchingVirtualFileSystem] Handling VFS change REMOVED D:\AndroidStudioProjects\CoordinateProject\gradle\caches\transforms-3\91311746525274c9edd507c52151880b\transformed\recyclerview-selection-1.1.0-runtime
2024-08-03T10:22:54.478+0700 [DEBUG] [org.gradle.internal.watch.vfs.impl.WatchingVirtualFileSystem] Handling VFS change REMOVED D:\AndroidStudioProjects\CoordinateProject\gradle\caches\transforms-3\91311746525274c9edd507c52151880b\transformed
2024-08-03T10:22:54.479+0700 [DEBUG] [org.gradle.internal.watch.vfs.impl.WatchingVirtualFileSystem] Handling VFS change REMOVED D:\AndroidStudioProjects\CoordinateProject\gradle\caches\transforms-3\915cdf0d525745461817c31862e7b591\results.bin
2024-08-03T10:22:54.479+0700 [DEBUG] [org.gradle.internal.watch.vfs.impl.WatchingVirtualFileSystem] Handling VFS change REMOVED D:\AndroidStudioProjects\CoordinateProject\gradle\caches\transforms-3\915cdf0d525745461817c31862e7b591\transformed\core-1_13_1-api_jar-snapshot.bin
2024-08-03T10:22:54.479+0700 [DEBUG] [org.gradle.internal.watch.vfs.impl.WatchingVirtualFileSystem] Handling VFS change REMOVED D:\AndroidStudioProjects\CoordinateProject\gradle\caches\transforms-3\916b87b7551e2ac59a6b1e3159328245\transformed\lifecycle-viewmodel-ktx-2.6.2\R.txt
2024-08-03T10:22:54.479+0700 [DEBUG] [org.gradle.internal.watch.vfs.impl.WatchingVirtualFileSystem] Handling VFS change REMOVED D:\AndroidStudioProjects\CoordinateProject\gradle\caches\transforms-3\915cdf0d525745461817c31862e7b591\transformed
2024-08-03T10:22:54.479+0700 [DEBUG] [org.gradle.internal.watch.vfs.impl.WatchingVirtualFileSystem] Handling VFS change REMOVED D:\AndroidStudioProjects\CoordinateProject\gradle\caches\transforms-3\915cdf0d525745461817c31862e7b591
2024-08-03T10:22:54.480+0700 [DEBUG] [org.gradle.internal.watch.vfs.impl.WatchingVirtualFileSystem] Handling VFS change REMOVED D:\AndroidStudioProjects\CoordinateProject\gradle\caches\transforms-3\91b973194c1ce03b52bbe9339e9c2793\results.bin
2024-08-03T10:22:54.480+0700 [DEBUG] [org.gradle.internal.watch.vfs.impl.WatchingVirtualFileSystem] Handling VFS change REMOVED D:\AndroidStudioProjects\CoordinateProject\gradle\caches\transforms-3\92ee500eb6eb27251678ba19d0a81251\transformed\fragment-ktx-1.7.0\R.txt
2024-08-03T10:22:54.482+0700 [DEBUG] [org.gradle.internal.watch.vfs.impl.WatchingVirtualFileSystem] Handling VFS change REMOVED D:\AndroidStudioProjects\CoordinateProject\gradle\caches\transforms-3\95e0f4a2c813132b4af15f8aafbc4a5e\results.bin
2024-08-03T10:22:54.483+0700 [DEBUG] [org.gradle.internal.watch.vfs.impl.WatchingVirtualFileSystem] Handling VFS change REMOVED D:\AndroidStudioProjects\CoordinateProject\gradle\caches\transforms-3\9634adc478d0e4629c7b5d1d56045cdb\results.bin
2024-08-03T10:22:54.483+0700 [DEBUG] [org.gradle.internal.watch.vfs.impl.WatchingVirtualFileSystem] Handling VFS change REMOVED D:\AndroidStudioProjects\CoordinateProject\gradle\caches\transforms-3\96f29db3f63078a9caf4ab90a9b2a6c8\results.bin
2024-08-03T10:22:54.484+0700 [DEBUG] [org.gradle.internal.watch.vfs.impl.WatchingVirtualFileSystem] Handling VFS change REMOVED D:\AndroidStudioProjects\CoordinateProject\gradle\caches\transforms-3\987a3106ad5af8fd9d4748b35b0c21be\results.bin
2024-08-03T10:22:54.484+0700 [DEBUG] [org.gradle.internal.watch.vfs.impl.WatchingVirtualFileSystem] Handling VFS change REMOVED D:\AndroidStudioProjects\CoordinateProject\gradle\caches\transforms-3\991e5455d8c39a2333d9bdbfc3af5af0\transformed\androidx.core\drawable-anydpi-v21_ic_call_answer.xml.flat
2024-08-03T10:22:54.484+0700 [DEBUG] [org.gradle.internal.watch.vfs.impl.WatchingVirtualFileSystem] Handling VFS change REMOVED D:\AndroidStudioProjects\CoordinateProject\gradle\caches\transforms-3\991e5455d8c39a2333d9bdbfc3af5af0\transformed\androidx.core\drawable-anydpi-v21_ic_call_answer_low.xml.flat
2024-08-03T10:22:54.485+0700 [DEBUG] [org.gradle.internal.watch.vfs.impl.WatchingVirtualFileSystem] Handling VFS change REMOVED D:\AndroidStudioProjects\CoordinateProject\gradle\caches\transforms-3\991e5455d8c39a2333d9bdbfc3af5af0\transformed\androidx.core\drawable-hdpi-v4_notification_bg_low_normal.9.png.flat
2024-08-03T10:22:54.485+0700 [DEBUG] [org.gradle.internal.watch.vfs.impl.WatchingVirtualFileSystem] Handling VFS change REMOVED D:\AndroidStudioProjects\CoordinateProject\gradle\caches\transforms-3\991e5455d8c39a2333d9bdbfc3af5af0\transformed\androidx.core\drawable-hdpi-v4_notification_bg_normal_pressed.9.png.flat
2024-08-03T10:22:54.485+0700 [DEBUG] [org.gradle.internal.watch.vfs.impl.WatchingVirtualFileSystem] Handling VFS change REMOVED D:\AndroidStudioProjects\CoordinateProject\gradle\caches\transforms-3\991e5455d8c39a2333d9bdbfc3af5af0\transformed\androidx.core\drawable-hdpi-v4_notification_oversize_large_icon_bg.png.flat
2024-08-03T10:22:54.485+0700 [DEBUG] [org.gradle.internal.watch.vfs.impl.WatchingVirtualFileSystem] Handling VFS change REMOVED D:\AndroidStudioProjects\CoordinateProject\gradle\caches\transforms-3\991e5455d8c39a2333d9bdbfc3af5af0\transformed\androidx.core\drawable-xhdpi-v4_ic_call_answer_video_low.png.flat
2024-08-03T10:22:54.486+0700 [DEBUG] [org.gradle.internal.watch.vfs.impl.WatchingVirtualFileSystem] Handling VFS change REMOVED D:\AndroidStudioProjects\CoordinateProject\gradle\caches\transforms-3\991e5455d8c39a2333d9bdbfc3af5af0\transformed\androidx.core\drawable-xxhdpi-v4_ic_call_answer_low.png.flat
2024-08-03T10:22:54.486+0700 [DEBUG] [org.gradle.internal.watch.vfs.impl.WatchingVirtualFileSystem] Handling VFS change REMOVED D:\AndroidStudioProjects\CoordinateProject\gradle\caches\transforms-3\9a94305cebb410a19da98491311f43d3\results.bin
2024-08-03T10:22:54.487+0700 [DEBUG] [org.gradle.internal.watch.vfs.impl.WatchingVirtualFileSystem] Handling VFS change REMOVED D:\AndroidStudioProjects\CoordinateProject\gradle\caches\transforms-3\9b1ceb4faa59e4ff7b2b8fc3a4f82a37\results.bin
2024-08-03T10:22:54.487+0700 [DEBUG] [org.gradle.internal.watch.vfs.impl.WatchingVirtualFileSystem] Handling VFS change REMOVED D:\AndroidStudioProjects\CoordinateProject\gradle\caches\transforms-3\9c0e370c7fac5b39ea1b25b26af8e514\results.bin
2024-08-03T10:22:54.489+0700 [DEBUG] [org.gradle.internal.watch.vfs.impl.WatchingVirtualFileSystem] Handling VFS change REMOVED D:\AndroidStudioProjects\CoordinateProject\gradle\caches\transforms-3\9d71fc75adb0f2eb2185add750b1bf9d\results.bin
2024-08-03T10:22:54.490+0700 [DEBUG] [org.gradle.internal.watch.vfs.impl.WatchingVirtualFileSystem] Handling VFS change REMOVED D:\AndroidStudioProjects\CoordinateProject\gradle\caches\transforms-3\9e264bcc6f1421f535ec6c2cd609ee1b\results.bin
2024-08-03T10:22:54.490+0700 [DEBUG] [org.gradle.internal.watch.vfs.impl.WatchingVirtualFileSystem] Handling VFS change REMOVED D:\AndroidStudioProjects\CoordinateProject\gradle\caches\transforms-3\9e264bcc6f1421f535ec6c2cd609ee1b\transformed\recyclerview-selection-1_1_0-api_jar-snapshot.bin
2024-08-03T10:22:54.490+0700 [DEBUG] [org.gradle.internal.watch.vfs.impl.WatchingVirtualFileSystem] Handling VFS change REMOVED D:\AndroidStudioProjects\CoordinateProject\gradle\caches\transforms-3\9e995d24af70c2d0bfc0590b226f3433\results.bin
2024-08-03T10:22:54.491+0700 [DEBUG] [org.gradle.internal.watch.vfs.impl.WatchingVirtualFileSystem] Handling VFS change REMOVED D:\AndroidStudioProjects\CoordinateProject\gradle\caches\transforms-3\9e264bcc6f1421f535ec6c2cd609ee1b\transformed
2024-08-03T10:22:54.491+0700 [DEBUG] [org.gradle.internal.watch.vfs.impl.WatchingVirtualFileSystem] Handling VFS change REMOVED D:\AndroidStudioProjects\CoordinateProject\gradle\caches\transforms-3\9e264bcc6f1421f535ec6c2cd609ee1b
2024-08-03T10:22:54.491+0700 [DEBUG] [org.gradle.internal.watch.vfs.impl.WatchingVirtualFileSystem] Handling VFS change REMOVED D:\AndroidStudioProjects\CoordinateProject\gradle\caches\transforms-3\9f012886a857309f280274b5af80e4a9\results.bin
2024-08-03T10:22:54.492+0700 [DEBUG] [org.gradle.internal.watch.vfs.impl.WatchingVirtualFileSystem] Handling VFS change REMOVED D:\AndroidStudioProjects\CoordinateProject\gradle\caches\transforms-3\9f704aebb5a937e68af46c1c3145b5ff\transformed\viewbinding-8.0.1\jars\classes.jar
2024-08-03T10:22:54.492+0700 [DEBUG] [org.gradle.internal.watch.vfs.impl.WatchingVirtualFileSystem] Handling VFS change REMOVED D:\AndroidStudioProjects\CoordinateProject\gradle\caches\transforms-3\a06e1a059b5d557c22df37960712860f\results.bin
2024-08-03T10:22:54.493+0700 [DEBUG] [org.gradle.internal.watch.vfs.impl.WatchingVirtualFileSystem] Handling VFS change REMOVED D:\AndroidStudioProjects\CoordinateProject\gradle\caches\transforms-3\9f704aebb5a937e68af46c1c3145b5ff\transformed\viewbinding-8.0.1\jars
2024-08-03T10:22:54.493+0700 [DEBUG] [org.gradle.internal.watch.vfs.impl.WatchingVirtualFileSystem] Handling VFS change REMOVED D:\AndroidStudioProjects\CoordinateProject\gradle\caches\transforms-3\a0aacb3ff87ca83b20eb40316b9be08c\transformed\play-services-basement-18.4.0-runtime
2024-08-03T10:22:54.494+0700 [DEBUG] [org.gradle.internal.watch.vfs.impl.WatchingVirtualFileSystem] Handling VFS change REMOVED D:\AndroidStudioProjects\CoordinateProject\gradle\caches\transforms-3\a0aacb3ff87ca83b20eb40316b9be08c\transformed
2024-08-03T10:22:54.494+0700 [DEBUG] [org.gradle.internal.watch.vfs.impl.WatchingVirtualFileSystem] Handling VFS change REMOVED D:\AndroidStudioProjects\CoordinateProject\gradle\caches\transforms-3\a0ed72a711d7003a47a345e8edf57682\results.bin
2024-08-03T10:22:54.495+0700 [DEBUG] [org.gradle.internal.watch.vfs.impl.WatchingVirtualFileSystem] Handling VFS change REMOVED D:\AndroidStudioProjects\CoordinateProject\gradle\caches\transforms-3\a1f6b49123b461cb96a530d7d65cc4f9\results.bin
2024-08-03T10:22:54.496+0700 [DEBUG] [org.gradle.internal.watch.vfs.impl.WatchingVirtualFileSystem] Handling VFS change REMOVED D:\AndroidStudioProjects\CoordinateProject\gradle\caches\transforms-3\a21aa353980d69263fb71e02bdedf254\results.bin
2024-08-03T10:22:54.496+0700 [DEBUG] [org.gradle.internal.watch.vfs.impl.WatchingVirtualFileSystem] Handling VFS change REMOVED D:\AndroidStudioProjects\CoordinateProject\gradle\caches\transforms-3\a21aa353980d69263fb71e02bdedf254\transformed\activity-ktx-1_8_1-api_jar-snapshot.bin
2024-08-03T10:22:54.496+0700 [DEBUG] [org.gradle.internal.watch.vfs.impl.WatchingVirtualFileSystem] Handling VFS change REMOVED D:\AndroidStudioProjects\CoordinateProject\gradle\caches\transforms-3\a21aa353980d69263fb71e02bdedf254\transformed
2024-08-03T10:22:54.497+0700 [DEBUG] [org.gradle.internal.watch.vfs.impl.WatchingVirtualFileSystem] Handling VFS change REMOVED D:\AndroidStudioProjects\CoordinateProject\gradle\caches\transforms-3\a21aa353980d69263fb71e02bdedf254
2024-08-03T10:22:54.498+0700 [DEBUG] [org.gradle.internal.watch.vfs.impl.WatchingVirtualFileSystem] Handling VFS change REMOVED D:\AndroidStudioProjects\CoordinateProject\gradle\caches\transforms-3\a2a7ea8c626bd674fa352e7718f4aed5\results.bin
2024-08-03T10:22:54.498+0700 [DEBUG] [org.gradle.internal.watch.vfs.impl.WatchingVirtualFileSystem] Handling VFS change REMOVED D:\AndroidStudioProjects\CoordinateProject\gradle\caches\transforms-3\a2ace481b23612163b2ae1a59e93ce19\results.bin
2024-08-03T10:22:54.498+0700 [DEBUG] [org.gradle.internal.watch.vfs.impl.WatchingVirtualFileSystem] Handling VFS change REMOVED D:\AndroidStudioProjects\CoordinateProject\gradle\caches\transforms-3\a2ace481b23612163b2ae1a59e93ce19\transformed\play-services-base-18_5_0-api_jar-snapshot.bin
2024-08-03T10:22:54.499+0700 [DEBUG] [org.gradle.internal.watch.vfs.impl.WatchingVirtualFileSystem] Handling VFS change REMOVED D:\AndroidStudioProjects\CoordinateProject\gradle\caches\transforms-3\a2ace481b23612163b2ae1a59e93ce19\transformed
2024-08-03T10:22:54.499+0700 [DEBUG] [org.gradle.internal.watch.vfs.impl.WatchingVirtualFileSystem] Handling VFS change REMOVED D:\AndroidStudioProjects\CoordinateProject\gradle\caches\transforms-3\a2ace481b23612163b2ae1a59e93ce19
2024-08-03T10:22:54.500+0700 [DEBUG] [org.gradle.internal.watch.vfs.impl.WatchingVirtualFileSystem] Handling VFS change REMOVED D:\AndroidStudioProjects\CoordinateProject\gradle\caches\transforms-3\a5c520d8334d5dc73d6b61182b66c1bc\results.bin
2024-08-03T10:22:54.501+0700 [DEBUG] [org.gradle.internal.watch.vfs.impl.WatchingVirtualFileSystem] Handling VFS change REMOVED D:\AndroidStudioProjects\CoordinateProject\gradle\caches\transforms-3\a656cecae0ad66cd7926880fbb2c22cc\results.bin
2024-08-03T10:22:54.502+0700 [DEBUG] [org.gradle.internal.watch.vfs.impl.WatchingVirtualFileSystem] Handling VFS change REMOVED D:\AndroidStudioProjects\CoordinateProject\gradle\caches\transforms-3\a6d2d2800f5a66dfcca998fb128161e1\results.bin
2024-08-03T10:22:54.503+0700 [DEBUG] [org.gradle.internal.watch.vfs.impl.WatchingVirtualFileSystem] Handling VFS change REMOVED D:\AndroidStudioProjects\CoordinateProject\gradle\caches\transforms-3\a76eb950d3586a597b387d10b2fa2cb8\results.bin
2024-08-03T10:22:54.503+0700 [DEBUG] [org.gradle.internal.watch.vfs.impl.WatchingVirtualFileSystem] Handling VFS change REMOVED D:\AndroidStudioProjects\CoordinateProject\gradle\caches\transforms-3\a76eb950d3586a597b387d10b2fa2cb8\transformed\lifecycle-process-2_6_2-api_jar-snapshot.bin
2024-08-03T10:22:54.503+0700 [DEBUG] [org.gradle.internal.watch.vfs.impl.WatchingVirtualFileSystem] Handling VFS change REMOVED D:\AndroidStudioProjects\CoordinateProject\gradle\caches\transforms-3\a76eb950d3586a597b387d10b2fa2cb8\transformed
2024-08-03T10:22:54.504+0700 [DEBUG] [org.gradle.internal.watch.vfs.impl.WatchingVirtualFileSystem] Handling VFS change REMOVED D:\AndroidStudioProjects\CoordinateProject\gradle\caches\transforms-3\a76eb950d3586a597b387d10b2fa2cb8
2024-08-03T10:22:54.506+0700 [DEBUG] [org.gradle.internal.watch.vfs.impl.WatchingVirtualFileSystem] Handling VFS change REMOVED D:\AndroidStudioProjects\CoordinateProject\gradle\caches\transforms-3\a8df19ca8185df0fa0ea45fc3efa8d3e\results.bin
2024-08-03T10:22:54.507+0700 [DEBUG] [org.gradle.internal.watch.vfs.impl.WatchingVirtualFileSystem] Handling VFS change REMOVED D:\AndroidStudioProjects\CoordinateProject\gradle\caches\transforms-3\a9d2d71e6fb0f3f8d4cdc2f04d5b9e40\results.bin
2024-08-03T10:22:54.508+0700 [DEBUG] [org.gradle.internal.watch.vfs.impl.WatchingVirtualFileSystem] Handling VFS change REMOVED D:\AndroidStudioProjects\CoordinateProject\gradle\caches\transforms-3\ab218ffb224bf0079801528a771b8732\results.bin
2024-08-03T10:22:54.508+0700 [DEBUG] [org.gradle.internal.watch.vfs.impl.WatchingVirtualFileSystem] Handling VFS change REMOVED D:\AndroidStudioProjects\CoordinateProject\gradle\caches\transforms-3\ab6958d8d2e63e3271b66c2413c44cf2\results.bin
2024-08-03T10:22:54.509+0700 [DEBUG] [org.gradle.internal.watch.vfs.impl.WatchingVirtualFileSystem] Handling VFS change REMOVED D:\AndroidStudioProjects\CoordinateProject\gradle\caches\transforms-3\ac2c8fc55452ae7dd31254dee32535b4\results.bin
2024-08-03T10:22:54.509+0700 [DEBUG] [org.gradle.internal.watch.vfs.impl.WatchingVirtualFileSystem] Handling VFS change REMOVED D:\AndroidStudioProjects\CoordinateProject\gradle\caches\transforms-3\ac2c8fc55452ae7dd31254dee32535b4\transformed\play-services-basement-18.4.0-runtime\classes.dex
2024-08-03T10:22:54.509+0700 [DEBUG] [org.gradle.internal.watch.vfs.impl.WatchingVirtualFileSystem] Handling VFS change REMOVED D:\AndroidStudioProjects\CoordinateProject\gradle\caches\transforms-3\acdc5758bad679b9fa46194901426bcf\results.bin
2024-08-03T10:22:54.509+0700 [DEBUG] [org.gradle.internal.watch.vfs.impl.WatchingVirtualFileSystem] Handling VFS change REMOVED D:\AndroidStudioProjects\CoordinateProject\gradle\caches\transforms-3\ac2c8fc55452ae7dd31254dee32535b4\transformed\play-services-basement-18.4.0-runtime
2024-08-03T10:22:54.510+0700 [DEBUG] [org.gradle.internal.watch.vfs.impl.WatchingVirtualFileSystem] Handling VFS change REMOVED D:\AndroidStudioProjects\CoordinateProject\gradle\caches\transforms-3\ac2c8fc55452ae7dd31254dee32535b4\transformed
2024-08-03T10:22:54.510+0700 [DEBUG] [org.gradle.internal.watch.vfs.impl.WatchingVirtualFileSystem] Handling VFS change REMOVED D:\AndroidStudioProjects\CoordinateProject\gradle\caches\transforms-3\ac2c8fc55452ae7dd31254dee32535b4
2024-08-03T10:22:54.510+0700 [DEBUG] [org.gradle.internal.watch.vfs.impl.WatchingVirtualFileSystem] Handling VFS change REMOVED D:\AndroidStudioProjects\CoordinateProject\gradle\caches\transforms-3\ad38d5798c1abb9822e4b981aa4268da\results.bin
2024-08-03T10:22:54.510+0700 [DEBUG] [org.gradle.internal.watch.vfs.impl.WatchingVirtualFileSystem] Handling VFS change REMOVED D:\AndroidStudioProjects\CoordinateProject\gradle\caches\transforms-3\ad38d5798c1abb9822e4b981aa4268da\transformed\core-ktx-1_13_1-api_jar-snapshot.bin
2024-08-03T10:22:54.511+0700 [DEBUG] [org.gradle.internal.watch.vfs.impl.WatchingVirtualFileSystem] Handling VFS change REMOVED D:\AndroidStudioProjects\CoordinateProject\gradle\caches\transforms-3\ad38d5798c1abb9822e4b981aa4268da\transformed
2024-08-03T10:22:54.511+0700 [DEBUG] [org.gradle.internal.watch.vfs.impl.WatchingVirtualFileSystem] Handling VFS change REMOVED D:\AndroidStudioProjects\CoordinateProject\gradle\caches\transforms-3\ad38d5798c1abb9822e4b981aa4268da
2024-08-03T10:22:54.513+0700 [DEBUG] [org.gradle.internal.watch.vfs.impl.WatchingVirtualFileSystem] Handling VFS change REMOVED D:\AndroidStudioProjects\CoordinateProject\gradle\caches\transforms-3\adfc3514cc1666bc24754da6b2306924\transformed\recyclerview-selection-1.1.0-runtime
2024-08-03T10:22:54.514+0700 [DEBUG] [org.gradle.internal.watch.vfs.impl.WatchingVirtualFileSystem] Handling VFS change REMOVED D:\AndroidStudioProjects\CoordinateProject\gradle\caches\transforms-3\adfc3514cc1666bc24754da6b2306924\transformed
2024-08-03T10:22:54.514+0700 [DEBUG] [org.gradle.internal.watch.vfs.impl.WatchingVirtualFileSystem] Handling VFS change REMOVED D:\AndroidStudioProjects\CoordinateProject\gradle\caches\transforms-3\ae976b02e3497999ef06da6cdaaff11f\results.bin
2024-08-03T10:22:54.516+0700 [DEBUG] [org.gradle.internal.watch.vfs.impl.WatchingVirtualFileSystem] Handling VFS change REMOVED D:\AndroidStudioProjects\CoordinateProject\gradle\caches\transforms-3\b0b6546b438ae389212d87c1d7c340f2\transformed\lifecycle-process-2.6.2-runtime.jar
2024-08-03T10:22:54.517+0700 [DEBUG] [org.gradle.internal.watch.vfs.impl.WatchingVirtualFileSystem] Handling VFS change REMOVED D:\AndroidStudioProjects\CoordinateProject\gradle\caches\transforms-3\b0b6546b438ae389212d87c1d7c340f2\transformed
2024-08-03T10:22:54.517+0700 [DEBUG] [org.gradle.internal.watch.vfs.impl.WatchingVirtualFileSystem] Handling VFS change REMOVED D:\AndroidStudioProjects\CoordinateProject\gradle\caches\transforms-3\b221cdd0d57f9b645331cfcb25de46dc\results.bin
2024-08-03T10:22:54.518+0700 [DEBUG] [org.gradle.internal.watch.vfs.impl.WatchingVirtualFileSystem] Handling VFS change REMOVED D:\AndroidStudioProjects\CoordinateProject\gradle\caches\transforms-3\b2930e664fab5a6afd1ef2645a15875c\results.bin
2024-08-03T10:22:54.518+0700 [DEBUG] [org.gradle.internal.watch.vfs.impl.WatchingVirtualFileSystem] Handling VFS change REMOVED D:\AndroidStudioProjects\CoordinateProject\gradle\caches\transforms-3\b29972e92b11acf92ce3d58cd1038b64\results.bin
2024-08-03T10:22:54.526+0700 [DEBUG] [org.gradle.internal.watch.vfs.impl.WatchingVirtualFileSystem] Handling VFS change REMOVED D:\AndroidStudioProjects\CoordinateProject\gradle\caches\transforms-3\b3a8838c97852e54e41bb5377afac4e3\results.bin
2024-08-03T10:22:54.527+0700 [DEBUG] [org.gradle.internal.watch.vfs.impl.WatchingVirtualFileSystem] Handling VFS change REMOVED D:\AndroidStudioProjects\CoordinateProject\gradle\caches\transforms-3\b3e2907eb704c431e5f4835a68d41d9c\transformed\play-services-maps-19.0.0-runtime
2024-08-03T10:22:54.528+0700 [DEBUG] [org.gradle.internal.watch.vfs.impl.WatchingVirtualFileSystem] Handling VFS change REMOVED D:\AndroidStudioProjects\CoordinateProject\gradle\caches\transforms-3\b4fe8e2cd112d53f2aee8c6bfedf09b7\results.bin
2024-08-03T10:22:54.528+0700 [DEBUG] [org.gradle.internal.watch.vfs.impl.WatchingVirtualFileSystem] Handling VFS change REMOVED D:\AndroidStudioProjects\CoordinateProject\gradle\caches\transforms-3\b3e2907eb704c431e5f4835a68d41d9c\transformed
2024-08-03T10:22:54.529+0700 [DEBUG] [org.gradle.internal.watch.vfs.impl.WatchingVirtualFileSystem] Handling VFS change REMOVED D:\AndroidStudioProjects\CoordinateProject\gradle\caches\transforms-3\b59cb7bcea87e4fca1c7b82b7574974e\results.bin
2024-08-03T10:22:54.529+0700 [DEBUG] [org.gradle.internal.watch.vfs.impl.WatchingVirtualFileSystem] Handling VFS change REMOVED D:\AndroidStudioProjects\CoordinateProject\gradle\caches\transforms-3\b61897f531e4c9dc86697e3dc1dcb75f\results.bin
2024-08-03T10:22:54.530+0700 [DEBUG] [org.gradle.internal.watch.vfs.impl.WatchingVirtualFileSystem] Handling VFS change REMOVED D:\AndroidStudioProjects\CoordinateProject\gradle\caches\transforms-3\b6c40330d1535e24b0ca2684348864dd\results.bin
2024-08-03T10:22:54.530+0700 [DEBUG] [org.gradle.internal.watch.vfs.impl.WatchingVirtualFileSystem] Handling VFS change REMOVED D:\AndroidStudioProjects\CoordinateProject\gradle\caches\transforms-3\b6c40330d1535e24b0ca2684348864dd\transformed\android-maps-utils-2_2_3-api_jar-snapshot.bin
2024-08-03T10:22:54.530+0700 [DEBUG] [org.gradle.internal.watch.vfs.impl.WatchingVirtualFileSystem] Handling VFS change REMOVED D:\AndroidStudioProjects\CoordinateProject\gradle\caches\transforms-3\b6da500fa9dfa1cdab7d8bfa8337bad3\results.bin
2024-08-03T10:22:54.530+0700 [DEBUG] [org.gradle.internal.watch.vfs.impl.WatchingVirtualFileSystem] Handling VFS change REMOVED D:\AndroidStudioProjects\CoordinateProject\gradle\caches\transforms-3\b6c40330d1535e24b0ca2684348864dd\transformed
2024-08-03T10:22:54.531+0700 [DEBUG] [org.gradle.internal.watch.vfs.impl.WatchingVirtualFileSystem] Handling VFS change REMOVED D:\AndroidStudioProjects\CoordinateProject\gradle\caches\transforms-3\b6c40330d1535e24b0ca2684348864dd
2024-08-03T10:22:54.531+0700 [DEBUG] [org.gradle.internal.watch.vfs.impl.WatchingVirtualFileSystem] Handling VFS change REMOVED D:\AndroidStudioProjects\CoordinateProject\gradle\caches\transforms-3\b6da500fa9dfa1cdab7d8bfa8337bad3\transformed\android_jar-snapshot.bin
2024-08-03T10:22:54.531+0700 [DEBUG] [org.gradle.internal.watch.vfs.impl.WatchingVirtualFileSystem] Handling VFS change REMOVED D:\AndroidStudioProjects\CoordinateProject\gradle\caches\transforms-3\b6da500fa9dfa1cdab7d8bfa8337bad3\transformed
2024-08-03T10:22:54.531+0700 [DEBUG] [org.gradle.internal.watch.vfs.impl.WatchingVirtualFileSystem] Handling VFS change REMOVED D:\AndroidStudioProjects\CoordinateProject\gradle\caches\transforms-3\b6da500fa9dfa1cdab7d8bfa8337bad3
2024-08-03T10:22:54.532+0700 [DEBUG] [org.gradle.internal.watch.vfs.impl.WatchingVirtualFileSystem] Handling VFS change REMOVED D:\AndroidStudioProjects\CoordinateProject\gradle\caches\transforms-3\b70e8148be14e42765d629788824c29a\results.bin
2024-08-03T10:22:54.533+0700 [DEBUG] [org.gradle.internal.watch.vfs.impl.WatchingVirtualFileSystem] Handling VFS change REMOVED D:\AndroidStudioProjects\CoordinateProject\gradle\caches\transforms-3\b70e8148be14e42765d629788824c29a\transformed\converter-gson-2_9_0_jar-snapshot.bin
2024-08-03T10:22:54.533+0700 [DEBUG] [org.gradle.internal.watch.vfs.impl.WatchingVirtualFileSystem] Handling VFS change REMOVED D:\AndroidStudioProjects\CoordinateProject\gradle\caches\transforms-3\b70e8148be14e42765d629788824c29a\transformed
2024-08-03T10:22:54.533+0700 [DEBUG] [org.gradle.internal.watch.vfs.impl.WatchingVirtualFileSystem] Handling VFS change REMOVED D:\AndroidStudioProjects\CoordinateProject\gradle\caches\transforms-3\b70e8148be14e42765d629788824c29a
2024-08-03T10:22:54.534+0700 [DEBUG] [org.gradle.internal.watch.vfs.impl.WatchingVirtualFileSystem] Handling VFS change REMOVED D:\AndroidStudioProjects\CoordinateProject\gradle\caches\transforms-3\b85762bd687221b43966d5602a4935c2\results.bin
2024-08-03T10:22:54.537+0700 [DEBUG] [org.gradle.internal.watch.vfs.impl.WatchingVirtualFileSystem] Handling VFS change REMOVED D:\AndroidStudioProjects\CoordinateProject\gradle\caches\transforms-3\bb0e0f8ab7ed4fa518d2e85f2b6183f9\results.bin
2024-08-03T10:22:54.538+0700 [DEBUG] [org.gradle.internal.watch.vfs.impl.WatchingVirtualFileSystem] Handling VFS change REMOVED D:\AndroidStudioProjects\CoordinateProject\gradle\caches\transforms-3\bb0e0f8ab7ed4fa518d2e85f2b6183f9\transformed\annotation-experimental-1_4_0-api_jar-snapshot.bin
2024-08-03T10:22:54.538+0700 [DEBUG] [org.gradle.internal.watch.vfs.impl.WatchingVirtualFileSystem] Handling VFS change REMOVED D:\AndroidStudioProjects\CoordinateProject\gradle\caches\transforms-3\bc25778c57da492a4f0c7453a28f1bc6\transformed\lifecycle-livedata-2.6.2\jars\classes.jar
2024-08-03T10:22:54.538+0700 [DEBUG] [org.gradle.internal.watch.vfs.impl.WatchingVirtualFileSystem] Handling VFS change REMOVED D:\AndroidStudioProjects\CoordinateProject\gradle\caches\transforms-3\bb0e0f8ab7ed4fa518d2e85f2b6183f9\transformed
2024-08-03T10:22:54.538+0700 [DEBUG] [org.gradle.internal.watch.vfs.impl.WatchingVirtualFileSystem] Handling VFS change REMOVED D:\AndroidStudioProjects\CoordinateProject\gradle\caches\transforms-3\bb0e0f8ab7ed4fa518d2e85f2b6183f9
2024-08-03T10:22:54.538+0700 [DEBUG] [org.gradle.internal.watch.vfs.impl.WatchingVirtualFileSystem] Handling VFS change REMOVED D:\AndroidStudioProjects\CoordinateProject\gradle\caches\transforms-3\bd5a4858f8efa943a5a4b20defb1de44\results.bin
2024-08-03T10:22:54.539+0700 [DEBUG] [org.gradle.internal.watch.vfs.impl.WatchingVirtualFileSystem] Handling VFS change REMOVED D:\AndroidStudioProjects\CoordinateProject\gradle\caches\transforms-3\bc25778c57da492a4f0c7453a28f1bc6\transformed\lifecycle-livedata-2.6.2\jars
2024-08-03T10:22:54.540+0700 [DEBUG] [org.gradle.internal.watch.vfs.impl.WatchingVirtualFileSystem] Handling VFS change REMOVED D:\AndroidStudioProjects\CoordinateProject\gradle\caches\transforms-3\bda05f083d55155be811ff6e30fa0c49\results.bin
2024-08-03T10:22:54.540+0700 [DEBUG] [org.gradle.internal.watch.vfs.impl.WatchingVirtualFileSystem] Handling VFS change REMOVED D:\AndroidStudioProjects\CoordinateProject\gradle\caches\transforms-3\bf79bb0097f59180977d1ae10e90567c\results.bin
2024-08-03T10:22:54.541+0700 [DEBUG] [org.gradle.internal.watch.vfs.impl.WatchingVirtualFileSystem] Handling VFS change REMOVED D:\AndroidStudioProjects\CoordinateProject\gradle\caches\transforms-3\bfa6716822bc7efecdb3bf1dc748499a\transformed\core-common-2.2.0\classes.dex
2024-08-03T10:22:54.541+0700 [DEBUG] [org.gradle.internal.watch.vfs.impl.WatchingVirtualFileSystem] Handling VFS change REMOVED D:\AndroidStudioProjects\CoordinateProject\gradle\caches\transforms-3\bfa6716822bc7efecdb3bf1dc748499a\transformed\core-common-2.2.0
2024-08-03T10:22:54.541+0700 [DEBUG] [org.gradle.internal.watch.vfs.impl.WatchingVirtualFileSystem] Handling VFS change REMOVED D:\AndroidStudioProjects\CoordinateProject\gradle\caches\transforms-3\bfa6716822bc7efecdb3bf1dc748499a\transformed
2024-08-03T10:22:54.543+0700 [DEBUG] [org.gradle.internal.watch.vfs.impl.WatchingVirtualFileSystem] Handling VFS change REMOVED D:\AndroidStudioProjects\CoordinateProject\gradle\caches\transforms-3\c014ec2f19c8c47667c6fb7346a2b3b4\results.bin
2024-08-03T10:22:54.544+0700 [DEBUG] [org.gradle.internal.watch.vfs.impl.WatchingVirtualFileSystem] Handling VFS change REMOVED D:\AndroidStudioProjects\CoordinateProject\gradle\caches\transforms-3\c014ec2f19c8c47667c6fb7346a2b3b4\transformed\okio-jvm-2_8_0_jar-snapshot.bin
2024-08-03T10:22:54.544+0700 [DEBUG] [org.gradle.internal.watch.vfs.impl.WatchingVirtualFileSystem] Handling VFS change REMOVED D:\AndroidStudioProjects\CoordinateProject\gradle\caches\transforms-3\c014ec2f19c8c47667c6fb7346a2b3b4\transformed
2024-08-03T10:22:54.545+0700 [DEBUG] [org.gradle.internal.watch.vfs.impl.WatchingVirtualFileSystem] Handling VFS change REMOVED D:\AndroidStudioProjects\CoordinateProject\gradle\caches\transforms-3\c014ec2f19c8c47667c6fb7346a2b3b4
2024-08-03T10:22:54.545+0700 [DEBUG] [org.gradle.internal.watch.vfs.impl.WatchingVirtualFileSystem] Handling VFS change REMOVED D:\AndroidStudioProjects\CoordinateProject\gradle\caches\transforms-3\c0e880b66e649a93a8240fd5ac7e63f9\results.bin
2024-08-03T10:22:54.546+0700 [DEBUG] [org.gradle.internal.watch.vfs.impl.WatchingVirtualFileSystem] Handling VFS change REMOVED D:\AndroidStudioProjects\CoordinateProject\gradle\caches\transforms-3\c1c6299e238c89692fb90f5d950610f9\results.bin
2024-08-03T10:22:54.547+0700 [DEBUG] [org.gradle.internal.watch.vfs.impl.WatchingVirtualFileSystem] Handling VFS change REMOVED D:\AndroidStudioProjects\CoordinateProject\gradle\caches\transforms-3\c1c6299e238c89692fb90f5d950610f9\transformed\play-services-basement-18_4_0-api_jar-snapshot.bin
2024-08-03T10:22:54.547+0700 [DEBUG] [org.gradle.internal.watch.vfs.impl.WatchingVirtualFileSystem] Handling VFS change REMOVED D:\AndroidStudioProjects\CoordinateProject\gradle\caches\transforms-3\c1cb0be0896347cab495a25ee7312286\results.bin
2024-08-03T10:22:54.547+0700 [DEBUG] [org.gradle.internal.watch.vfs.impl.WatchingVirtualFileSystem] Handling VFS change REMOVED D:\AndroidStudioProjects\CoordinateProject\gradle\caches\transforms-3\c1c6299e238c89692fb90f5d950610f9\transformed
2024-08-03T10:22:54.547+0700 [DEBUG] [org.gradle.internal.watch.vfs.impl.WatchingVirtualFileSystem] Handling VFS change REMOVED D:\AndroidStudioProjects\CoordinateProject\gradle\caches\transforms-3\c1c6299e238c89692fb90f5d950610f9
2024-08-03T10:22:54.548+0700 [DEBUG] [org.gradle.internal.watch.vfs.impl.WatchingVirtualFileSystem] Handling VFS change REMOVED D:\AndroidStudioProjects\CoordinateProject\gradle\caches\transforms-3\c299d4912d50b0567127979fb9b0a0c2\results.bin
2024-08-03T10:22:54.548+0700 [DEBUG] [org.gradle.internal.watch.vfs.impl.WatchingVirtualFileSystem] Handling VFS change REMOVED D:\AndroidStudioProjects\CoordinateProject\gradle\caches\transforms-3\c2a19cabcc25d583de6ac76b93ff7eac\results.bin
2024-08-03T10:22:54.549+0700 [DEBUG] [org.gradle.internal.watch.vfs.impl.WatchingVirtualFileSystem] Handling VFS change REMOVED D:\AndroidStudioProjects\CoordinateProject\gradle\caches\transforms-3\c2a19cabcc25d583de6ac76b93ff7eac\transformed\lifecycle-livedata-core-ktx-2_6_2-api_jar-snapshot.bin
2024-08-03T10:22:54.549+0700 [DEBUG] [org.gradle.internal.watch.vfs.impl.WatchingVirtualFileSystem] Handling VFS change REMOVED D:\AndroidStudioProjects\CoordinateProject\gradle\caches\transforms-3\c2a19cabcc25d583de6ac76b93ff7eac\transformed
2024-08-03T10:22:54.549+0700 [DEBUG] [org.gradle.internal.watch.vfs.impl.WatchingVirtualFileSystem] Handling VFS change REMOVED D:\AndroidStudioProjects\CoordinateProject\gradle\caches\transforms-3\c2a19cabcc25d583de6ac76b93ff7eac
2024-08-03T10:22:54.550+0700 [DEBUG] [org.gradle.internal.watch.vfs.impl.WatchingVirtualFileSystem] Handling VFS change REMOVED D:\AndroidStudioProjects\CoordinateProject\gradle\caches\transforms-3\c370d07d080628cac7d20f04372cc83c\results.bin
2024-08-03T10:22:54.550+0700 [DEBUG] [org.gradle.internal.watch.vfs.impl.WatchingVirtualFileSystem] Handling VFS change REMOVED D:\AndroidStudioProjects\CoordinateProject\gradle\caches\transforms-3\c370d07d080628cac7d20f04372cc83c\transformed\annotations-13_0_jar-snapshot.bin
2024-08-03T10:22:54.551+0700 [DEBUG] [org.gradle.internal.watch.vfs.impl.WatchingVirtualFileSystem] Handling VFS change REMOVED D:\AndroidStudioProjects\CoordinateProject\gradle\caches\transforms-3\c370d07d080628cac7d20f04372cc83c\transformed
2024-08-03T10:22:54.551+0700 [DEBUG] [org.gradle.internal.watch.vfs.impl.WatchingVirtualFileSystem] Handling VFS change REMOVED D:\AndroidStudioProjects\CoordinateProject\gradle\caches\transforms-3\c370d07d080628cac7d20f04372cc83c
2024-08-03T10:22:54.551+0700 [DEBUG] [org.gradle.internal.watch.vfs.impl.WatchingVirtualFileSystem] Handling VFS change REMOVED D:\AndroidStudioProjects\CoordinateProject\gradle\caches\transforms-3\c3b266dbd082361dc452de9485c23014\results.bin
2024-08-03T10:22:54.552+0700 [DEBUG] [org.gradle.internal.watch.vfs.impl.WatchingVirtualFileSystem] Handling VFS change REMOVED D:\AndroidStudioProjects\CoordinateProject\gradle\caches\transforms-3\c5672a241d979ea6599947ab2b2d1b69\results.bin
2024-08-03T10:22:54.553+0700 [DEBUG] [org.gradle.internal.watch.vfs.impl.WatchingVirtualFileSystem] Handling VFS change REMOVED D:\AndroidStudioProjects\CoordinateProject\gradle\caches\transforms-3\c68c643a15e9a45ffd464eab0f9f0158\results.bin
2024-08-03T10:22:54.554+0700 [DEBUG] [org.gradle.internal.watch.vfs.impl.WatchingVirtualFileSystem] Handling VFS change REMOVED D:\AndroidStudioProjects\CoordinateProject\gradle\caches\transforms-3\c69f57534280b41aa43407e0b3e6bfcd\results.bin
2024-08-03T10:22:54.555+0700 [DEBUG] [org.gradle.internal.watch.vfs.impl.WatchingVirtualFileSystem] Handling VFS change REMOVED D:\AndroidStudioProjects\CoordinateProject\gradle\caches\transforms-3\c7f3a62f864bd823011941e96b01d010\results.bin
2024-08-03T10:22:54.556+0700 [DEBUG] [org.gradle.internal.watch.vfs.impl.WatchingVirtualFileSystem] Handling VFS change REMOVED D:\AndroidStudioProjects\CoordinateProject\gradle\caches\transforms-3\c830a39f27a297ebf6817108c6c7f089\transformed\lifecycle-livedata-core-ktx-2.6.2\jars\lint.jar
2024-08-03T10:22:54.556+0700 [DEBUG] [org.gradle.internal.watch.vfs.impl.WatchingVirtualFileSystem] Handling VFS change REMOVED D:\AndroidStudioProjects\CoordinateProject\gradle\caches\transforms-3\c8e51a8a106b638c04dbc01e1fceb8fc\transformed\transition-1.5.0\proguard.txt
2024-08-03T10:22:54.557+0700 [DEBUG] [org.gradle.internal.watch.vfs.impl.WatchingVirtualFileSystem] Handling VFS change REMOVED D:\AndroidStudioProjects\CoordinateProject\gradle\caches\transforms-3\cabdf5890b40a7a5f9b7639b54b1c897\results.bin
2024-08-03T10:22:54.558+0700 [DEBUG] [org.gradle.internal.watch.vfs.impl.WatchingVirtualFileSystem] Handling VFS change REMOVED D:\AndroidStudioProjects\CoordinateProject\gradle\caches\transforms-3\cabdf5890b40a7a5f9b7639b54b1c897\transformed\databinding-runtime-8.0.1\R.txt
2024-08-03T10:22:54.558+0700 [DEBUG] [org.gradle.internal.watch.vfs.impl.WatchingVirtualFileSystem] Handling VFS change REMOVED D:\AndroidStudioProjects\CoordinateProject\gradle\caches\transforms-3\cb45ab1a705f96cc034d3db9adc0d62c\transformed\viewpager-1.0.0\R.txt
2024-08-03T10:22:54.558+0700 [DEBUG] [org.gradle.internal.watch.vfs.impl.WatchingVirtualFileSystem] Handling VFS change REMOVED D:\AndroidStudioProjects\CoordinateProject\gradle\caches\transforms-3\cb45ab1a705f96cc034d3db9adc0d62c\transformed\viewpager-1.0.0\jars\classes.jar
2024-08-03T10:22:54.559+0700 [DEBUG] [org.gradle.internal.watch.vfs.impl.WatchingVirtualFileSystem] Handling VFS change REMOVED D:\AndroidStudioProjects\CoordinateProject\gradle\caches\transforms-3\cb45ab1a705f96cc034d3db9adc0d62c\transformed\viewpager-1.0.0\jars
2024-08-03T10:22:54.559+0700 [DEBUG] [org.gradle.internal.watch.vfs.impl.WatchingVirtualFileSystem] Handling VFS change REMOVED D:\AndroidStudioProjects\CoordinateProject\gradle\caches\transforms-3\cc45f4b3338364cdf2dc0d511a31a7b5\transformed\coordinatorlayout-1.1.0-runtime.jar
2024-08-03T10:22:54.560+0700 [DEBUG] [org.gradle.internal.watch.vfs.impl.WatchingVirtualFileSystem] Handling VFS change REMOVED D:\AndroidStudioProjects\CoordinateProject\gradle\caches\transforms-3\cd6a3238534d7b5b482481610e8a961a\results.bin
2024-08-03T10:22:54.560+0700 [DEBUG] [org.gradle.internal.watch.vfs.impl.WatchingVirtualFileSystem] Handling VFS change REMOVED D:\AndroidStudioProjects\CoordinateProject\gradle\caches\transforms-3\cc45f4b3338364cdf2dc0d511a31a7b5\transformed
2024-08-03T10:22:54.561+0700 [DEBUG] [org.gradle.internal.watch.vfs.impl.WatchingVirtualFileSystem] Handling VFS change REMOVED D:\AndroidStudioProjects\CoordinateProject\gradle\caches\transforms-3\cd6a3238534d7b5b482481610e8a961a\transformed\vectordrawable-1_1_0-api_jar-snapshot.bin
2024-08-03T10:22:54.561+0700 [DEBUG] [org.gradle.internal.watch.vfs.impl.WatchingVirtualFileSystem] Handling VFS change REMOVED D:\AndroidStudioProjects\CoordinateProject\gradle\caches\transforms-3\ce368ac410c4b1a0704773a88bf02754\results.bin
2024-08-03T10:22:54.561+0700 [DEBUG] [org.gradle.internal.watch.vfs.impl.WatchingVirtualFileSystem] Handling VFS change REMOVED D:\AndroidStudioProjects\CoordinateProject\gradle\caches\transforms-3\cd6a3238534d7b5b482481610e8a961a\transformed
2024-08-03T10:22:54.561+0700 [DEBUG] [org.gradle.internal.watch.vfs.impl.WatchingVirtualFileSystem] Handling VFS change REMOVED D:\AndroidStudioProjects\CoordinateProject\gradle\caches\transforms-3\cd6a3238534d7b5b482481610e8a961a
2024-08-03T10:22:54.562+0700 [DEBUG] [org.gradle.internal.watch.vfs.impl.WatchingVirtualFileSystem] Handling VFS change REMOVED D:\AndroidStudioProjects\CoordinateProject\gradle\caches\transforms-3\cf41b5362c043979450cc5be9ca7d22e\results.bin
2024-08-03T10:22:54.563+0700 [DEBUG] [org.gradle.internal.watch.vfs.impl.WatchingVirtualFileSystem] Handling VFS change REMOVED D:\AndroidStudioProjects\CoordinateProject\gradle\caches\transforms-3\cf618987dd4df0980240662a8018a1b7\results.bin
2024-08-03T10:22:54.563+0700 [DEBUG] [org.gradle.internal.watch.vfs.impl.WatchingVirtualFileSystem] Handling VFS change REMOVED D:\AndroidStudioProjects\CoordinateProject\gradle\caches\transforms-3\cf9b3480dde225b7794a74525212f97a\results.bin
2024-08-03T10:22:54.564+0700 [DEBUG] [org.gradle.internal.watch.vfs.impl.WatchingVirtualFileSystem] Handling VFS change REMOVED D:\AndroidStudioProjects\CoordinateProject\gradle\caches\transforms-3\d005f89e5617cc7fd121899824c962ca\results.bin
2024-08-03T10:22:54.565+0700 [DEBUG] [org.gradle.internal.watch.vfs.impl.WatchingVirtualFileSystem] Handling VFS change REMOVED D:\AndroidStudioProjects\CoordinateProject\gradle\caches\transforms-3\d39d8d1dd00b3f3fec51f1f8498accff\results.bin
2024-08-03T10:22:54.567+0700 [DEBUG] [org.gradle.internal.watch.vfs.impl.WatchingVirtualFileSystem] Handling VFS change REMOVED D:\AndroidStudioProjects\CoordinateProject\gradle\caches\transforms-3\d3fa2feb19b4a08eb69bfea9a1a79cd0\results.bin
2024-08-03T10:22:54.568+0700 [DEBUG] [org.gradle.internal.watch.vfs.impl.WatchingVirtualFileSystem] Handling VFS change REMOVED D:\AndroidStudioProjects\CoordinateProject\gradle\caches\transforms-3\d520dcf5ca2197e95b1ec8ff9e79a01a\results.bin
2024-08-03T10:22:54.568+0700 [DEBUG] [org.gradle.internal.watch.vfs.impl.WatchingVirtualFileSystem] Handling VFS change REMOVED D:\AndroidStudioProjects\CoordinateProject\gradle\caches\transforms-3\d65d41dc8cd457dc137be044ad69272b\results.bin
2024-08-03T10:22:54.569+0700 [DEBUG] [org.gradle.internal.watch.vfs.impl.WatchingVirtualFileSystem] Handling VFS change REMOVED D:\AndroidStudioProjects\CoordinateProject\gradle\caches\transforms-3\d65d41dc8cd457dc137be044ad69272b\transformed\play-services-maps-19_0_0-api_jar-snapshot.bin
2024-08-03T10:22:54.569+0700 [DEBUG] [org.gradle.internal.watch.vfs.impl.WatchingVirtualFileSystem] Handling VFS change REMOVED D:\AndroidStudioProjects\CoordinateProject\gradle\caches\transforms-3\d65d41dc8cd457dc137be044ad69272b\transformed
2024-08-03T10:22:54.570+0700 [DEBUG] [org.gradle.internal.watch.vfs.impl.WatchingVirtualFileSystem] Handling VFS change REMOVED D:\AndroidStudioProjects\CoordinateProject\gradle\caches\transforms-3\d65d41dc8cd457dc137be044ad69272b
2024-08-03T10:22:54.570+0700 [DEBUG] [org.gradle.internal.watch.vfs.impl.WatchingVirtualFileSystem] Handling VFS change REMOVED D:\AndroidStudioProjects\CoordinateProject\gradle\caches\transforms-3\d7b67c12be2a066deccf8593e6ddeedc\transformed\startup-runtime-1.1.1\AndroidManifest.xml
2024-08-03T10:22:54.571+0700 [DEBUG] [org.gradle.internal.watch.vfs.impl.WatchingVirtualFileSystem] Handling VFS change REMOVED D:\AndroidStudioProjects\CoordinateProject\gradle\caches\transforms-3\d7b67c12be2a066deccf8593e6ddeedc\transformed\startup-runtime-1.1.1\META-INF\com\android\build\gradle\aar-metadata.properties
2024-08-03T10:22:54.571+0700 [DEBUG] [org.gradle.internal.watch.vfs.impl.WatchingVirtualFileSystem] Handling VFS change REMOVED D:\AndroidStudioProjects\CoordinateProject\gradle\caches\transforms-3\d7b67c12be2a066deccf8593e6ddeedc\transformed\startup-runtime-1.1.1\baseline-prof.txt
2024-08-03T10:22:54.571+0700 [DEBUG] [org.gradle.internal.watch.vfs.impl.WatchingVirtualFileSystem] Handling VFS change REMOVED D:\AndroidStudioProjects\CoordinateProject\gradle\caches\transforms-3\d8a3ee42ec81ac9e5c07df97b0b0b7b6\results.bin
2024-08-03T10:22:54.571+0700 [DEBUG] [org.gradle.internal.watch.vfs.impl.WatchingVirtualFileSystem] Handling VFS change REMOVED D:\AndroidStudioProjects\CoordinateProject\gradle\caches\transforms-3\d7b67c12be2a066deccf8593e6ddeedc\transformed\startup-runtime-1.1.1\META-INF\com\android\build\gradle
2024-08-03T10:22:54.571+0700 [DEBUG] [org.gradle.internal.watch.vfs.impl.WatchingVirtualFileSystem] Handling VFS change REMOVED D:\AndroidStudioProjects\CoordinateProject\gradle\caches\transforms-3\d7b67c12be2a066deccf8593e6ddeedc\transformed\startup-runtime-1.1.1\META-INF\com\android\build
2024-08-03T10:22:54.572+0700 [DEBUG] [org.gradle.internal.watch.vfs.impl.WatchingVirtualFileSystem] Handling VFS change REMOVED D:\AndroidStudioProjects\CoordinateProject\gradle\caches\transforms-3\d7b67c12be2a066deccf8593e6ddeedc\transformed\startup-runtime-1.1.1\META-INF\com\android
2024-08-03T10:22:54.572+0700 [DEBUG] [org.gradle.internal.watch.vfs.impl.WatchingVirtualFileSystem] Handling VFS change REMOVED D:\AndroidStudioProjects\CoordinateProject\gradle\caches\transforms-3\d7b67c12be2a066deccf8593e6ddeedc\transformed\startup-runtime-1.1.1\META-INF\com
2024-08-03T10:22:54.572+0700 [DEBUG] [org.gradle.internal.watch.vfs.impl.WatchingVirtualFileSystem] Handling VFS change REMOVED D:\AndroidStudioProjects\CoordinateProject\gradle\caches\transforms-3\d7b67c12be2a066deccf8593e6ddeedc\transformed\startup-runtime-1.1.1\META-INF
2024-08-03T10:22:54.573+0700 [DEBUG] [org.gradle.internal.watch.vfs.impl.WatchingVirtualFileSystem] Handling VFS change REMOVED D:\AndroidStudioProjects\CoordinateProject\gradle\caches\transforms-3\d8e630b70a301100a4063d1c682d1133\results.bin
2024-08-03T10:22:54.573+0700 [DEBUG] [org.gradle.internal.watch.vfs.impl.WatchingVirtualFileSystem] Handling VFS change REMOVED D:\AndroidStudioProjects\CoordinateProject\gradle\caches\transforms-3\d9840916b625b16f986511d037b1afae\results.bin
2024-08-03T10:22:54.574+0700 [DEBUG] [org.gradle.internal.watch.vfs.impl.WatchingVirtualFileSystem] Handling VFS change REMOVED D:\AndroidStudioProjects\CoordinateProject\gradle\caches\transforms-3\d9840916b625b16f986511d037b1afae\transformed\drawerlayout-1_1_1-api_jar-snapshot.bin
2024-08-03T10:22:54.574+0700 [DEBUG] [org.gradle.internal.watch.vfs.impl.WatchingVirtualFileSystem] Handling VFS change REMOVED D:\AndroidStudioProjects\CoordinateProject\gradle\caches\transforms-3\d9e329b3ffd021f1817c89e8e19c23ad\results.bin
2024-08-03T10:22:54.574+0700 [DEBUG] [org.gradle.internal.watch.vfs.impl.WatchingVirtualFileSystem] Handling VFS change REMOVED D:\AndroidStudioProjects\CoordinateProject\gradle\caches\transforms-3\d9840916b625b16f986511d037b1afae\transformed
2024-08-03T10:22:54.574+0700 [DEBUG] [org.gradle.internal.watch.vfs.impl.WatchingVirtualFileSystem] Handling VFS change REMOVED D:\AndroidStudioProjects\CoordinateProject\gradle\caches\transforms-3\d9840916b625b16f986511d037b1afae
2024-08-03T10:22:54.576+0700 [DEBUG] [org.gradle.internal.watch.vfs.impl.WatchingVirtualFileSystem] Handling VFS change REMOVED D:\AndroidStudioProjects\CoordinateProject\gradle\caches\transforms-3\dc9765a2a53f15e20dabb6a750b15034\results.bin
2024-08-03T10:22:54.577+0700 [DEBUG] [org.gradle.internal.watch.vfs.impl.WatchingVirtualFileSystem] Handling VFS change REMOVED D:\AndroidStudioProjects\CoordinateProject\gradle\caches\transforms-3\dc9765a2a53f15e20dabb6a750b15034\transformed\savedstate-1_2_1-api_jar-snapshot.bin
2024-08-03T10:22:54.577+0700 [DEBUG] [org.gradle.internal.watch.vfs.impl.WatchingVirtualFileSystem] Handling VFS change REMOVED D:\AndroidStudioProjects\CoordinateProject\gradle\caches\transforms-3\dcaad3e4162a07b84c6867c5e98c1ee8\results.bin
2024-08-03T10:22:54.577+0700 [DEBUG] [org.gradle.internal.watch.vfs.impl.WatchingVirtualFileSystem] Handling VFS change REMOVED D:\AndroidStudioProjects\CoordinateProject\gradle\caches\transforms-3\dc9765a2a53f15e20dabb6a750b15034\transformed
2024-08-03T10:22:54.577+0700 [DEBUG] [org.gradle.internal.watch.vfs.impl.WatchingVirtualFileSystem] Handling VFS change REMOVED D:\AndroidStudioProjects\CoordinateProject\gradle\caches\transforms-3\dc9765a2a53f15e20dabb6a750b15034
2024-08-03T10:22:54.577+0700 [DEBUG] [org.gradle.internal.watch.vfs.impl.WatchingVirtualFileSystem] Handling VFS change REMOVED D:\AndroidStudioProjects\CoordinateProject\gradle\caches\transforms-3\dd669157c5b5c06991abd90a49d62d72\results.bin
2024-08-03T10:22:54.578+0700 [DEBUG] [org.gradle.internal.watch.vfs.impl.WatchingVirtualFileSystem] Handling VFS change REMOVED D:\AndroidStudioProjects\CoordinateProject\gradle\caches\transforms-3\deeb23cbeda0e52a80b20e564ced61ec\results.bin
2024-08-03T10:22:54.579+0700 [DEBUG] [org.gradle.internal.watch.vfs.impl.WatchingVirtualFileSystem] Handling VFS change REMOVED D:\AndroidStudioProjects\CoordinateProject\gradle\caches\transforms-3\df4e7d6c451911297ecc03439045d18c\results.bin
2024-08-03T10:22:54.581+0700 [DEBUG] [org.gradle.internal.watch.vfs.impl.WatchingVirtualFileSystem] Handling VFS change REMOVED D:\AndroidStudioProjects\CoordinateProject\gradle\caches\transforms-3\e004e4b0f674e5326f2b4abca4c3354b\results.bin
2024-08-03T10:22:54.582+0700 [DEBUG] [org.gradle.internal.watch.vfs.impl.WatchingVirtualFileSystem] Handling VFS change REMOVED D:\AndroidStudioProjects\CoordinateProject\gradle\caches\transforms-3\e11b9cc700adc887d98f7a5da351e5ee\results.bin
2024-08-03T10:22:54.582+0700 [DEBUG] [org.gradle.internal.watch.vfs.impl.WatchingVirtualFileSystem] Handling VFS change REMOVED D:\AndroidStudioProjects\CoordinateProject\gradle\caches\transforms-3\e17c2dc345e3dbbc97018c13966e1793\results.bin
2024-08-03T10:22:54.583+0700 [DEBUG] [org.gradle.internal.watch.vfs.impl.WatchingVirtualFileSystem] Handling VFS change REMOVED D:\AndroidStudioProjects\CoordinateProject\gradle\caches\transforms-3\e17c2dc345e3dbbc97018c13966e1793\transformed\lifecycle-runtime-ktx-2_6_2-api_jar-snapshot.bin
2024-08-03T10:22:54.583+0700 [DEBUG] [org.gradle.internal.watch.vfs.impl.WatchingVirtualFileSystem] Handling VFS change REMOVED D:\AndroidStudioProjects\CoordinateProject\gradle\caches\transforms-3\e1b93912b88ae93519318a8ffb7a5203\results.bin
2024-08-03T10:22:54.583+0700 [DEBUG] [org.gradle.internal.watch.vfs.impl.WatchingVirtualFileSystem] Handling VFS change REMOVED D:\AndroidStudioProjects\CoordinateProject\gradle\caches\transforms-3\e17c2dc345e3dbbc97018c13966e1793\transformed
2024-08-03T10:22:54.583+0700 [DEBUG] [org.gradle.internal.watch.vfs.impl.WatchingVirtualFileSystem] Handling VFS change REMOVED D:\AndroidStudioProjects\CoordinateProject\gradle\caches\transforms-3\e17c2dc345e3dbbc97018c13966e1793
2024-08-03T10:22:54.583+0700 [DEBUG] [org.gradle.internal.watch.vfs.impl.WatchingVirtualFileSystem] Handling VFS change REMOVED D:\AndroidStudioProjects\CoordinateProject\gradle\caches\transforms-3\e2444a81c55df849eb7eb8f4aa757dfe\results.bin
2024-08-03T10:22:54.584+0700 [DEBUG] [org.gradle.internal.watch.vfs.impl.WatchingVirtualFileSystem] Handling VFS change REMOVED D:\AndroidStudioProjects\CoordinateProject\gradle\caches\transforms-3\e2444a81c55df849eb7eb8f4aa757dfe\transformed\play-services-tasks-18_2_0-api_jar-snapshot.bin
2024-08-03T10:22:54.584+0700 [DEBUG] [org.gradle.internal.watch.vfs.impl.WatchingVirtualFileSystem] Handling VFS change REMOVED D:\AndroidStudioProjects\CoordinateProject\gradle\caches\transforms-3\e2444a81c55df849eb7eb8f4aa757dfe\transformed
2024-08-03T10:22:54.584+0700 [DEBUG] [org.gradle.internal.watch.vfs.impl.WatchingVirtualFileSystem] Handling VFS change REMOVED D:\AndroidStudioProjects\CoordinateProject\gradle\caches\transforms-3\e2444a81c55df849eb7eb8f4aa757dfe
2024-08-03T10:22:54.586+0700 [DEBUG] [org.gradle.internal.watch.vfs.impl.WatchingVirtualFileSystem] Handling VFS change REMOVED D:\AndroidStudioProjects\CoordinateProject\gradle\caches\transforms-3\e2d31911ffe9e7c9410c3288a1e0e608\transformed\fragment-1.7.0\baseline-prof.txt
2024-08-03T10:22:54.587+0700 [DEBUG] [org.gradle.internal.watch.vfs.impl.WatchingVirtualFileSystem] Handling VFS change REMOVED D:\AndroidStudioProjects\CoordinateProject\gradle\caches\transforms-3\e2d31911ffe9e7c9410c3288a1e0e608\transformed\fragment-1.7.0\res\animator\fragment_fade_enter.xml
2024-08-03T10:22:54.587+0700 [DEBUG] [org.gradle.internal.watch.vfs.impl.WatchingVirtualFileSystem] Handling VFS change REMOVED D:\AndroidStudioProjects\CoordinateProject\gradle\caches\transforms-3\e30dc501f79878e5bcb0b2aed594f870\results.bin
2024-08-03T10:22:54.587+0700 [DEBUG] [org.gradle.internal.watch.vfs.impl.WatchingVirtualFileSystem] Handling VFS change REMOVED D:\AndroidStudioProjects\CoordinateProject\gradle\caches\transforms-3\e30dc501f79878e5bcb0b2aed594f870\transformed\kotlin-stdlib-jdk7-1_8_22_jar-snapshot.bin
2024-08-03T10:22:54.587+0700 [DEBUG] [org.gradle.internal.watch.vfs.impl.WatchingVirtualFileSystem] Handling VFS change REMOVED D:\AndroidStudioProjects\CoordinateProject\gradle\caches\transforms-3\e336282712d21579b88c322694c64f7d\results.bin
2024-08-03T10:22:54.587+0700 [DEBUG] [org.gradle.internal.watch.vfs.impl.WatchingVirtualFileSystem] Handling VFS change REMOVED D:\AndroidStudioProjects\CoordinateProject\gradle\caches\transforms-3\e30dc501f79878e5bcb0b2aed594f870\transformed
2024-08-03T10:22:54.588+0700 [DEBUG] [org.gradle.internal.watch.vfs.impl.WatchingVirtualFileSystem] Handling VFS change REMOVED D:\AndroidStudioProjects\CoordinateProject\gradle\caches\transforms-3\e30dc501f79878e5bcb0b2aed594f870
2024-08-03T10:22:54.588+0700 [DEBUG] [org.gradle.internal.watch.vfs.impl.WatchingVirtualFileSystem] Handling VFS change REMOVED D:\AndroidStudioProjects\CoordinateProject\gradle\caches\transforms-3\e336282712d21579b88c322694c64f7d\transformed\com.google.android.material\anim-v21_mtrl_bottom_sheet_slide_out.xml.flat
2024-08-03T10:22:54.588+0700 [DEBUG] [org.gradle.internal.watch.vfs.impl.WatchingVirtualFileSystem] Handling VFS change REMOVED D:\AndroidStudioProjects\CoordinateProject\gradle\caches\transforms-3\e336282712d21579b88c322694c64f7d\transformed\com.google.android.material\anim_design_snackbar_in.xml.flat
2024-08-03T10:22:54.588+0700 [DEBUG] [org.gradle.internal.watch.vfs.impl.WatchingVirtualFileSystem] Handling VFS change REMOVED D:\AndroidStudioProjects\CoordinateProject\gradle\caches\transforms-3\e336282712d21579b88c322694c64f7d\transformed\com.google.android.material\anim_m3_motion_fade_exit.xml.flat
2024-08-03T10:22:54.588+0700 [DEBUG] [org.gradle.internal.watch.vfs.impl.WatchingVirtualFileSystem] Handling VFS change REMOVED D:\AndroidStudioProjects\CoordinateProject\gradle\caches\transforms-3\e336282712d21579b88c322694c64f7d\transformed\com.google.android.material\anim_m3_side_sheet_exit_to_left.xml.flat
2024-08-03T10:22:54.589+0700 [DEBUG] [org.gradle.internal.watch.vfs.impl.WatchingVirtualFileSystem] Handling VFS change REMOVED D:\AndroidStudioProjects\CoordinateProject\gradle\caches\transforms-3\e336282712d21579b88c322694c64f7d\transformed\com.google.android.material\animator_m3_elevated_chip_state_list_anim.xml.flat
2024-08-03T10:22:54.589+0700 [DEBUG] [org.gradle.internal.watch.vfs.impl.WatchingVirtualFileSystem] Handling VFS change REMOVED D:\AndroidStudioProjects\CoordinateProject\gradle\caches\transforms-3\e336282712d21579b88c322694c64f7d\transformed\com.google.android.material\animator_m3_extended_fab_change_size_collapse_motion_spec.xml.flat
2024-08-03T10:22:54.589+0700 [DEBUG] [org.gradle.internal.watch.vfs.impl.WatchingVirtualFileSystem] Handling VFS change REMOVED D:\AndroidStudioProjects\CoordinateProject\gradle\caches\transforms-3\e336282712d21579b88c322694c64f7d\transformed\com.google.android.material\animator_mtrl_btn_unelevated_state_list_anim.xml.flat
2024-08-03T10:22:54.589+0700 [DEBUG] [org.gradle.internal.watch.vfs.impl.WatchingVirtualFileSystem] Handling VFS change REMOVED D:\AndroidStudioProjects\CoordinateProject\gradle\caches\transforms-3\e336282712d21579b88c322694c64f7d\transformed\com.google.android.material\animator_mtrl_extended_fab_hide_motion_spec.xml.flat
2024-08-03T10:22:54.589+0700 [DEBUG] [org.gradle.internal.watch.vfs.impl.WatchingVirtualFileSystem] Handling VFS change REMOVED D:\AndroidStudioProjects\CoordinateProject\gradle\caches\transforms-3\e336282712d21579b88c322694c64f7d\transformed\com.google.android.material\color-v31_m3_dynamic_hint_foreground.xml.flat
2024-08-03T10:22:54.589+0700 [DEBUG] [org.gradle.internal.watch.vfs.impl.WatchingVirtualFileSystem] Handling VFS change REMOVED D:\AndroidStudioProjects\CoordinateProject\gradle\caches\transforms-3\e336282712d21579b88c322694c64f7d\transformed\com.google.android.material\color-v31_m3_ref_palette_dynamic_neutral_variant17.xml.flat
2024-08-03T10:22:54.590+0700 [DEBUG] [org.gradle.internal.watch.vfs.impl.WatchingVirtualFileSystem] Handling VFS change REMOVED D:\AndroidStudioProjects\CoordinateProject\gradle\caches\transforms-3\e336282712d21579b88c322694c64f7d\transformed\com.google.android.material\color-v31_m3_ref_palette_dynamic_neutral_variant24.xml.flat
2024-08-03T10:22:54.590+0700 [DEBUG] [org.gradle.internal.watch.vfs.impl.WatchingVirtualFileSystem] Handling VFS change REMOVED D:\AndroidStudioProjects\CoordinateProject\gradle\caches\transforms-3\e336282712d21579b88c322694c64f7d\transformed\com.google.android.material\color_m3_appbar_overlay_color.xml.flat
2024-08-03T10:22:54.590+0700 [DEBUG] [org.gradle.internal.watch.vfs.impl.WatchingVirtualFileSystem] Handling VFS change REMOVED D:\AndroidStudioProjects\CoordinateProject\gradle\caches\transforms-3\e336282712d21579b88c322694c64f7d\transformed\com.google.android.material\color_m3_dark_hint_foreground.xml.flat
2024-08-03T10:22:54.590+0700 [DEBUG] [org.gradle.internal.watch.vfs.impl.WatchingVirtualFileSystem] Handling VFS change REMOVED D:\AndroidStudioProjects\CoordinateProject\gradle\caches\transforms-3\e336282712d21579b88c322694c64f7d\transformed\com.google.android.material\color_m3_elevated_chip_background_color.xml.flat
2024-08-03T10:22:54.590+0700 [DEBUG] [org.gradle.internal.watch.vfs.impl.WatchingVirtualFileSystem] Handling VFS change REMOVED D:\AndroidStudioProjects\CoordinateProject\gradle\caches\transforms-3\e336282712d21579b88c322694c64f7d\transformed\com.google.android.material\color_m3_navigation_bar_item_with_indicator_label_tint.xml.flat
2024-08-03T10:22:54.591+0700 [DEBUG] [org.gradle.internal.watch.vfs.impl.WatchingVirtualFileSystem] Handling VFS change REMOVED D:\AndroidStudioProjects\CoordinateProject\gradle\caches\transforms-3\e336282712d21579b88c322694c64f7d\transformed\com.google.android.material\color_m3_navigation_item_ripple_color.xml.flat
2024-08-03T10:22:54.591+0700 [DEBUG] [org.gradle.internal.watch.vfs.impl.WatchingVirtualFileSystem] Handling VFS change REMOVED D:\AndroidStudioProjects\CoordinateProject\gradle\caches\transforms-3\e336282712d21579b88c322694c64f7d\transformed\com.google.android.material\color_m3_slider_active_track_color_legacy.xml.flat
2024-08-03T10:22:54.591+0700 [DEBUG] [org.gradle.internal.watch.vfs.impl.WatchingVirtualFileSystem] Handling VFS change REMOVED D:\AndroidStudioProjects\CoordinateProject\gradle\caches\transforms-3\e336282712d21579b88c322694c64f7d\transformed\com.google.android.material\color_m3_slider_thumb_color_legacy.xml.flat
2024-08-03T10:22:54.591+0700 [DEBUG] [org.gradle.internal.watch.vfs.impl.WatchingVirtualFileSystem] Handling VFS change REMOVED D:\AndroidStudioProjects\CoordinateProject\gradle\caches\transforms-3\e336282712d21579b88c322694c64f7d\transformed\com.google.android.material\color_m3_timepicker_display_text_color.xml.flat
2024-08-03T10:22:54.591+0700 [DEBUG] [org.gradle.internal.watch.vfs.impl.WatchingVirtualFileSystem] Handling VFS change REMOVED D:\AndroidStudioProjects\CoordinateProject\gradle\caches\transforms-3\e336282712d21579b88c322694c64f7d\transformed\com.google.android.material\color_m3_timepicker_secondary_text_button_text_color.xml.flat
2024-08-03T10:22:54.591+0700 [DEBUG] [org.gradle.internal.watch.vfs.impl.WatchingVirtualFileSystem] Handling VFS change REMOVED D:\AndroidStudioProjects\CoordinateProject\gradle\caches\transforms-3\e336282712d21579b88c322694c64f7d\transformed\com.google.android.material\color_material_cursor_color.xml.flat
2024-08-03T10:22:54.592+0700 [DEBUG] [org.gradle.internal.watch.vfs.impl.WatchingVirtualFileSystem] Handling VFS change REMOVED D:\AndroidStudioProjects\CoordinateProject\gradle\caches\transforms-3\e336282712d21579b88c322694c64f7d\transformed\com.google.android.material\color_material_personalized_color_primary_text.xml.flat
2024-08-03T10:22:54.592+0700 [DEBUG] [org.gradle.internal.watch.vfs.impl.WatchingVirtualFileSystem] Handling VFS change REMOVED D:\AndroidStudioProjects\CoordinateProject\gradle\caches\transforms-3\e336282712d21579b88c322694c64f7d\transformed\com.google.android.material\color_material_personalized_color_primary_text_inverse.xml.flat
2024-08-03T10:22:54.592+0700 [DEBUG] [org.gradle.internal.watch.vfs.impl.WatchingVirtualFileSystem] Handling VFS change REMOVED D:\AndroidStudioProjects\CoordinateProject\gradle\caches\transforms-3\e336282712d21579b88c322694c64f7d\transformed\com.google.android.material\color_material_personalized_color_secondary_text.xml.flat
2024-08-03T10:22:54.592+0700 [DEBUG] [org.gradle.internal.watch.vfs.impl.WatchingVirtualFileSystem] Handling VFS change REMOVED D:\AndroidStudioProjects\CoordinateProject\gradle\caches\transforms-3\e336282712d21579b88c322694c64f7d\transformed\com.google.android.material\color_material_slider_inactive_tick_marks_color.xml.flat
2024-08-03T10:22:54.592+0700 [DEBUG] [org.gradle.internal.watch.vfs.impl.WatchingVirtualFileSystem] Handling VFS change REMOVED D:\AndroidStudioProjects\CoordinateProject\gradle\caches\transforms-3\e336282712d21579b88c322694c64f7d\transformed\com.google.android.material\color_mtrl_btn_bg_color_selector.xml.flat
2024-08-03T10:22:54.593+0700 [DEBUG] [org.gradle.internal.watch.vfs.impl.WatchingVirtualFileSystem] Handling VFS change REMOVED D:\AndroidStudioProjects\CoordinateProject\gradle\caches\transforms-3\e336282712d21579b88c322694c64f7d\transformed\com.google.android.material\color_mtrl_card_view_ripple.xml.flat
2024-08-03T10:22:54.593+0700 [DEBUG] [org.gradle.internal.watch.vfs.impl.WatchingVirtualFileSystem] Handling VFS change REMOVED D:\AndroidStudioProjects\CoordinateProject\gradle\caches\transforms-3\e336282712d21579b88c322694c64f7d\transformed\com.google.android.material\color_mtrl_choice_chip_text_color.xml.flat
2024-08-03T10:22:54.593+0700 [DEBUG] [org.gradle.internal.watch.vfs.impl.WatchingVirtualFileSystem] Handling VFS change REMOVED D:\AndroidStudioProjects\CoordinateProject\gradle\caches\transforms-3\e336282712d21579b88c322694c64f7d\transformed\com.google.android.material\color_mtrl_filled_stroke_color.xml.flat
2024-08-03T10:22:54.593+0700 [DEBUG] [org.gradle.internal.watch.vfs.impl.WatchingVirtualFileSystem] Handling VFS change REMOVED D:\AndroidStudioProjects\CoordinateProject\gradle\caches\transforms-3\e336282712d21579b88c322694c64f7d\transformed\com.google.android.material\color_mtrl_switch_thumb_tint.xml.flat
2024-08-03T10:22:54.593+0700 [DEBUG] [org.gradle.internal.watch.vfs.impl.WatchingVirtualFileSystem] Handling VFS change REMOVED D:\AndroidStudioProjects\CoordinateProject\gradle\caches\transforms-3\e336282712d21579b88c322694c64f7d\transformed\com.google.android.material\color_mtrl_tabs_legacy_text_color_selector.xml.flat
2024-08-03T10:22:54.594+0700 [DEBUG] [org.gradle.internal.watch.vfs.impl.WatchingVirtualFileSystem] Handling VFS change REMOVED D:\AndroidStudioProjects\CoordinateProject\gradle\caches\transforms-3\e336282712d21579b88c322694c64f7d\transformed\com.google.android.material\color_mtrl_text_btn_text_color_selector.xml.flat
2024-08-03T10:22:54.594+0700 [DEBUG] [org.gradle.internal.watch.vfs.impl.WatchingVirtualFileSystem] Handling VFS change REMOVED D:\AndroidStudioProjects\CoordinateProject\gradle\caches\transforms-3\e336282712d21579b88c322694c64f7d\transformed\com.google.android.material\drawable_design_ic_visibility.xml.flat
2024-08-03T10:22:54.594+0700 [DEBUG] [org.gradle.internal.watch.vfs.impl.WatchingVirtualFileSystem] Handling VFS change REMOVED D:\AndroidStudioProjects\CoordinateProject\gradle\caches\transforms-3\e336282712d21579b88c322694c64f7d\transformed\com.google.android.material\drawable_design_ic_visibility_off.xml.flat
2024-08-03T10:22:54.594+0700 [DEBUG] [org.gradle.internal.watch.vfs.impl.WatchingVirtualFileSystem] Handling VFS change REMOVED D:\AndroidStudioProjects\CoordinateProject\gradle\caches\transforms-3\e336282712d21579b88c322694c64f7d\transformed\com.google.android.material\drawable_ic_clock_black_24dp.xml.flat
2024-08-03T10:22:54.594+0700 [DEBUG] [org.gradle.internal.watch.vfs.impl.WatchingVirtualFileSystem] Handling VFS change REMOVED D:\AndroidStudioProjects\CoordinateProject\gradle\caches\transforms-3\e336282712d21579b88c322694c64f7d\transformed\com.google.android.material\drawable_m3_password_eye.xml.flat
2024-08-03T10:22:54.595+0700 [DEBUG] [org.gradle.internal.watch.vfs.impl.WatchingVirtualFileSystem] Handling VFS change REMOVED D:\AndroidStudioProjects\CoordinateProject\gradle\caches\transforms-3\e336282712d21579b88c322694c64f7d\transformed\com.google.android.material\drawable_m3_tabs_rounded_line_indicator.xml.flat
2024-08-03T10:22:54.595+0700 [DEBUG] [org.gradle.internal.watch.vfs.impl.WatchingVirtualFileSystem] Handling VFS change REMOVED D:\AndroidStudioProjects\CoordinateProject\gradle\caches\transforms-3\e336282712d21579b88c322694c64f7d\transformed\com.google.android.material\drawable_material_ic_clear_black_24dp.xml.flat
2024-08-03T10:22:54.595+0700 [DEBUG] [org.gradle.internal.watch.vfs.impl.WatchingVirtualFileSystem] Handling VFS change REMOVED D:\AndroidStudioProjects\CoordinateProject\gradle\caches\transforms-3\e336282712d21579b88c322694c64f7d\transformed\com.google.android.material\drawable_mtrl_bottomsheet_drag_handle.xml.flat
2024-08-03T10:22:54.595+0700 [DEBUG] [org.gradle.internal.watch.vfs.impl.WatchingVirtualFileSystem] Handling VFS change REMOVED D:\AndroidStudioProjects\CoordinateProject\gradle\caches\transforms-3\e336282712d21579b88c322694c64f7d\transformed\com.google.android.material\drawable_mtrl_checkbox_button_icon.xml.flat
2024-08-03T10:22:54.595+0700 [DEBUG] [org.gradle.internal.watch.vfs.impl.WatchingVirtualFileSystem] Handling VFS change REMOVED D:\AndroidStudioProjects\CoordinateProject\gradle\caches\transforms-3\e336282712d21579b88c322694c64f7d\transformed\com.google.android.material\drawable_mtrl_dropdown_arrow.xml.flat
2024-08-03T10:22:54.596+0700 [DEBUG] [org.gradle.internal.watch.vfs.impl.WatchingVirtualFileSystem] Handling VFS change REMOVED D:\AndroidStudioProjects\CoordinateProject\gradle\caches\transforms-3\e336282712d21579b88c322694c64f7d\transformed\com.google.android.material\drawable_mtrl_switch_thumb_checked_unchecked.xml.flat
2024-08-03T10:22:54.596+0700 [DEBUG] [org.gradle.internal.watch.vfs.impl.WatchingVirtualFileSystem] Handling VFS change REMOVED D:\AndroidStudioProjects\CoordinateProject\gradle\caches\transforms-3\e336282712d21579b88c322694c64f7d\transformed\com.google.android.material\drawable_mtrl_switch_thumb_pressed_unchecked.xml.flat
2024-08-03T10:22:54.596+0700 [DEBUG] [org.gradle.internal.watch.vfs.impl.WatchingVirtualFileSystem] Handling VFS change REMOVED D:\AndroidStudioProjects\CoordinateProject\gradle\caches\transforms-3\e336282712d21579b88c322694c64f7d\transformed\com.google.android.material\interpolator_m3_sys_motion_easing_standard.xml.flat
2024-08-03T10:22:54.596+0700 [DEBUG] [org.gradle.internal.watch.vfs.impl.WatchingVirtualFileSystem] Handling VFS change REMOVED D:\AndroidStudioProjects\CoordinateProject\gradle\caches\transforms-3\e336282712d21579b88c322694c64f7d\transformed\com.google.android.material\interpolator_m3_sys_motion_easing_standard_accelerate.xml.flat
2024-08-03T10:22:54.596+0700 [DEBUG] [org.gradle.internal.watch.vfs.impl.WatchingVirtualFileSystem] Handling VFS change REMOVED D:\AndroidStudioProjects\CoordinateProject\gradle\caches\transforms-3\e336282712d21579b88c322694c64f7d\transformed\com.google.android.material\interpolator_mtrl_fast_out_linear_in.xml.flat
2024-08-03T10:22:54.597+0700 [DEBUG] [org.gradle.internal.watch.vfs.impl.WatchingVirtualFileSystem] Handling VFS change REMOVED D:\AndroidStudioProjects\CoordinateProject\gradle\caches\transforms-3\e336282712d21579b88c322694c64f7d\transformed\com.google.android.material\interpolator_mtrl_linear.xml.flat
2024-08-03T10:22:54.597+0700 [DEBUG] [org.gradle.internal.watch.vfs.impl.WatchingVirtualFileSystem] Handling VFS change REMOVED D:\AndroidStudioProjects\CoordinateProject\gradle\caches\transforms-3\e336282712d21579b88c322694c64f7d\transformed\com.google.android.material\layout-land_material_clock_period_toggle_land.xml.flat
2024-08-03T10:22:54.597+0700 [DEBUG] [org.gradle.internal.watch.vfs.impl.WatchingVirtualFileSystem] Handling VFS change REMOVED D:\AndroidStudioProjects\CoordinateProject\gradle\caches\transforms-3\e336282712d21579b88c322694c64f7d\transformed\com.google.android.material\layout-sw600dp-v13_mtrl_layout_snackbar.xml.flat
2024-08-03T10:22:54.597+0700 [DEBUG] [org.gradle.internal.watch.vfs.impl.WatchingVirtualFileSystem] Handling VFS change REMOVED D:\AndroidStudioProjects\CoordinateProject\gradle\caches\transforms-3\e336282712d21579b88c322694c64f7d\transformed\com.google.android.material\layout_design_navigation_item_header.xml.flat
2024-08-03T10:22:54.597+0700 [DEBUG] [org.gradle.internal.watch.vfs.impl.WatchingVirtualFileSystem] Handling VFS change REMOVED D:\AndroidStudioProjects\CoordinateProject\gradle\caches\transforms-3\e336282712d21579b88c322694c64f7d\transformed\com.google.android.material\layout_design_navigation_item_separator.xml.flat
2024-08-03T10:22:54.597+0700 [DEBUG] [org.gradle.internal.watch.vfs.impl.WatchingVirtualFileSystem] Handling VFS change REMOVED D:\AndroidStudioProjects\CoordinateProject\gradle\caches\transforms-3\e336282712d21579b88c322694c64f7d\transformed\com.google.android.material\layout_design_navigation_item_subheader.xml.flat
2024-08-03T10:22:54.598+0700 [DEBUG] [org.gradle.internal.watch.vfs.impl.WatchingVirtualFileSystem] Handling VFS change REMOVED D:\AndroidStudioProjects\CoordinateProject\gradle\caches\transforms-3\e336282712d21579b88c322694c64f7d\transformed\com.google.android.material\layout_material_clock_display_divider.xml.flat
2024-08-03T10:22:54.598+0700 [DEBUG] [org.gradle.internal.watch.vfs.impl.WatchingVirtualFileSystem] Handling VFS change REMOVED D:\AndroidStudioProjects\CoordinateProject\gradle\caches\transforms-3\e336282712d21579b88c322694c64f7d\transformed\com.google.android.material\layout_mtrl_alert_dialog_title.xml.flat
2024-08-03T10:22:54.598+0700 [DEBUG] [org.gradle.internal.watch.vfs.impl.WatchingVirtualFileSystem] Handling VFS change REMOVED D:\AndroidStudioProjects\CoordinateProject\gradle\caches\transforms-3\e336282712d21579b88c322694c64f7d\transformed\com.google.android.material\layout_mtrl_calendar_month_navigation.xml.flat
2024-08-03T10:22:54.598+0700 [DEBUG] [org.gradle.internal.watch.vfs.impl.WatchingVirtualFileSystem] Handling VFS change REMOVED D:\AndroidStudioProjects\CoordinateProject\gradle\caches\transforms-3\e336282712d21579b88c322694c64f7d\transformed\com.google.android.material\layout_mtrl_picker_header_dialog.xml.flat
2024-08-03T10:22:54.598+0700 [DEBUG] [org.gradle.internal.watch.vfs.impl.WatchingVirtualFileSystem] Handling VFS change REMOVED D:\AndroidStudioProjects\CoordinateProject\gradle\caches\transforms-3\e336282712d21579b88c322694c64f7d\transformed\com.google.android.material\layout_mtrl_picker_text_input_date_range.xml.flat
2024-08-03T10:22:54.599+0700 [DEBUG] [org.gradle.internal.watch.vfs.impl.WatchingVirtualFileSystem] Handling VFS change REMOVED D:\AndroidStudioProjects\CoordinateProject\gradle\caches\transforms-3\e41f35c840911569e1eb8434a8c39cd7\results.bin
2024-08-03T10:22:54.599+0700 [DEBUG] [org.gradle.internal.watch.vfs.impl.WatchingVirtualFileSystem] Handling VFS change REMOVED D:\AndroidStudioProjects\CoordinateProject\gradle\caches\transforms-3\e41f35c840911569e1eb8434a8c39cd7\transformed\kotlin-stdlib-common-1_8_22_jar-snapshot.bin
2024-08-03T10:22:54.599+0700 [DEBUG] [org.gradle.internal.watch.vfs.impl.WatchingVirtualFileSystem] Handling VFS change REMOVED D:\AndroidStudioProjects\CoordinateProject\gradle\caches\transforms-3\e41f35c840911569e1eb8434a8c39cd7\transformed
2024-08-03T10:22:54.599+0700 [DEBUG] [org.gradle.internal.watch.vfs.impl.WatchingVirtualFileSystem] Handling VFS change REMOVED D:\AndroidStudioProjects\CoordinateProject\gradle\caches\transforms-3\e41f35c840911569e1eb8434a8c39cd7
2024-08-03T10:22:54.600+0700 [DEBUG] [org.gradle.internal.watch.vfs.impl.WatchingVirtualFileSystem] Handling VFS change REMOVED D:\AndroidStudioProjects\CoordinateProject\gradle\caches\transforms-3\e59afe8b157e94aca92cee6d43d0ffa3\results.bin
2024-08-03T10:22:54.600+0700 [DEBUG] [org.gradle.internal.watch.vfs.impl.WatchingVirtualFileSystem] Handling VFS change REMOVED D:\AndroidStudioProjects\CoordinateProject\gradle\caches\transforms-3\e59e6d004663d2edf992944fcd5ae9ba\results.bin
2024-08-03T10:22:54.600+0700 [DEBUG] [org.gradle.internal.watch.vfs.impl.WatchingVirtualFileSystem] Handling VFS change REMOVED D:\AndroidStudioProjects\CoordinateProject\gradle\caches\transforms-3\e5fbf2b0e4682be6d46b87b6f79a31ee\results.bin
2024-08-03T10:22:54.601+0700 [DEBUG] [org.gradle.internal.watch.vfs.impl.WatchingVirtualFileSystem] Handling VFS change REMOVED D:\AndroidStudioProjects\CoordinateProject\gradle\caches\transforms-3\e5fbf2b0e4682be6d46b87b6f79a31ee\transformed\kotlinx-coroutines-android-1_6_4_jar-snapshot.bin
2024-08-03T10:22:54.601+0700 [DEBUG] [org.gradle.internal.watch.vfs.impl.WatchingVirtualFileSystem] Handling VFS change REMOVED D:\AndroidStudioProjects\CoordinateProject\gradle\caches\transforms-3\e5fbf2b0e4682be6d46b87b6f79a31ee\transformed
2024-08-03T10:22:54.601+0700 [DEBUG] [org.gradle.internal.watch.vfs.impl.WatchingVirtualFileSystem] Handling VFS change REMOVED D:\AndroidStudioProjects\CoordinateProject\gradle\caches\transforms-3\e5fbf2b0e4682be6d46b87b6f79a31ee
2024-08-03T10:22:54.602+0700 [DEBUG] [org.gradle.internal.watch.vfs.impl.WatchingVirtualFileSystem] Handling VFS change REMOVED D:\AndroidStudioProjects\CoordinateProject\gradle\caches\transforms-3\e7dd40a569466c5f33deb6b2f7a75ed9\results.bin
2024-08-03T10:22:54.602+0700 [DEBUG] [org.gradle.internal.watch.vfs.impl.WatchingVirtualFileSystem] Handling VFS change REMOVED D:\AndroidStudioProjects\CoordinateProject\gradle\caches\transforms-3\e85cd96fb9e784a23c3226a88f7a346f\transformed\recyclerview-1.3.2\public.txt
2024-08-03T10:22:54.604+0700 [DEBUG] [org.gradle.internal.watch.vfs.impl.WatchingVirtualFileSystem] Handling VFS change REMOVED D:\AndroidStudioProjects\CoordinateProject\gradle\caches\transforms-3\e97ebb8ab960c352f43cdef84d5f13e0\results.bin
2024-08-03T10:22:54.604+0700 [DEBUG] [org.gradle.internal.watch.vfs.impl.WatchingVirtualFileSystem] Handling VFS change REMOVED D:\AndroidStudioProjects\CoordinateProject\gradle\caches\transforms-3\e982c55eb777f9b0badb6f8165e1f72a\results.bin
2024-08-03T10:22:54.605+0700 [DEBUG] [org.gradle.internal.watch.vfs.impl.WatchingVirtualFileSystem] Handling VFS change REMOVED D:\AndroidStudioProjects\CoordinateProject\gradle\caches\transforms-3\e982c55eb777f9b0badb6f8165e1f72a\transformed\customview-1_1_0-api_jar-snapshot.bin
2024-08-03T10:22:54.605+0700 [DEBUG] [org.gradle.internal.watch.vfs.impl.WatchingVirtualFileSystem] Handling VFS change REMOVED D:\AndroidStudioProjects\CoordinateProject\gradle\caches\transforms-3\e982c55eb777f9b0badb6f8165e1f72a\transformed
2024-08-03T10:22:54.605+0700 [DEBUG] [org.gradle.internal.watch.vfs.impl.WatchingVirtualFileSystem] Handling VFS change REMOVED D:\AndroidStudioProjects\CoordinateProject\gradle\caches\transforms-3\e982c55eb777f9b0badb6f8165e1f72a
2024-08-03T10:22:54.607+0700 [DEBUG] [org.gradle.internal.watch.vfs.impl.WatchingVirtualFileSystem] Handling VFS change REMOVED D:\AndroidStudioProjects\CoordinateProject\gradle\caches\transforms-3\eb55514677c535609f9c16e76d3c1c07\transformed\androidx.vectordrawable.animated-r.txt
2024-08-03T10:22:54.608+0700 [DEBUG] [org.gradle.internal.watch.vfs.impl.WatchingVirtualFileSystem] Handling VFS change REMOVED D:\AndroidStudioProjects\CoordinateProject\gradle\caches\transforms-3\eb55514677c535609f9c16e76d3c1c07\transformed
2024-08-03T10:22:54.609+0700 [DEBUG] [org.gradle.internal.watch.vfs.impl.WatchingVirtualFileSystem] Handling VFS change REMOVED D:\AndroidStudioProjects\CoordinateProject\gradle\caches\transforms-3\ec3d322d2c1c1259e416afbd9f1258e1\results.bin
2024-08-03T10:22:54.609+0700 [DEBUG] [org.gradle.internal.watch.vfs.impl.WatchingVirtualFileSystem] Handling VFS change REMOVED D:\AndroidStudioProjects\CoordinateProject\gradle\caches\transforms-3\ec4fcd0181aa2e5c6da7178a8e6833e9\results.bin
2024-08-03T10:22:54.610+0700 [DEBUG] [org.gradle.internal.watch.vfs.impl.WatchingVirtualFileSystem] Handling VFS change REMOVED D:\AndroidStudioProjects\CoordinateProject\gradle\caches\transforms-3\ee5171468347c3e8ded646486a0f57a9\results.bin
2024-08-03T10:22:54.612+0700 [DEBUG] [org.gradle.internal.watch.vfs.impl.WatchingVirtualFileSystem] Handling VFS change REMOVED D:\AndroidStudioProjects\CoordinateProject\gradle\caches\transforms-3\ef8aa58275d304f85245acab374d855c\transformed\listenablefuture-1.0
2024-08-03T10:22:54.612+0700 [DEBUG] [org.gradle.internal.watch.vfs.impl.WatchingVirtualFileSystem] Handling VFS change REMOVED D:\AndroidStudioProjects\CoordinateProject\gradle\caches\transforms-3\f122ac390adbb6e64327149d5f141168\results.bin
2024-08-03T10:22:54.612+0700 [DEBUG] [org.gradle.internal.watch.vfs.impl.WatchingVirtualFileSystem] Handling VFS change REMOVED D:\AndroidStudioProjects\CoordinateProject\gradle\caches\transforms-3\ef8aa58275d304f85245acab374d855c\transformed
2024-08-03T10:22:54.613+0700 [DEBUG] [org.gradle.internal.watch.vfs.impl.WatchingVirtualFileSystem] Handling VFS change REMOVED D:\AndroidStudioProjects\CoordinateProject\gradle\caches\transforms-3\f1c553ff9bfedeb1a31594cb90f44bff\results.bin
2024-08-03T10:22:54.614+0700 [DEBUG] [org.gradle.internal.watch.vfs.impl.WatchingVirtualFileSystem] Handling VFS change REMOVED D:\AndroidStudioProjects\CoordinateProject\gradle\caches\transforms-3\f414a52fc6215ca3fc57d516408b5672\transformed\maps-ktx-3.2.1\R.txt
2024-08-03T10:22:54.615+0700 [DEBUG] [org.gradle.internal.watch.vfs.impl.WatchingVirtualFileSystem] Handling VFS change REMOVED D:\AndroidStudioProjects\CoordinateProject\gradle\caches\transforms-3\f49e451114b8707d2c3f17c26db6b4a8\results.bin
2024-08-03T10:22:54.616+0700 [DEBUG] [org.gradle.internal.watch.vfs.impl.WatchingVirtualFileSystem] Handling VFS change REMOVED D:\AndroidStudioProjects\CoordinateProject\gradle\caches\transforms-3\f49e451114b8707d2c3f17c26db6b4a8\transformed\appcompat-1_6_1-api_jar-snapshot.bin
2024-08-03T10:22:54.616+0700 [DEBUG] [org.gradle.internal.watch.vfs.impl.WatchingVirtualFileSystem] Handling VFS change REMOVED D:\AndroidStudioProjects\CoordinateProject\gradle\caches\transforms-3\f54f8245105a851daa9538fb79144a6a\results.bin
2024-08-03T10:22:54.616+0700 [DEBUG] [org.gradle.internal.watch.vfs.impl.WatchingVirtualFileSystem] Handling VFS change REMOVED D:\AndroidStudioProjects\CoordinateProject\gradle\caches\transforms-3\f49e451114b8707d2c3f17c26db6b4a8\transformed
2024-08-03T10:22:54.616+0700 [DEBUG] [org.gradle.internal.watch.vfs.impl.WatchingVirtualFileSystem] Handling VFS change REMOVED D:\AndroidStudioProjects\CoordinateProject\gradle\caches\transforms-3\f49e451114b8707d2c3f17c26db6b4a8
2024-08-03T10:22:54.616+0700 [DEBUG] [org.gradle.internal.watch.vfs.impl.WatchingVirtualFileSystem] Handling VFS change REMOVED D:\AndroidStudioProjects\CoordinateProject\gradle\caches\transforms-3\f55f50d8c23989a4e099822165c5e44b\results.bin
2024-08-03T10:22:54.617+0700 [DEBUG] [org.gradle.internal.watch.vfs.impl.WatchingVirtualFileSystem] Handling VFS change REMOVED D:\AndroidStudioProjects\CoordinateProject\gradle\caches\transforms-3\f5c81031dd58c1ff2a38f3a555de716f\results.bin
2024-08-03T10:22:54.618+0700 [DEBUG] [org.gradle.internal.watch.vfs.impl.WatchingVirtualFileSystem] Handling VFS change REMOVED D:\AndroidStudioProjects\CoordinateProject\gradle\caches\transforms-3\f5d2552a62eb34328411f44c3634d54e\results.bin
2024-08-03T10:22:54.620+0700 [DEBUG] [org.gradle.internal.watch.vfs.impl.WatchingVirtualFileSystem] Handling VFS change REMOVED D:\AndroidStudioProjects\CoordinateProject\gradle\caches\transforms-3\f73d8f2d909e156279c3b1ae0e8e397c\results.bin
2024-08-03T10:22:54.621+0700 [DEBUG] [org.gradle.internal.watch.vfs.impl.WatchingVirtualFileSystem] Handling VFS change REMOVED D:\AndroidStudioProjects\CoordinateProject\gradle\caches\transforms-3\f80bc3737b9b0fb6cf8ef1bd68e3e3bd\results.bin
2024-08-03T10:22:54.621+0700 [DEBUG] [org.gradle.internal.watch.vfs.impl.WatchingVirtualFileSystem] Handling VFS change REMOVED D:\AndroidStudioProjects\CoordinateProject\gradle\caches\transforms-3\f80bc3737b9b0fb6cf8ef1bd68e3e3bd\transformed\lifecycle-livedata-core-2_6_2-api_jar-snapshot.bin
2024-08-03T10:22:54.622+0700 [DEBUG] [org.gradle.internal.watch.vfs.impl.WatchingVirtualFileSystem] Handling VFS change REMOVED D:\AndroidStudioProjects\CoordinateProject\gradle\caches\transforms-3\f80bc3737b9b0fb6cf8ef1bd68e3e3bd\transformed
2024-08-03T10:22:54.622+0700 [DEBUG] [org.gradle.internal.watch.vfs.impl.WatchingVirtualFileSystem] Handling VFS change REMOVED D:\AndroidStudioProjects\CoordinateProject\gradle\caches\transforms-3\f80bc3737b9b0fb6cf8ef1bd68e3e3bd
2024-08-03T10:22:54.622+0700 [DEBUG] [org.gradle.internal.watch.vfs.impl.WatchingVirtualFileSystem] Handling VFS change REMOVED D:\AndroidStudioProjects\CoordinateProject\gradle\caches\transforms-3\f87d3ee14b5ec19f9ce5253a3e4966e1\transformed\androidx.lifecycle.process-r.txt
2024-08-03T10:22:54.623+0700 [DEBUG] [org.gradle.internal.watch.vfs.impl.WatchingVirtualFileSystem] Handling VFS change REMOVED D:\AndroidStudioProjects\CoordinateProject\gradle\caches\transforms-3\f87d3ee14b5ec19f9ce5253a3e4966e1\transformed
2024-08-03T10:22:54.624+0700 [DEBUG] [org.gradle.internal.watch.vfs.impl.WatchingVirtualFileSystem] Handling VFS change REMOVED D:\AndroidStudioProjects\CoordinateProject\gradle\caches\transforms-3\f9644eac22f3bde12c01cead76718033\results.bin
2024-08-03T10:22:54.625+0700 [DEBUG] [org.gradle.internal.watch.vfs.impl.WatchingVirtualFileSystem] Handling VFS change REMOVED D:\AndroidStudioProjects\CoordinateProject\gradle\caches\transforms-3\fb01de7c44163d9a571ccb2281f7a886\transformed\customview-poolingcontainer-1.0.0\AndroidManifest.xml
2024-08-03T10:22:54.627+0700 [DEBUG] [org.gradle.internal.watch.vfs.impl.WatchingVirtualFileSystem] Handling VFS change REMOVED D:\AndroidStudioProjects\CoordinateProject\gradle\caches\transforms-3\fd49f98efca012664fc9242dfbb868d0\results.bin
2024-08-03T10:22:54.628+0700 [DEBUG] [org.gradle.internal.watch.vfs.impl.WatchingVirtualFileSystem] Handling VFS change REMOVED D:\AndroidStudioProjects\CoordinateProject\gradle\caches\transforms-3\fdb10a868b543d03c6b9168f78f716d0\transformed\play-services-basement-18.4.0\res\values-el\values.xml
2024-08-03T10:22:54.628+0700 [DEBUG] [org.gradle.internal.watch.vfs.impl.WatchingVirtualFileSystem] Handling VFS change REMOVED D:\AndroidStudioProjects\CoordinateProject\gradle\caches\transforms-3\fdb10a868b543d03c6b9168f78f716d0\transformed\play-services-basement-18.4.0\res\values-et\values.xml
2024-08-03T10:22:54.628+0700 [DEBUG] [org.gradle.internal.watch.vfs.impl.WatchingVirtualFileSystem] Handling VFS change REMOVED D:\AndroidStudioProjects\CoordinateProject\gradle\caches\transforms-3\fdb10a868b543d03c6b9168f78f716d0\transformed\play-services-basement-18.4.0\res\values-el
2024-08-03T10:22:54.629+0700 [DEBUG] [org.gradle.internal.watch.vfs.impl.WatchingVirtualFileSystem] Handling VFS change REMOVED D:\AndroidStudioProjects\CoordinateProject\gradle\caches\transforms-3\fdb10a868b543d03c6b9168f78f716d0\transformed\play-services-basement-18.4.0\res\values-fr-rCA\values.xml
2024-08-03T10:22:54.629+0700 [DEBUG] [org.gradle.internal.watch.vfs.impl.WatchingVirtualFileSystem] Handling VFS change REMOVED D:\AndroidStudioProjects\CoordinateProject\gradle\caches\transforms-3\fdb10a868b543d03c6b9168f78f716d0\transformed\play-services-basement-18.4.0\res\values-et
2024-08-03T10:22:54.629+0700 [DEBUG] [org.gradle.internal.watch.vfs.impl.WatchingVirtualFileSystem] Handling VFS change REMOVED D:\AndroidStudioProjects\CoordinateProject\gradle\caches\transforms-3\fdb10a868b543d03c6b9168f78f716d0\transformed\play-services-basement-18.4.0\res\values-hr\values.xml
2024-08-03T10:22:54.629+0700 [DEBUG] [org.gradle.internal.watch.vfs.impl.WatchingVirtualFileSystem] Handling VFS change REMOVED D:\AndroidStudioProjects\CoordinateProject\gradle\caches\transforms-3\fdb10a868b543d03c6b9168f78f716d0\transformed\play-services-basement-18.4.0\res\values-fr-rCA
2024-08-03T10:22:54.629+0700 [DEBUG] [org.gradle.internal.watch.vfs.impl.WatchingVirtualFileSystem] Handling VFS change REMOVED D:\AndroidStudioProjects\CoordinateProject\gradle\caches\transforms-3\fdb10a868b543d03c6b9168f78f716d0\transformed\play-services-basement-18.4.0\res\values-hu\values.xml
2024-08-03T10:22:54.630+0700 [DEBUG] [org.gradle.internal.watch.vfs.impl.WatchingVirtualFileSystem] Handling VFS change REMOVED D:\AndroidStudioProjects\CoordinateProject\gradle\caches\transforms-3\fdb10a868b543d03c6b9168f78f716d0\transformed\play-services-basement-18.4.0\res\values-hr
2024-08-03T10:22:54.630+0700 [DEBUG] [org.gradle.internal.watch.vfs.impl.WatchingVirtualFileSystem] Handling VFS change REMOVED D:\AndroidStudioProjects\CoordinateProject\gradle\caches\transforms-3\fdb10a868b543d03c6b9168f78f716d0\transformed\play-services-basement-18.4.0\res\values-is\values.xml
2024-08-03T10:22:54.630+0700 [DEBUG] [org.gradle.internal.watch.vfs.impl.WatchingVirtualFileSystem] Handling VFS change REMOVED D:\AndroidStudioProjects\CoordinateProject\gradle\caches\transforms-3\fdb10a868b543d03c6b9168f78f716d0\transformed\play-services-basement-18.4.0\res\values-hu
2024-08-03T10:22:54.630+0700 [DEBUG] [org.gradle.internal.watch.vfs.impl.WatchingVirtualFileSystem] Handling VFS change REMOVED D:\AndroidStudioProjects\CoordinateProject\gradle\caches\transforms-3\fdb10a868b543d03c6b9168f78f716d0\transformed\play-services-basement-18.4.0\res\values-km\values.xml
2024-08-03T10:22:54.630+0700 [DEBUG] [org.gradle.internal.watch.vfs.impl.WatchingVirtualFileSystem] Handling VFS change REMOVED D:\AndroidStudioProjects\CoordinateProject\gradle\caches\transforms-3\fdb10a868b543d03c6b9168f78f716d0\transformed\play-services-basement-18.4.0\res\values-is
2024-08-03T10:22:54.630+0700 [DEBUG] [org.gradle.internal.watch.vfs.impl.WatchingVirtualFileSystem] Handling VFS change REMOVED D:\AndroidStudioProjects\CoordinateProject\gradle\caches\transforms-3\fdb10a868b543d03c6b9168f78f716d0\transformed\play-services-basement-18.4.0\res\values-lv\values.xml
2024-08-03T10:22:54.631+0700 [DEBUG] [org.gradle.internal.watch.vfs.impl.WatchingVirtualFileSystem] Handling VFS change REMOVED D:\AndroidStudioProjects\CoordinateProject\gradle\caches\transforms-3\fdb10a868b543d03c6b9168f78f716d0\transformed\play-services-basement-18.4.0\res\values-km
2024-08-03T10:22:54.631+0700 [DEBUG] [org.gradle.internal.watch.vfs.impl.WatchingVirtualFileSystem] Handling VFS change REMOVED D:\AndroidStudioProjects\CoordinateProject\gradle\caches\transforms-3\fdb10a868b543d03c6b9168f78f716d0\transformed\play-services-basement-18.4.0\res\values-uz\values.xml
2024-08-03T10:22:54.631+0700 [DEBUG] [org.gradle.internal.watch.vfs.impl.WatchingVirtualFileSystem] Handling VFS change REMOVED D:\AndroidStudioProjects\CoordinateProject\gradle\caches\transforms-3\fdb10a868b543d03c6b9168f78f716d0\transformed\play-services-basement-18.4.0\res\values-lv
2024-08-03T10:22:54.631+0700 [DEBUG] [org.gradle.internal.watch.vfs.impl.WatchingVirtualFileSystem] Handling VFS change REMOVED D:\AndroidStudioProjects\CoordinateProject\gradle\caches\transforms-3\fdb10a868b543d03c6b9168f78f716d0\transformed\play-services-basement-18.4.0\res\values-zh-rHK\values.xml
2024-08-03T10:22:54.631+0700 [DEBUG] [org.gradle.internal.watch.vfs.impl.WatchingVirtualFileSystem] Handling VFS change REMOVED D:\AndroidStudioProjects\CoordinateProject\gradle\caches\transforms-3\fdb10a868b543d03c6b9168f78f716d0\transformed\play-services-basement-18.4.0\res\values-uz
2024-08-03T10:22:54.632+0700 [DEBUG] [org.gradle.internal.watch.vfs.impl.WatchingVirtualFileSystem] Handling VFS change REMOVED D:\AndroidStudioProjects\CoordinateProject\gradle\caches\transforms-3\fdb10a868b543d03c6b9168f78f716d0\transformed\play-services-basement-18.4.0\res\values-zh-rHK
2024-08-03T10:22:54.632+0700 [DEBUG] [org.gradle.internal.watch.vfs.impl.WatchingVirtualFileSystem] Handling VFS change REMOVED D:\AndroidStudioProjects\CoordinateProject\gradle\caches\transforms-3\fe87e14bff1d941fab6ca12ca06425fc\results.bin
2024-08-03T10:22:54.633+0700 [DEBUG] [org.gradle.internal.watch.vfs.impl.WatchingVirtualFileSystem] Handling VFS change REMOVED D:\AndroidStudioProjects\CoordinateProject\gradle\caches\transforms-3\fea7229ee8853fd317b12c4cc03447ee\results.bin
2024-08-03T10:22:54.633+0700 [DEBUG] [org.gradle.internal.watch.vfs.impl.WatchingVirtualFileSystem] Handling VFS change REMOVED D:\AndroidStudioProjects\CoordinateProject\gradle\caches\transforms-3\fea7229ee8853fd317b12c4cc03447ee\transformed\fragment-1_7_0-api_jar-snapshot.bin
2024-08-03T10:22:54.633+0700 [DEBUG] [org.gradle.internal.watch.vfs.impl.WatchingVirtualFileSystem] Handling VFS change REMOVED D:\AndroidStudioProjects\CoordinateProject\gradle\caches\transforms-3\fea7229ee8853fd317b12c4cc03447ee\transformed
2024-08-03T10:22:54.634+0700 [DEBUG] [org.gradle.internal.watch.vfs.impl.WatchingVirtualFileSystem] Handling VFS change REMOVED D:\AndroidStudioProjects\CoordinateProject\gradle\caches\transforms-3\fea7229ee8853fd317b12c4cc03447ee
2024-08-03T10:22:54.646+0700 [DEBUG] [org.gradle.internal.watch.vfs.impl.WatchingVirtualFileSystem] Handling VFS change REMOVED D:\AndroidStudioProjects\CoordinateProject\gradle\caches\transforms-3\fee22b2b63e83ee14896ecf0f7758fc8\results.bin
2024-08-03T10:22:54.647+0700 [DEBUG] [org.gradle.internal.watch.vfs.impl.WatchingVirtualFileSystem] Handling VFS change REMOVED D:\AndroidStudioProjects\CoordinateProject\gradle\caches\transforms-3\fef01027b5b5aa83b038e3fbfd7027ce\results.bin
2024-08-03T10:22:54.647+0700 [DEBUG] [org.gradle.internal.watch.vfs.impl.WatchingVirtualFileSystem] Handling VFS change REMOVED D:\AndroidStudioProjects\CoordinateProject\gradle\caches\transforms-3\ffa4d8a9c1ff0924d91b06f917127d20\transformed\play-services-maps-19.0.0-runtime\classes.dex
2024-08-03T10:22:54.648+0700 [DEBUG] [org.gradle.internal.watch.vfs.impl.WatchingVirtualFileSystem] Handling VFS change REMOVED D:\AndroidStudioProjects\CoordinateProject\gradle\caches\transforms-3\ffc542439a2e0a58ba61b0b059cda31a\results.bin
2024-08-03T10:22:54.648+0700 [DEBUG] [org.gradle.internal.watch.vfs.impl.WatchingVirtualFileSystem] Handling VFS change REMOVED D:\AndroidStudioProjects\CoordinateProject\gradle\caches\transforms-3\ffa4d8a9c1ff0924d91b06f917127d20\transformed\play-services-maps-19.0.0-runtime
2024-08-03T10:22:54.648+0700 [DEBUG] [org.gradle.internal.watch.vfs.impl.WatchingVirtualFileSystem] Handling VFS change REMOVED D:\AndroidStudioProjects\CoordinateProject\gradle\caches\transforms-3\ffa4d8a9c1ff0924d91b06f917127d20\transformed
2024-08-03T10:22:57.364+0700 [DEBUG] [org.gradle.internal.watch.vfs.impl.WatchingVirtualFileSystem] Handling VFS change REMOVED D:\AndroidStudioProjects\CoordinateProject\app\src\main\AndroidManifest.xml
2024-08-03T10:22:57.365+0700 [DEBUG] [org.gradle.internal.watch.vfs.impl.WatchingVirtualFileSystem] Handling VFS change REMOVED D:\AndroidStudioProjects\CoordinateProject\app\src\main\java\com\example\coordinateproject\ShipDataAdapter.kt
2024-08-03T10:22:57.369+0700 [DEBUG] [org.gradle.internal.watch.vfs.impl.WatchingVirtualFileSystem] Handling VFS change REMOVED D:\AndroidStudioProjects\CoordinateProject\app\src\main\java\com\example\coordinateproject\response\APIService.kt
2024-08-03T10:22:57.370+0700 [DEBUG] [org.gradle.internal.watch.vfs.impl.WatchingVirtualFileSystem] Handling VFS change REMOVED D:\AndroidStudioProjects\CoordinateProject\app\src\main\res\layout\fragment_ship.xml
2024-08-03T10:23:00.734+0700 [DEBUG] [org.gradle.cache.internal.DefaultFileLockManager] Waiting to acquire shared lock on daemon addresses registry.
2024-08-03T10:23:00.734+0700 [DEBUG] [org.gradle.cache.internal.DefaultFileLockManager] Lock acquired on daemon addresses registry.
2024-08-03T10:23:00.735+0700 [DEBUG] [org.gradle.cache.internal.DefaultFileLockManager] Releasing lock on daemon addresses registry.
2024-08-03T10:23:00.736+0700 [DEBUG] [org.gradle.cache.internal.DefaultFileLockManager] Waiting to acquire shared lock on daemon addresses registry.
2024-08-03T10:23:00.736+0700 [DEBUG] [org.gradle.cache.internal.DefaultFileLockManager] Lock acquired on daemon addresses registry.
2024-08-03T10:23:00.736+0700 [DEBUG] [org.gradle.cache.internal.DefaultFileLockManager] Releasing lock on daemon addresses registry.
2024-08-03T10:23:00.737+0700 [DEBUG] [org.gradle.cache.internal.DefaultFileLockManager] Waiting to acquire shared lock on daemon addresses registry.
2024-08-03T10:23:00.737+0700 [DEBUG] [org.gradle.cache.internal.DefaultFileLockManager] Lock acquired on daemon addresses registry.
2024-08-03T10:23:00.737+0700 [DEBUG] [org.gradle.cache.internal.DefaultFileLockManager] Releasing lock on daemon addresses registry.
2024-08-03T10:23:10.736+0700 [DEBUG] [org.gradle.cache.internal.DefaultFileLockManager] Waiting to acquire shared lock on daemon addresses registry.
2024-08-03T10:23:10.736+0700 [DEBUG] [org.gradle.cache.internal.DefaultFileLockManager] Lock acquired on daemon addresses registry.
2024-08-03T10:23:10.736+0700 [DEBUG] [org.gradle.cache.internal.DefaultFileLockManager] Releasing lock on daemon addresses registry.
2024-08-03T10:23:10.737+0700 [DEBUG] [org.gradle.cache.internal.DefaultFileLockManager] Waiting to acquire shared lock on daemon addresses registry.
2024-08-03T10:23:10.738+0700 [DEBUG] [org.gradle.cache.internal.DefaultFileLockManager] Lock acquired on daemon addresses registry.
2024-08-03T10:23:10.738+0700 [DEBUG] [org.gradle.cache.internal.DefaultFileLockManager] Releasing lock on daemon addresses registry.
2024-08-03T10:23:10.738+0700 [DEBUG] [org.gradle.cache.internal.DefaultFileLockManager] Waiting to acquire shared lock on daemon addresses registry.
2024-08-03T10:23:10.738+0700 [DEBUG] [org.gradle.cache.internal.DefaultFileLockManager] Lock acquired on daemon addresses registry.
2024-08-03T10:23:10.739+0700 [DEBUG] [org.gradle.cache.internal.DefaultFileLockManager] Releasing lock on daemon addresses registry.
2024-08-03T10:23:20.735+0700 [DEBUG] [org.gradle.cache.internal.DefaultFileLockManager] Waiting to acquire shared lock on daemon addresses registry.
2024-08-03T10:23:20.735+0700 [DEBUG] [org.gradle.cache.internal.DefaultFileLockManager] Lock acquired on daemon addresses registry.
2024-08-03T10:23:20.735+0700 [DEBUG] [org.gradle.cache.internal.DefaultFileLockManager] Releasing lock on daemon addresses registry.
2024-08-03T10:23:20.736+0700 [DEBUG] [org.gradle.cache.internal.DefaultFileLockManager] Waiting to acquire shared lock on daemon addresses registry.
2024-08-03T10:23:20.737+0700 [DEBUG] [org.gradle.cache.internal.DefaultFileLockManager] Lock acquired on daemon addresses registry.
2024-08-03T10:23:20.737+0700 [DEBUG] [org.gradle.cache.internal.DefaultFileLockManager] Releasing lock on daemon addresses registry.
2024-08-03T10:23:20.738+0700 [DEBUG] [org.gradle.cache.internal.DefaultFileLockManager] Waiting to acquire shared lock on daemon addresses registry.
2024-08-03T10:23:20.738+0700 [DEBUG] [org.gradle.cache.internal.DefaultFileLockManager] Lock acquired on daemon addresses registry.
2024-08-03T10:23:20.738+0700 [DEBUG] [org.gradle.cache.internal.DefaultFileLockManager] Releasing lock on daemon addresses registry.
2024-08-03T10:23:30.736+0700 [DEBUG] [org.gradle.cache.internal.DefaultFileLockManager] Waiting to acquire shared lock on daemon addresses registry.
2024-08-03T10:23:30.736+0700 [DEBUG] [org.gradle.cache.internal.DefaultFileLockManager] Lock acquired on daemon addresses registry.
2024-08-03T10:23:30.736+0700 [DEBUG] [org.gradle.cache.internal.DefaultFileLockManager] Releasing lock on daemon addresses registry.
2024-08-03T10:23:30.737+0700 [DEBUG] [org.gradle.cache.internal.DefaultFileLockManager] Waiting to acquire shared lock on daemon addresses registry.
2024-08-03T10:23:30.738+0700 [DEBUG] [org.gradle.cache.internal.DefaultFileLockManager] Lock acquired on daemon addresses registry.
2024-08-03T10:23:30.738+0700 [DEBUG] [org.gradle.cache.internal.DefaultFileLockManager] Releasing lock on daemon addresses registry.
2024-08-03T10:23:30.739+0700 [DEBUG] [org.gradle.cache.internal.DefaultFileLockManager] Waiting to acquire shared lock on daemon addresses registry.
2024-08-03T10:23:30.739+0700 [DEBUG] [org.gradle.cache.internal.DefaultFileLockManager] Lock acquired on daemon addresses registry.
2024-08-03T10:23:30.740+0700 [DEBUG] [org.gradle.cache.internal.DefaultFileLockManager] Releasing lock on daemon addresses registry.
2024-08-03T10:23:40.735+0700 [DEBUG] [org.gradle.cache.internal.DefaultFileLockManager] Waiting to acquire shared lock on daemon addresses registry.
2024-08-03T10:23:40.735+0700 [DEBUG] [org.gradle.cache.internal.DefaultFileLockManager] Lock acquired on daemon addresses registry.
2024-08-03T10:23:40.735+0700 [DEBUG] [org.gradle.cache.internal.DefaultFileLockManager] Releasing lock on daemon addresses registry.
2024-08-03T10:23:40.737+0700 [DEBUG] [org.gradle.cache.internal.DefaultFileLockManager] Waiting to acquire shared lock on daemon addresses registry.
2024-08-03T10:23:40.737+0700 [DEBUG] [org.gradle.cache.internal.DefaultFileLockManager] Lock acquired on daemon addresses registry.
2024-08-03T10:23:40.737+0700 [DEBUG] [org.gradle.cache.internal.DefaultFileLockManager] Releasing lock on daemon addresses registry.
2024-08-03T10:23:40.738+0700 [DEBUG] [org.gradle.cache.internal.DefaultFileLockManager] Waiting to acquire shared lock on daemon addresses registry.
2024-08-03T10:23:40.738+0700 [DEBUG] [org.gradle.cache.internal.DefaultFileLockManager] Lock acquired on daemon addresses registry.
2024-08-03T10:23:40.738+0700 [DEBUG] [org.gradle.cache.internal.DefaultFileLockManager] Releasing lock on daemon addresses registry.
2024-08-03T10:23:50.735+0700 [DEBUG] [org.gradle.cache.internal.DefaultFileLockManager] Waiting to acquire shared lock on daemon addresses registry.
2024-08-03T10:23:50.735+0700 [DEBUG] [org.gradle.cache.internal.DefaultFileLockManager] Lock acquired on daemon addresses registry.
2024-08-03T10:23:50.736+0700 [DEBUG] [org.gradle.cache.internal.DefaultFileLockManager] Releasing lock on daemon addresses registry.
2024-08-03T10:23:50.737+0700 [DEBUG] [org.gradle.cache.internal.DefaultFileLockManager] Waiting to acquire shared lock on daemon addresses registry.
2024-08-03T10:23:50.737+0700 [DEBUG] [org.gradle.cache.internal.DefaultFileLockManager] Lock acquired on daemon addresses registry.
2024-08-03T10:23:50.737+0700 [DEBUG] [org.gradle.cache.internal.DefaultFileLockManager] Releasing lock on daemon addresses registry.
2024-08-03T10:23:50.738+0700 [DEBUG] [org.gradle.cache.internal.DefaultFileLockManager] Waiting to acquire shared lock on daemon addresses registry.
2024-08-03T10:23:50.738+0700 [DEBUG] [org.gradle.cache.internal.DefaultFileLockManager] Lock acquired on daemon addresses registry.
2024-08-03T10:23:50.739+0700 [DEBUG] [org.gradle.cache.internal.DefaultFileLockManager] Releasing lock on daemon addresses registry.
2024-08-03T10:24:00.735+0700 [DEBUG] [org.gradle.cache.internal.DefaultFileLockManager] Waiting to acquire shared lock on daemon addresses registry.
2024-08-03T10:24:00.735+0700 [DEBUG] [org.gradle.cache.internal.DefaultFileLockManager] Lock acquired on daemon addresses registry.
2024-08-03T10:24:00.735+0700 [DEBUG] [org.gradle.cache.internal.DefaultFileLockManager] Releasing lock on daemon addresses registry.
2024-08-03T10:24:00.736+0700 [DEBUG] [org.gradle.cache.internal.DefaultFileLockManager] Waiting to acquire shared lock on daemon addresses registry.
2024-08-03T10:24:00.736+0700 [DEBUG] [org.gradle.cache.internal.DefaultFileLockManager] Lock acquired on daemon addresses registry.
2024-08-03T10:24:00.736+0700 [DEBUG] [org.gradle.cache.internal.DefaultFileLockManager] Releasing lock on daemon addresses registry.
2024-08-03T10:24:00.736+0700 [DEBUG] [org.gradle.cache.internal.DefaultFileLockManager] Waiting to acquire shared lock on daemon addresses registry.
2024-08-03T10:24:00.737+0700 [DEBUG] [org.gradle.cache.internal.DefaultFileLockManager] Lock acquired on daemon addresses registry.
2024-08-03T10:24:00.737+0700 [DEBUG] [org.gradle.cache.internal.DefaultFileLockManager] Releasing lock on daemon addresses registry.
2024-08-03T10:24:10.735+0700 [DEBUG] [org.gradle.cache.internal.DefaultFileLockManager] Waiting to acquire shared lock on daemon addresses registry.
2024-08-03T10:24:10.735+0700 [DEBUG] [org.gradle.cache.internal.DefaultFileLockManager] Lock acquired on daemon addresses registry.
2024-08-03T10:24:10.735+0700 [DEBUG] [org.gradle.cache.internal.DefaultFileLockManager] Releasing lock on daemon addresses registry.
2024-08-03T10:24:10.736+0700 [DEBUG] [org.gradle.cache.internal.DefaultFileLockManager] Waiting to acquire shared lock on daemon addresses registry.
2024-08-03T10:24:10.736+0700 [DEBUG] [org.gradle.cache.internal.DefaultFileLockManager] Lock acquired on daemon addresses registry.
2024-08-03T10:24:10.736+0700 [DEBUG] [org.gradle.cache.internal.DefaultFileLockManager] Releasing lock on daemon addresses registry.
2024-08-03T10:24:10.736+0700 [DEBUG] [org.gradle.cache.internal.DefaultFileLockManager] Waiting to acquire shared lock on daemon addresses registry.
2024-08-03T10:24:10.736+0700 [DEBUG] [org.gradle.cache.internal.DefaultFileLockManager] Lock acquired on daemon addresses registry.
2024-08-03T10:24:10.737+0700 [DEBUG] [org.gradle.cache.internal.DefaultFileLockManager] Releasing lock on daemon addresses registry.
2024-08-03T10:24:20.736+0700 [DEBUG] [org.gradle.cache.internal.DefaultFileLockManager] Waiting to acquire shared lock on daemon addresses registry.
2024-08-03T10:24:20.736+0700 [DEBUG] [org.gradle.cache.internal.DefaultFileLockManager] Lock acquired on daemon addresses registry.
2024-08-03T10:24:20.737+0700 [DEBUG] [org.gradle.cache.internal.DefaultFileLockManager] Releasing lock on daemon addresses registry.
2024-08-03T10:24:20.738+0700 [DEBUG] [org.gradle.cache.internal.DefaultFileLockManager] Waiting to acquire shared lock on daemon addresses registry.
2024-08-03T10:24:20.738+0700 [DEBUG] [org.gradle.cache.internal.DefaultFileLockManager] Lock acquired on daemon addresses registry.
2024-08-03T10:24:20.738+0700 [DEBUG] [org.gradle.cache.internal.DefaultFileLockManager] Releasing lock on daemon addresses registry.
2024-08-03T10:24:20.739+0700 [DEBUG] [org.gradle.cache.internal.DefaultFileLockManager] Waiting to acquire shared lock on daemon addresses registry.
2024-08-03T10:24:20.739+0700 [DEBUG] [org.gradle.cache.internal.DefaultFileLockManager] Lock acquired on daemon addresses registry.
2024-08-03T10:24:20.739+0700 [DEBUG] [org.gradle.cache.internal.DefaultFileLockManager] Releasing lock on daemon addresses registry.
2024-08-03T10:24:30.736+0700 [DEBUG] [org.gradle.cache.internal.DefaultFileLockManager] Waiting to acquire shared lock on daemon addresses registry.
2024-08-03T10:24:30.736+0700 [DEBUG] [org.gradle.cache.internal.DefaultFileLockManager] Lock acquired on daemon addresses registry.
2024-08-03T10:24:30.736+0700 [DEBUG] [org.gradle.cache.internal.DefaultFileLockManager] Releasing lock on daemon addresses registry.
2024-08-03T10:24:30.737+0700 [DEBUG] [org.gradle.cache.internal.DefaultFileLockManager] Waiting to acquire shared lock on daemon addresses registry.
2024-08-03T10:24:30.737+0700 [DEBUG] [org.gradle.cache.internal.DefaultFileLockManager] Lock acquired on daemon addresses registry.
2024-08-03T10:24:30.738+0700 [DEBUG] [org.gradle.cache.internal.DefaultFileLockManager] Releasing lock on daemon addresses registry.
2024-08-03T10:24:30.738+0700 [DEBUG] [org.gradle.cache.internal.DefaultFileLockManager] Waiting to acquire shared lock on daemon addresses registry.
2024-08-03T10:24:30.738+0700 [DEBUG] [org.gradle.cache.internal.DefaultFileLockManager] Lock acquired on daemon addresses registry.
2024-08-03T10:24:30.738+0700 [DEBUG] [org.gradle.cache.internal.DefaultFileLockManager] Releasing lock on daemon addresses registry.
2024-08-03T10:24:40.735+0700 [DEBUG] [org.gradle.cache.internal.DefaultFileLockManager] Waiting to acquire shared lock on daemon addresses registry.
2024-08-03T10:24:40.735+0700 [DEBUG] [org.gradle.cache.internal.DefaultFileLockManager] Lock acquired on daemon addresses registry.
2024-08-03T10:24:40.736+0700 [DEBUG] [org.gradle.cache.internal.DefaultFileLockManager] Releasing lock on daemon addresses registry.
2024-08-03T10:24:40.737+0700 [DEBUG] [org.gradle.cache.internal.DefaultFileLockManager] Waiting to acquire shared lock on daemon addresses registry.
2024-08-03T10:24:40.737+0700 [DEBUG] [org.gradle.cache.internal.DefaultFileLockManager] Lock acquired on daemon addresses registry.
2024-08-03T10:24:40.737+0700 [DEBUG] [org.gradle.cache.internal.DefaultFileLockManager] Releasing lock on daemon addresses registry.
2024-08-03T10:24:40.738+0700 [DEBUG] [org.gradle.cache.internal.DefaultFileLockManager] Waiting to acquire shared lock on daemon addresses registry.
2024-08-03T10:24:40.738+0700 [DEBUG] [org.gradle.cache.internal.DefaultFileLockManager] Lock acquired on daemon addresses registry.
2024-08-03T10:24:40.738+0700 [DEBUG] [org.gradle.cache.internal.DefaultFileLockManager] Releasing lock on daemon addresses registry.
2024-08-03T10:24:50.736+0700 [DEBUG] [org.gradle.cache.internal.DefaultFileLockManager] Waiting to acquire shared lock on daemon addresses registry.
2024-08-03T10:24:50.736+0700 [DEBUG] [org.gradle.cache.internal.DefaultFileLockManager] Lock acquired on daemon addresses registry.
2024-08-03T10:24:50.736+0700 [DEBUG] [org.gradle.cache.internal.DefaultFileLockManager] Releasing lock on daemon addresses registry.
2024-08-03T10:24:50.737+0700 [DEBUG] [org.gradle.cache.internal.DefaultFileLockManager] Waiting to acquire shared lock on daemon addresses registry.
2024-08-03T10:24:50.737+0700 [DEBUG] [org.gradle.cache.internal.DefaultFileLockManager] Lock acquired on daemon addresses registry.
2024-08-03T10:24:50.738+0700 [DEBUG] [org.gradle.cache.internal.DefaultFileLockManager] Releasing lock on daemon addresses registry.
2024-08-03T10:24:50.738+0700 [DEBUG] [org.gradle.cache.internal.DefaultFileLockManager] Waiting to acquire shared lock on daemon addresses registry.
2024-08-03T10:24:50.738+0700 [DEBUG] [org.gradle.cache.internal.DefaultFileLockManager] Lock acquired on daemon addresses registry.
2024-08-03T10:24:50.738+0700 [DEBUG] [org.gradle.cache.internal.DefaultFileLockManager] Releasing lock on daemon addresses registry.
2024-08-03T10:25:00.735+0700 [DEBUG] [org.gradle.cache.internal.DefaultFileLockManager] Waiting to acquire shared lock on daemon addresses registry.
2024-08-03T10:25:00.735+0700 [DEBUG] [org.gradle.cache.internal.DefaultFileLockManager] Lock acquired on daemon addresses registry.
2024-08-03T10:25:00.735+0700 [DEBUG] [org.gradle.cache.internal.DefaultFileLockManager] Releasing lock on daemon addresses registry.
2024-08-03T10:25:00.736+0700 [DEBUG] [org.gradle.cache.internal.DefaultFileLockManager] Waiting to acquire shared lock on daemon addresses registry.
2024-08-03T10:25:00.736+0700 [DEBUG] [org.gradle.cache.internal.DefaultFileLockManager] Lock acquired on daemon addresses registry.
2024-08-03T10:25:00.736+0700 [DEBUG] [org.gradle.cache.internal.DefaultFileLockManager] Releasing lock on daemon addresses registry.
2024-08-03T10:25:00.736+0700 [DEBUG] [org.gradle.cache.internal.DefaultFileLockManager] Waiting to acquire shared lock on daemon addresses registry.
2024-08-03T10:25:00.736+0700 [DEBUG] [org.gradle.cache.internal.DefaultFileLockManager] Lock acquired on daemon addresses registry.
2024-08-03T10:25:00.737+0700 [DEBUG] [org.gradle.cache.internal.DefaultFileLockManager] Releasing lock on daemon addresses registry.
2024-08-03T10:25:10.736+0700 [DEBUG] [org.gradle.cache.internal.DefaultFileLockManager] Waiting to acquire shared lock on daemon addresses registry.
2024-08-03T10:25:10.736+0700 [DEBUG] [org.gradle.cache.internal.DefaultFileLockManager] Lock acquired on daemon addresses registry.
2024-08-03T10:25:10.736+0700 [DEBUG] [org.gradle.cache.internal.DefaultFileLockManager] Releasing lock on daemon addresses registry.
2024-08-03T10:25:10.737+0700 [DEBUG] [org.gradle.cache.internal.DefaultFileLockManager] Waiting to acquire shared lock on daemon addresses registry.
2024-08-03T10:25:10.737+0700 [DEBUG] [org.gradle.cache.internal.DefaultFileLockManager] Lock acquired on daemon addresses registry.
2024-08-03T10:25:10.737+0700 [DEBUG] [org.gradle.cache.internal.DefaultFileLockManager] Releasing lock on daemon addresses registry.
2024-08-03T10:25:10.738+0700 [DEBUG] [org.gradle.cache.internal.DefaultFileLockManager] Waiting to acquire shared lock on daemon addresses registry.
2024-08-03T10:25:10.738+0700 [DEBUG] [org.gradle.cache.internal.DefaultFileLockManager] Lock acquired on daemon addresses registry.
2024-08-03T10:25:10.739+0700 [DEBUG] [org.gradle.cache.internal.DefaultFileLockManager] Releasing lock on daemon addresses registry.
2024-08-03T10:25:20.737+0700 [DEBUG] [org.gradle.cache.internal.DefaultFileLockManager] Waiting to acquire shared lock on daemon addresses registry.
2024-08-03T10:25:20.737+0700 [DEBUG] [org.gradle.cache.internal.DefaultFileLockManager] Lock acquired on daemon addresses registry.
2024-08-03T10:25:20.737+0700 [DEBUG] [org.gradle.cache.internal.DefaultFileLockManager] Releasing lock on daemon addresses registry.
2024-08-03T10:25:20.738+0700 [DEBUG] [org.gradle.cache.internal.DefaultFileLockManager] Waiting to acquire shared lock on daemon addresses registry.
2024-08-03T10:25:20.738+0700 [DEBUG] [org.gradle.cache.internal.DefaultFileLockManager] Lock acquired on daemon addresses registry.
2024-08-03T10:25:20.738+0700 [DEBUG] [org.gradle.cache.internal.DefaultFileLockManager] Releasing lock on daemon addresses registry.
2024-08-03T10:25:20.739+0700 [DEBUG] [org.gradle.cache.internal.DefaultFileLockManager] Waiting to acquire shared lock on daemon addresses registry.
2024-08-03T10:25:20.739+0700 [DEBUG] [org.gradle.cache.internal.DefaultFileLockManager] Lock acquired on daemon addresses registry.
2024-08-03T10:25:20.740+0700 [DEBUG] [org.gradle.cache.internal.DefaultFileLockManager] Releasing lock on daemon addresses registry.
2024-08-03T10:25:30.736+0700 [DEBUG] [org.gradle.cache.internal.DefaultFileLockManager] Waiting to acquire shared lock on daemon addresses registry.
2024-08-03T10:25:30.736+0700 [DEBUG] [org.gradle.cache.internal.DefaultFileLockManager] Lock acquired on daemon addresses registry.
2024-08-03T10:25:30.736+0700 [DEBUG] [org.gradle.cache.internal.DefaultFileLockManager] Releasing lock on daemon addresses registry.
2024-08-03T10:25:30.737+0700 [DEBUG] [org.gradle.cache.internal.DefaultFileLockManager] Waiting to acquire shared lock on daemon addresses registry.
2024-08-03T10:25:30.737+0700 [DEBUG] [org.gradle.cache.internal.DefaultFileLockManager] Lock acquired on daemon addresses registry.
2024-08-03T10:25:30.737+0700 [DEBUG] [org.gradle.cache.internal.DefaultFileLockManager] Releasing lock on daemon addresses registry.
2024-08-03T10:25:30.738+0700 [DEBUG] [org.gradle.cache.internal.DefaultFileLockManager] Waiting to acquire shared lock on daemon addresses registry.
2024-08-03T10:25:30.738+0700 [DEBUG] [org.gradle.cache.internal.DefaultFileLockManager] Lock acquired on daemon addresses registry.
2024-08-03T10:25:30.738+0700 [DEBUG] [org.gradle.cache.internal.DefaultFileLockManager] Releasing lock on daemon addresses registry.
2024-08-03T10:25:40.735+0700 [DEBUG] [org.gradle.cache.internal.DefaultFileLockManager] Waiting to acquire shared lock on daemon addresses registry.
2024-08-03T10:25:40.736+0700 [DEBUG] [org.gradle.cache.internal.DefaultFileLockManager] Lock acquired on daemon addresses registry.
2024-08-03T10:25:40.736+0700 [DEBUG] [org.gradle.cache.internal.DefaultFileLockManager] Releasing lock on daemon addresses registry.
2024-08-03T10:25:40.737+0700 [DEBUG] [org.gradle.cache.internal.DefaultFileLockManager] Waiting to acquire shared lock on daemon addresses registry.
2024-08-03T10:25:40.737+0700 [DEBUG] [org.gradle.cache.internal.DefaultFileLockManager] Lock acquired on daemon addresses registry.
2024-08-03T10:25:40.737+0700 [DEBUG] [org.gradle.cache.internal.DefaultFileLockManager] Releasing lock on daemon addresses registry.
2024-08-03T10:25:40.737+0700 [DEBUG] [org.gradle.cache.internal.DefaultFileLockManager] Waiting to acquire shared lock on daemon addresses registry.
2024-08-03T10:25:40.737+0700 [DEBUG] [org.gradle.cache.internal.DefaultFileLockManager] Lock acquired on daemon addresses registry.
2024-08-03T10:25:40.738+0700 [DEBUG] [org.gradle.cache.internal.DefaultFileLockManager] Releasing lock on daemon addresses registry.
2024-08-03T10:25:50.736+0700 [DEBUG] [org.gradle.cache.internal.DefaultFileLockManager] Waiting to acquire shared lock on daemon addresses registry.
2024-08-03T10:25:50.736+0700 [DEBUG] [org.gradle.cache.internal.DefaultFileLockManager] Lock acquired on daemon addresses registry.
2024-08-03T10:25:50.737+0700 [DEBUG] [org.gradle.cache.internal.DefaultFileLockManager] Releasing lock on daemon addresses registry.
2024-08-03T10:25:50.738+0700 [DEBUG] [org.gradle.cache.internal.DefaultFileLockManager] Waiting to acquire shared lock on daemon addresses registry.
2024-08-03T10:25:50.738+0700 [DEBUG] [org.gradle.cache.internal.DefaultFileLockManager] Lock acquired on daemon addresses registry.
2024-08-03T10:25:50.738+0700 [DEBUG] [org.gradle.cache.internal.DefaultFileLockManager] Releasing lock on daemon addresses registry.
2024-08-03T10:25:50.739+0700 [DEBUG] [org.gradle.cache.internal.DefaultFileLockManager] Waiting to acquire shared lock on daemon addresses registry.
2024-08-03T10:25:50.739+0700 [DEBUG] [org.gradle.cache.internal.DefaultFileLockManager] Lock acquired on daemon addresses registry.
2024-08-03T10:25:50.739+0700 [DEBUG] [org.gradle.cache.internal.DefaultFileLockManager] Releasing lock on daemon addresses registry.
